record_id,project_id,state_ut,district,sub_district,village,village_lgd_code,project_type,applicable_act,land_required_hectares,parcel_count,land_owner_count,affected_families,displaced_families,objections_count,hearings_count,court_case_count,compensation_assessed_inr,compensation_disbursed_inr,compensation_pending_inr,rr_assessed_inr,rr_disbursed_inr,land_record_digitization_rate,current_stage,estimated_duration_days,delay_risk_score,delayed_flag,data_provenance,synthetic_note
SYN-ACQ-00001,SYN-PROJ-00001,CHHATTISGARH,Sarangarh-Bilaigarh,Sariya,Bijepur (Chintamani Path),435588.0,Power Transmission,Railways Act 1989,47.65,85,167,78,6,33,21,0,220959900,202479800,18480100,15283500,10881400,0.5562,R&R,432,0.2496,0,SYNTHETIC_DEMO,Prototype-only synthetic acquisition record linked to a real Survey of India village boundary; not a government acquisition record.
SYN-ACQ-00002,SYN-PROJ-00002,CHHATTISGARH,Korba,Poundi-Uproda,Lalpur,435970.0,Power Transmission,Other applicable statute,46.27,204,128,24,7,27,11,0,416090700,195445900,220644800,10767100,7827600,0.9713,Award,635,0.3312,0,SYNTHETIC_DEMO,Prototype-only synthetic acquisition record linked to a real Survey of India village boundary; not a government acquisition record.
SYN-ACQ-00003,SYN-PROJ-00003,CHHATTISGARH,Durg,Patan,Darbar Mokhli,442707.0,Railway,National Highways Act 1956,27.6,163,175,40,28,47,39,2,317303100,101687900,215615100,13125400,8869400,0.7153,Completed,865,0.4691,0,SYNTHETIC_DEMO,Prototype-only synthetic acquisition record linked to a real Survey of India village boundary; not a government acquisition record.
SYN-ACQ-00004,SYN-PROJ-00004,CHHATTISGARH,Sakti,Sakti,Arjuni,436986.0,Railway,National Highways Act 1956,5.25,163,68,29,20,22,10,1,45877800,25238000,20639800,7592800,4074000,0.9426,Compensation,737,0.3035,0,SYNTHETIC_DEMO,Prototype-only synthetic acquisition record linked to a real Survey of India village boundary; not a government acquisition record.
SYN-ACQ-00005,SYN-PROJ-00005,CHHATTISGARH,Korba,Katghora,Amarpur,435856.0,Irrigation,Railways Act 1989,46.56,80,175,36,30,52,39,0,426419700,426419700,0,18705600,16580200,0.9269,Objection/Hearing,247,0.0286,0,SYNTHETIC_DEMO,Prototype-only synthetic acquisition record linked to a real Survey of India village boundary; not a government acquisition record.
SYN-ACQ-00006,SYN-PROJ-00006,CHHATTISGARH,Mahasamund,Bagbahra,Thakuripali,446703.0,Railway,Railways Act 1989,28.27,159,102,3,3,23,13,1,307750500,259949700,47800800,2515900,1201500,0.7961,Possession,294,0.0677,0,SYNTHETIC_DEMO,Prototype-only synthetic acquisition record linked to a real Survey of India village boundary; not a government acquisition record.
SYN-ACQ-00007,SYN-PROJ-00007,CHHATTISGARH,Kondagaon,Makdi,Deodongar,448880.0,Industrial Corridor,Other applicable statute,40.34,191,151,25,25,48,30,3,242967600,185782800,57184700,21332500,18138500,0.7237,GIS Verification,545,0.2621,0,SYNTHETIC_DEMO,Prototype-only synthetic acquisition record linked to a real Survey of India village boundary; not a government acquisition record.
SYN-ACQ-00008,SYN-PROJ-00008,CHHATTISGARH,Bilaspur,Masturi,Jairam Nagar,438840.0,Power Transmission,Other applicable statute,11.58,205,158,18,6,39,37,1,149823600,149823600,0,11610800,9995500,0.6392,Completed,509,0.2778,0,SYNTHETIC_DEMO,Prototype-only synthetic acquisition record linked to a real Survey of India village boundary; not a government acquisition record.
SYN-ACQ-00009,SYN-PROJ-00009,CHHATTISGARH,Balodabazar-Bhatapara,Palari,Dhorabhatha,443979.0,Irrigation,Railways Act 1989,13.61,72,149,4,4,45,44,5,162080100,94921800,67158300,1241600,441600,0.6657,Compensation,370,0.1985,0,SYNTHETIC_DEMO,Prototype-only synthetic acquisition record linked to a real Survey of India village boundary; not a government acquisition record.
SYN-ACQ-00010,SYN-PROJ-00010,CHHATTISGARH,Jashpur,Sanna,FOREST,51.0,Power Transmission,RFCTLARR Act 2013,2.71,21,54,20,20,14,11,0,18504000,17077800,1426200,17994700,7510100,0.7735,Objection/Hearing,400,0.1405,0,SYNTHETIC_DEMO,Prototype-only synthetic acquisition record linked to a real Survey of India village boundary; not a government acquisition record.
SYN-ACQ-00011,SYN-PROJ-00011,CHHATTISGARH,Mahasamund,Basna,Kudaribahra Tukda Bhagat,445820.0,Irrigation,RFCTLARR Act 2013,50.06,31,179,53,17,13,11,0,413701500,242983600,170717900,17830000,13621700,0.9731,R&R,796,0.2407,0,SYNTHETIC_DEMO,Prototype-only synthetic acquisition record linked to a real Survey of India village boundary; not a government acquisition record.
SYN-ACQ-00012,SYN-PROJ-00012,CHHATTISGARH,Manendragarh-Chirmiri-Bharatpur (MCB),Khadganva,Chopan,431810.0,National Highway,Other applicable statute,1.83,145,152,43,1,46,44,2,24094600,24094600,0,36125100,25220400,0.896,Completed,274,0.0856,0,SYNTHETIC_DEMO,Prototype-only synthetic acquisition record linked to a real Survey of India village boundary; not a government acquisition record.
SYN-ACQ-00013,SYN-PROJ-00013,CHHATTISGARH,Balod,Gunderdehi,Madiapar,442863.0,Urban Infrastructure,RFCTLARR Act 2013,66.92,210,125,12,12,41,19,1,140216800,67677900,72538800,6217100,1511100,0.6585,Award,500,0.269,0,SYNTHETIC_DEMO,Prototype-only synthetic acquisition record linked to a real Survey of India village boundary; not a government acquisition record.
SYN-ACQ-00014,SYN-PROJ-00014,CHHATTISGARH,Raigarh,Mukdega,Sonajori,434595.0,Urban Infrastructure,RFCTLARR Act 2013,42.51,218,27,13,13,7,3,0,256741200,191230700,65510500,2111500,1937500,0.998,Completed,447,0.1555,0,SYNTHETIC_DEMO,Prototype-only synthetic acquisition record linked to a real Survey of India village boundary; not a government acquisition record.
SYN-ACQ-00015,SYN-PROJ-00015,CHHATTISGARH,Mohla-Manpur-Ambagarh Chouki,Ambagarh Chouki,Tate Kasa,441692.0,Irrigation,RFCTLARR Act 2013,5.71,69,5,2,2,0,0,0,24134400,10618200,13516100,619000,619000,0.6243,Objection/Hearing,505,0.3533,0,SYNTHETIC_DEMO,Prototype-only synthetic acquisition record linked to a real Survey of India village boundary; not a government acquisition record.
SYN-ACQ-00016,SYN-PROJ-00016,CHHATTISGARH,Raipur,Arang,Amsena,444445.0,Power Transmission,Railways Act 1989,28.7,204,117,5,5,34,14,7,95503900,49859000,45644900,920000,345400,0.9451,Possession,529,0.2418,0,SYNTHETIC_DEMO,Prototype-only synthetic acquisition record linked to a real Survey of India village boundary; not a government acquisition record.
SYN-ACQ-00017,SYN-PROJ-00017,CHHATTISGARH,Uttar Bastar Kanker,Aamabeda,Semargaon,448162.0,National Highway,National Highways Act 1956,65.9,37,80,34,16,27,11,2,318731700,200862600,117869100,15548000,14741700,0.6562,Notification,710,0.5564,1,SYNTHETIC_DEMO,Prototype-only synthetic acquisition record linked to a real Survey of India village boundary; not a government acquisition record.
SYN-ACQ-00018,SYN-PROJ-00018,CHHATTISGARH,Dakshin Bastar Dantewada,Gidam,Badepaneda,450173.0,Urban Infrastructure,Other applicable statute,8.98,78,82,1,1,13,6,1,23650500,19043600,4607000,644800,312300,0.8192,Objection/Hearing,398,0.1106,0,SYNTHETIC_DEMO,Prototype-only synthetic acquisition record linked to a real Survey of India village boundary; not a government acquisition record.
SYN-ACQ-00019,SYN-PROJ-00019,CHHATTISGARH,Dhamtari,Dhamtari,Kandel,447059.0,Irrigation,Other applicable statute,32.93,19,53,7,7,14,12,0,107569800,52256600,55313300,5072700,3036400,0.6773,Notification,476,0.341,0,SYNTHETIC_DEMO,Prototype-only synthetic acquisition record linked to a real Survey of India village boundary; not a government acquisition record.
SYN-ACQ-00020,SYN-PROJ-00020,CHHATTISGARH,Surguja,Lundra,Sapda,433350.0,Urban Infrastructure,Railways Act 1989,18.39,148,19,1,1,6,5,0,68189800,65036900,3152800,886700,719400,0.9017,Compensation,485,0.0977,0,SYNTHETIC_DEMO,Prototype-only synthetic acquisition record linked to a real Survey of India village boundary; not a government acquisition record.
SYN-ACQ-00021,SYN-PROJ-00021,CHHATTISGARH,Korba,Barpali,Gitari,436431.0,Urban Infrastructure,National Highways Act 1956,25.57,134,77,6,6,3,1,0,269587700,101358400,168229300,2212700,864600,0.9326,Notification,536,0.2192,0,SYNTHETIC_DEMO,Prototype-only synthetic acquisition record linked to a real Survey of India village boundary; not a government acquisition record.
SYN-ACQ-00022,SYN-PROJ-00022,CHHATTISGARH,Durg,Durg,Bhothli,442627.0,Railway,Railways Act 1989,29.27,120,78,17,17,11,8,1,151829300,115390300,36439000,6168000,3111000,0.8944,Completed,432,0.1736,0,SYNTHETIC_DEMO,Prototype-only synthetic acquisition record linked to a real Survey of India village boundary; not a government acquisition record.
SYN-ACQ-00023,SYN-PROJ-00023,CHHATTISGARH,Bilaspur,Beltara,Baima,438747.0,Irrigation,Other applicable statute,68.41,69,160,66,27,52,35,11,357820400,153135900,204684600,22991700,10923300,0.9579,Award,444,0.231,0,SYNTHETIC_DEMO,Prototype-only synthetic acquisition record linked to a real Survey of India village boundary; not a government acquisition record.
SYN-ACQ-00024,SYN-PROJ-00024,CHHATTISGARH,Sarangarh-Bilaigarh,Sariya,Naughata,435578.0,Urban Infrastructure,National Highways Act 1956,72.3,201,159,67,18,21,10,0,434863800,329553400,105310400,55318900,49907500,0.5959,Possession,220,0.1131,0,SYNTHETIC_DEMO,Prototype-only synthetic acquisition record linked to a real Survey of India village boundary; not a government acquisition record.
SYN-ACQ-00025,SYN-PROJ-00025,CHHATTISGARH,Balrampur-Ramanujganj,Shankargarh,Lalitpur,432441.0,Industrial Corridor,Other applicable statute,2.27,108,35,10,10,9,7,0,28292800,19159100,9133700,4411300,2846500,0.8822,Completed,664,0.3314,0,SYNTHETIC_DEMO,Prototype-only synthetic acquisition record linked to a real Survey of India village boundary; not a government acquisition record.
SYN-ACQ-00026,SYN-PROJ-00026,CHHATTISGARH,Dhamtari,Nagri,Bhiragaon,447263.0,Irrigation,Railways Act 1989,22.12,27,53,27,11,26,20,3,82108300,56513500,25594800,10037700,4191400,0.9043,Compensation,540,0.2901,0,SYNTHETIC_DEMO,Prototype-only synthetic acquisition record linked to a real Survey of India village boundary; not a government acquisition record.
SYN-ACQ-00027,SYN-PROJ-00027,CHHATTISGARH,Balrampur-Ramanujganj,Raghunathnagar,Madna,432112.0,Railway,RFCTLARR Act 2013,7.72,144,102,3,3,3,1,1,78482700,42791000,35691700,2456100,1360100,0.6793,Proposal,357,0.222,0,SYNTHETIC_DEMO,Prototype-only synthetic acquisition record linked to a real Survey of India village boundary; not a government acquisition record.
SYN-ACQ-00028,SYN-PROJ-00028,CHHATTISGARH,Bilaspur,Kota,Changori,438012.0,National Highway,Other applicable statute,56.37,186,66,20,20,21,16,1,156312400,127107700,29204700,11116600,6024400,0.6406,Objection/Hearing,537,0.363,0,SYNTHETIC_DEMO,Prototype-only synthetic acquisition record linked to a real Survey of India village boundary; not a government acquisition record.
SYN-ACQ-00029,SYN-PROJ-00029,CHHATTISGARH,Kabeerdham,Kunda,Bansapur,440036.0,Railway,National Highways Act 1956,42.65,157,64,14,4,7,4,0,313980900,99281800,214699000,2740200,1784000,0.6126,GIS Verification,623,0.3562,0,SYNTHETIC_DEMO,Prototype-only synthetic acquisition record linked to a real Survey of India village boundary; not a government acquisition record.
SYN-ACQ-00030,SYN-PROJ-00030,CHHATTISGARH,Surajpur,Pratappur,Gorgi,432211.0,Urban Infrastructure,RFCTLARR Act 2013,26.51,215,159,18,18,18,8,0,230833400,150930400,79903000,13376100,8091500,0.7938,Compensation,336,0.1672,0,SYNTHETIC_DEMO,Prototype-only synthetic acquisition record linked to a real Survey of India village boundary; not a government acquisition record.
SYN-ACQ-00031,SYN-PROJ-00031,CHHATTISGARH,Bijapur,Usur,Semaldodi,450876.0,National Highway,National Highways Act 1956,42.7,88,20,11,11,3,2,1,116758100,116758100,0,1924800,1098000,0.7834,Objection/Hearing,399,0.176,0,SYNTHETIC_DEMO,Prototype-only synthetic acquisition record linked to a real Survey of India village boundary; not a government acquisition record.
SYN-ACQ-00032,SYN-PROJ-00032,CHHATTISGARH,Janjgir-Champa,Nawagarh,Sendari,436735.0,National Highway,Railways Act 1989,41.16,209,139,63,2,24,10,0,185522400,112737700,72784800,36566200,15821000,0.6455,GIS Verification,490,0.4826,0,SYNTHETIC_DEMO,Prototype-only synthetic acquisition record linked to a real Survey of India village boundary; not a government acquisition record.
SYN-ACQ-00033,SYN-PROJ-00033,CHHATTISGARH,Surajpur,Odgi,Nawdiha Khurd,432659.0,National Highway,National Highways Act 1956,1.56,150,150,29,29,5,3,0,54847300,46706600,8140700,25084600,15396800,0.9369,GIS Verification,344,0.1784,0,SYNTHETIC_DEMO,Prototype-only synthetic acquisition record linked to a real Survey of India village boundary; not a government acquisition record.
SYN-ACQ-00034,SYN-PROJ-00034,CHHATTISGARH,Uttar Bastar Kanker,Bhanupratappur,Janakpur,447536.0,Railway,National Highways Act 1956,12.82,173,83,24,7,21,10,1,45492400,35023500,10468900,4035600,3560000,0.7936,Compensation,536,0.2402,0,SYNTHETIC_DEMO,Prototype-only synthetic acquisition record linked to a real Survey of India village boundary; not a government acquisition record.
SYN-ACQ-00035,SYN-PROJ-00035,CHHATTISGARH,Gaurela-Pendra-Marwahi,Sakola,Kesla,437613.0,Railway,Other applicable statute,69.03,155,174,84,34,3,2,1,494440500,399147800,95292700,60597100,44304500,0.8466,Notification,304,0.1352,0,SYNTHETIC_DEMO,Prototype-only synthetic acquisition record linked to a real Survey of India village boundary; not a government acquisition record.
SYN-ACQ-00036,SYN-PROJ-00036,CHHATTISGARH,Korea,Pondi (Bachra),Govindpur,431793.0,Irrigation,Railways Act 1989,5.67,47,66,8,8,2,1,0,47972400,18805900,29166500,3019800,2253500,0.8325,Compensation,512,0.2605,0,SYNTHETIC_DEMO,Prototype-only synthetic acquisition record linked to a real Survey of India village boundary; not a government acquisition record.
SYN-ACQ-00037,SYN-PROJ-00037,CHHATTISGARH,Jashpur,Duldula,FOREST,51.0,Urban Infrastructure,RFCTLARR Act 2013,29.06,69,177,80,32,25,14,1,234934700,164019700,70915000,33465300,24956200,0.9205,GIS Verification,118,0.1982,0,SYNTHETIC_DEMO,Prototype-only synthetic acquisition record linked to a real Survey of India village boundary; not a government acquisition record.
SYN-ACQ-00038,SYN-PROJ-00038,CHHATTISGARH,Korba,Bhaisma,Labed,436384.0,Railway,Railways Act 1989,47.98,192,33,15,15,7,3,0,337368700,135566600,201802100,12151700,6813200,0.7236,Award,622,0.2408,0,SYNTHETIC_DEMO,Prototype-only synthetic acquisition record linked to a real Survey of India village boundary; not a government acquisition record.
SYN-ACQ-00039,SYN-PROJ-00039,CHHATTISGARH,Mohla-Manpur-Ambagarh Chouki,Ambagarh Chouki,Salhe Kusumkasa,441541.0,Irrigation,National Highways Act 1956,73.81,107,122,20,7,12,10,0,158669100,41624700,117044500,4077800,2917200,0.5886,R&R,654,0.4956,0,SYNTHETIC_DEMO,Prototype-only synthetic acquisition record linked to a real Survey of India village boundary; not a government acquisition record.
SYN-ACQ-00040,SYN-PROJ-00040,CHHATTISGARH,Surajpur,Ramanujnagar,Makarbandha,432867.0,Urban Infrastructure,RFCTLARR Act 2013,25.04,207,54,26,11,9,5,0,103210200,86816300,16393900,18362100,18362100,0.9755,Award,318,0.18,0,SYNTHETIC_DEMO,Prototype-only synthetic acquisition record linked to a real Survey of India village boundary; not a government acquisition record.
SYN-ACQ-00041,SYN-PROJ-00041,CHHATTISGARH,Bilaspur,Pachpedi,Hardi,438895.0,Railway,Other applicable statute,41.08,79,127,60,0,24,11,3,243286200,223633800,19652500,53767300,30048400,0.9209,Completed,163,0.0,0,SYNTHETIC_DEMO,Prototype-only synthetic acquisition record linked to a real Survey of India village boundary; not a government acquisition record.
SYN-ACQ-00042,SYN-PROJ-00042,CHHATTISGARH,Sakti,Malkharoda,Mahuldeep,437311.0,Irrigation,Other applicable statute,72.2,210,53,16,16,6,3,0,342569600,228734900,113834700,9893300,6659400,0.9106,Compensation,384,0.1845,0,SYNTHETIC_DEMO,Prototype-only synthetic acquisition record linked to a real Survey of India village boundary; not a government acquisition record.
SYN-ACQ-00043,SYN-PROJ-00043,CHHATTISGARH,Rajnandgaon,Rajnandgaon,Mangata,440768.0,Irrigation,RFCTLARR Act 2013,6.43,189,97,19,8,3,2,0,79510900,26992100,52518800,11276200,9111300,0.7983,Completed,394,0.2074,0,SYNTHETIC_DEMO,Prototype-only synthetic acquisition record linked to a real Survey of India village boundary; not a government acquisition record.
SYN-ACQ-00044,SYN-PROJ-00044,CHHATTISGARH,Narayanpur,Kohkameta,Toyameta,449996.0,Urban Infrastructure,National Highways Act 1956,15.51,215,146,52,26,46,33,3,122054300,70487200,51567100,9678700,9548000,0.5867,Notification,490,0.2419,0,SYNTHETIC_DEMO,Prototype-only synthetic acquisition record linked to a real Survey of India village boundary; not a government acquisition record.
SYN-ACQ-00045,SYN-PROJ-00045,CHHATTISGARH,Kabeerdham,Bodla,Junwani,439289.0,Power Transmission,Railways Act 1989,18.16,104,99,46,20,21,20,2,70976800,36676600,34300300,35668500,23627000,0.7785,Notification,733,0.4597,0,SYNTHETIC_DEMO,Prototype-only synthetic acquisition record linked to a real Survey of India village boundary; not a government acquisition record.
SYN-ACQ-00046,SYN-PROJ-00046,CHHATTISGARH,Surguja,Sitapur,Raikera,433456.0,Power Transmission,RFCTLARR Act 2013,65.69,97,93,5,5,32,13,4,357297700,246544800,110752900,1714600,1271100,0.9321,Objection/Hearing,582,0.3251,0,SYNTHETIC_DEMO,Prototype-only synthetic acquisition record linked to a real Survey of India village boundary; not a government acquisition record.
SYN-ACQ-00047,SYN-PROJ-00047,CHHATTISGARH,Balod,Arjunda,Dhangaon,442843.0,Industrial Corridor,National Highways Act 1956,32.61,187,86,16,16,26,15,0,305431100,218038200,87392900,12331000,10918000,0.5865,Objection/Hearing,476,0.2393,0,SYNTHETIC_DEMO,Prototype-only synthetic acquisition record linked to a real Survey of India village boundary; not a government acquisition record.
SYN-ACQ-00048,SYN-PROJ-00048,CHHATTISGARH,Bastar,Tokapal,Bade Aarapur,449549.0,Irrigation,Railways Act 1989,20.41,126,29,14,14,10,7,0,184945100,114810300,70134700,10823800,7792200,0.6263,Proposal,489,0.3332,0,SYNTHETIC_DEMO,Prototype-only synthetic acquisition record linked to a real Survey of India village boundary; not a government acquisition record.
SYN-ACQ-00049,SYN-PROJ-00049,CHHATTISGARH,Raigarh,Chhal,Bangarsuta,434501.0,Railway,Other applicable statute,33.51,162,170,81,24,21,11,0,242003300,160985400,81017900,18001300,10952300,0.7007,Award,408,0.3002,0,SYNTHETIC_DEMO,Prototype-only synthetic acquisition record linked to a real Survey of India village boundary; not a government acquisition record.
SYN-ACQ-00050,SYN-PROJ-00050,CHHATTISGARH,Manendragarh-Chirmiri-Bharatpur (MCB),Khadganva,Barampur,431769.0,National Highway,Other applicable statute,6.18,94,11,4,4,1,0,0,36765800,25747000,11018800,933400,621500,0.8474,Scrutiny,538,0.1901,0,SYNTHETIC_DEMO,Prototype-only synthetic acquisition record linked to a real Survey of India village boundary; not a government acquisition record.
SYN-ACQ-00051,SYN-PROJ-00051,CHHATTISGARH,Jashpur,Jashpur,Harra Dipa,433800.0,Irrigation,National Highways Act 1956,70.87,199,147,73,36,11,7,1,235218500,232703500,2515000,13104400,8534800,0.7527,R&R,727,0.3738,0,SYNTHETIC_DEMO,Prototype-only synthetic acquisition record linked to a real Survey of India village boundary; not a government acquisition record.
SYN-ACQ-00052,SYN-PROJ-00052,CHHATTISGARH,Bilaspur,Pachpedi,Pakariya,438874.0,Railway,Other applicable statute,28.73,175,108,41,24,39,16,0,223683900,216991400,6692500,22233200,17018100,0.9529,Completed,243,0.076,0,SYNTHETIC_DEMO,Prototype-only synthetic acquisition record linked to a real Survey of India village boundary; not a government acquisition record.
SYN-ACQ-00053,SYN-PROJ-00053,CHHATTISGARH,Sarangarh-Bilaigarh,Sarangarh,Siladei,435358.0,National Highway,Other applicable statute,67.58,184,105,47,5,15,7,0,577110100,323566500,253543600,39943900,21068100,0.6963,Objection/Hearing,368,0.2931,0,SYNTHETIC_DEMO,Prototype-only synthetic acquisition record linked to a real Survey of India village boundary; not a government acquisition record.
SYN-ACQ-00054,SYN-PROJ-00054,CHHATTISGARH,Bilaspur,Bilaspur,Kachhar,438738.0,Irrigation,RFCTLARR Act 2013,18.57,47,85,12,12,12,10,0,93341100,52964200,40376900,10614700,1736900,0.6405,Compensation,447,0.1919,0,SYNTHETIC_DEMO,Prototype-only synthetic acquisition record linked to a real Survey of India village boundary; not a government acquisition record.
SYN-ACQ-00055,SYN-PROJ-00055,CHHATTISGARH,Surguja,Udaypur,Sayar,433223.0,Power Transmission,RFCTLARR Act 2013,35.8,205,93,12,12,13,12,0,260071000,168132900,91938100,7760000,5776800,0.5966,Award,584,0.3689,0,SYNTHETIC_DEMO,Prototype-only synthetic acquisition record linked to a real Survey of India village boundary; not a government acquisition record.
SYN-ACQ-00056,SYN-PROJ-00056,CHHATTISGARH,Janjgir-Champa,Akaltara,Sonadula,436584.0,National Highway,RFCTLARR Act 2013,71.24,149,84,14,9,1,0,0,223303900,179518800,43785100,11730900,10429000,0.9894,R&R,241,0.0653,0,SYNTHETIC_DEMO,Prototype-only synthetic acquisition record linked to a real Survey of India village boundary; not a government acquisition record.
SYN-ACQ-00057,SYN-PROJ-00057,CHHATTISGARH,Sarangarh-Bilaigarh,Sariya,Adbhar,435629.0,Industrial Corridor,RFCTLARR Act 2013,65.55,140,93,18,18,10,7,0,151779200,133161500,18617700,15023300,10622500,0.7533,Compensation,94,0.1195,0,SYNTHETIC_DEMO,Prototype-only synthetic acquisition record linked to a real Survey of India village boundary; not a government acquisition record.
SYN-ACQ-00058,SYN-PROJ-00058,CHHATTISGARH,Balodabazar-Bhatapara,Bhatapara,Suma,443597.0,Industrial Corridor,RFCTLARR Act 2013,3.99,83,100,7,7,8,4,0,20255900,16525300,3730600,6142100,4317500,0.8232,Completed,436,0.1668,0,SYNTHETIC_DEMO,Prototype-only synthetic acquisition record linked to a real Survey of India village boundary; not a government acquisition record.
SYN-ACQ-00059,SYN-PROJ-00059,CHHATTISGARH,Jashpur,Farsabahar,FOREST,51.0,Irrigation,Railways Act 1989,18.97,149,56,5,5,3,1,0,75935800,68610200,7325500,1775400,612800,0.8357,Compensation,421,0.1442,0,SYNTHETIC_DEMO,Prototype-only synthetic acquisition record linked to a real Survey of India village boundary; not a government acquisition record.
SYN-ACQ-00060,SYN-PROJ-00060,CHHATTISGARH,Uttar Bastar Kanker,Kanker,Matwada(Modi),447877.0,Irrigation,National Highways Act 1956,61.64,192,45,5,5,9,4,1,578268200,472677100,105591200,1850900,1650500,0.6587,Scrutiny,450,0.2198,0,SYNTHETIC_DEMO,Prototype-only synthetic acquisition record linked to a real Survey of India village boundary; not a government acquisition record.
SYN-ACQ-00061,SYN-PROJ-00061,CHHATTISGARH,Mungeli,Lalpur Thana,Tharakpur,437851.0,Irrigation,National Highways Act 1956,69.79,78,67,3,1,2,1,0,164862400,111199500,53662900,959600,587700,0.661,Award,510,0.0709,0,SYNTHETIC_DEMO,Prototype-only synthetic acquisition record linked to a real Survey of India village boundary; not a government acquisition record.
SYN-ACQ-00062,SYN-PROJ-00062,CHHATTISGARH,Balrampur-Ramanujganj,Balrampur,Turridih,432007.0,Industrial Corridor,Railways Act 1989,12.44,11,73,30,26,2,1,0,62948500,53106900,9841600,21662300,17284100,0.7569,Scrutiny,523,0.2994,0,SYNTHETIC_DEMO,Prototype-only synthetic acquisition record linked to a real Survey of India village boundary; not a government acquisition record.
SYN-ACQ-00063,SYN-PROJ-00063,CHHATTISGARH,Manendragarh-Chirmiri-Bharatpur (MCB),Khadganva,FOREST,51.0,Power Transmission,Railways Act 1989,43.35,5,36,17,11,3,1,0,114655200,114046800,608400,8455700,5475800,0.7541,Notification,312,0.1004,0,SYNTHETIC_DEMO,Prototype-only synthetic acquisition record linked to a real Survey of India village boundary; not a government acquisition record.
SYN-ACQ-00064,SYN-PROJ-00064,CHHATTISGARH,Narayanpur,Orchha,Padmeta,450012.0,Power Transmission,National Highways Act 1956,57.82,170,155,5,5,29,26,0,581051800,416337800,164714100,3941600,3844000,0.8744,Award,445,0.1135,0,SYNTHETIC_DEMO,Prototype-only synthetic acquisition record linked to a real Survey of India village boundary; not a government acquisition record.
SYN-ACQ-00065,SYN-PROJ-00065,CHHATTISGARH,Kabeerdham,Sahaspur Lohara,Mohbhatta,439749.0,Power Transmission,National Highways Act 1956,15.45,139,152,69,10,43,31,2,145488000,96468800,49019200,44792500,41683400,0.9392,Objection/Hearing,665,0.3523,0,SYNTHETIC_DEMO,Prototype-only synthetic acquisition record linked to a real Survey of India village boundary; not a government acquisition record.
SYN-ACQ-00066,SYN-PROJ-00066,CHHATTISGARH,Bijapur,Bhopalpattnam,Arepalli,450703.0,Urban Infrastructure,Railways Act 1989,32.44,172,171,27,21,46,25,0,171134000,166840100,4293800,15498700,15498700,0.6495,Completed,201,0.1023,0,SYNTHETIC_DEMO,Prototype-only synthetic acquisition record linked to a real Survey of India village boundary; not a government acquisition record.
SYN-ACQ-00067,SYN-PROJ-00067,CHHATTISGARH,Gaurela-Pendra-Marwahi,Pendra,Pandrikhar,437607.0,National Highway,RFCTLARR Act 2013,47.25,186,22,4,4,4,2,0,303373900,182638500,120735400,1025600,669600,0.8706,Award,339,0.0949,0,SYNTHETIC_DEMO,Prototype-only synthetic acquisition record linked to a real Survey of India village boundary; not a government acquisition record.
SYN-ACQ-00068,SYN-PROJ-00068,CHHATTISGARH,Balrampur-Ramanujganj,Wadrafnagar,Bengo,432138.0,Railway,National Highways Act 1956,68.64,186,160,5,5,27,11,0,346520200,293134900,53385300,2152500,2152500,0.8775,Objection/Hearing,394,0.3271,0,SYNTHETIC_DEMO,Prototype-only synthetic acquisition record linked to a real Survey of India village boundary; not a government acquisition record.
SYN-ACQ-00069,SYN-PROJ-00069,CHHATTISGARH,Dhamtari,Magarlod,Chandna,446941.0,Irrigation,National Highways Act 1956,25.84,103,54,22,8,7,3,0,185994600,176013000,9981600,16492000,15535900,0.6123,R&R,666,0.2644,0,SYNTHETIC_DEMO,Prototype-only synthetic acquisition record linked to a real Survey of India village boundary; not a government acquisition record.
SYN-ACQ-00070,SYN-PROJ-00070,CHHATTISGARH,Balod,Marri Bangla (Deori),Bharda,442944.0,Irrigation,RFCTLARR Act 2013,11.89,149,92,47,3,23,18,2,72550900,42738900,29812000,14618100,13186100,0.8881,Compensation,397,0.2672,0,SYNTHETIC_DEMO,Prototype-only synthetic acquisition record linked to a real Survey of India village boundary; not a government acquisition record.
SYN-ACQ-00071,SYN-PROJ-00071,CHHATTISGARH,Dhamtari,Kukrel,Mardapoti,447191.0,Railway,Railways Act 1989,53.35,129,31,5,3,10,4,0,506074700,404256600,101818100,925200,585400,0.7076,R&R,523,0.143,0,SYNTHETIC_DEMO,Prototype-only synthetic acquisition record linked to a real Survey of India village boundary; not a government acquisition record.
SYN-ACQ-00072,SYN-PROJ-00072,CHHATTISGARH,Mungeli,Jarhagaon,Noharkapa,438351.0,National Highway,Railways Act 1989,64.25,110,171,79,23,59,24,4,473111300,473111300,0,63764500,35877500,0.7157,Completed,442,0.2712,0,SYNTHETIC_DEMO,Prototype-only synthetic acquisition record linked to a real Survey of India village boundary; not a government acquisition record.
SYN-ACQ-00073,SYN-PROJ-00073,CHHATTISGARH,Bilaspur,Masturi,Nawagaon,438868.0,Irrigation,Other applicable statute,37.96,77,124,6,6,40,20,3,207251500,125009600,82241900,3728400,3080600,0.8416,Notification,456,0.1007,0,SYNTHETIC_DEMO,Prototype-only synthetic acquisition record linked to a real Survey of India village boundary; not a government acquisition record.
SYN-ACQ-00074,SYN-PROJ-00074,CHHATTISGARH,Gaurela-Pendra-Marwahi,Sakola,Kanchandih,437619.0,Railway,RFCTLARR Act 2013,3.94,93,34,2,2,2,1,0,21249300,14225000,7024300,492200,245300,0.9621,Compensation,396,0.1669,0,SYNTHETIC_DEMO,Prototype-only synthetic acquisition record linked to a real Survey of India village boundary; not a government acquisition record.
SYN-ACQ-00075,SYN-PROJ-00075,CHHATTISGARH,Uttar Bastar Kanker,Koylibeda,Pusawahi,448428.0,Irrigation,Railways Act 1989,27.73,59,72,28,12,11,8,1,117155400,84718400,32437000,17583200,14100500,0.9322,Scrutiny,494,0.038,0,SYNTHETIC_DEMO,Prototype-only synthetic acquisition record linked to a real Survey of India village boundary; not a government acquisition record.
SYN-ACQ-00076,SYN-PROJ-00076,CHHATTISGARH,Bemetara,Darhi,Madai,441903.0,Industrial Corridor,National Highways Act 1956,71.35,166,33,10,1,3,2,0,560304400,531258100,29046300,4399200,4399200,0.6221,Scrutiny,411,0.088,0,SYNTHETIC_DEMO,Prototype-only synthetic acquisition record linked to a real Survey of India village boundary; not a government acquisition record.
SYN-ACQ-00077,SYN-PROJ-00077,CHHATTISGARH,Balodabazar-Bhatapara,Lavan,Hardi,443834.0,Irrigation,RFCTLARR Act 2013,41.97,13,83,38,31,22,20,4,155689300,142386100,13303200,33869600,20726300,0.659,Compensation,428,0.2588,0,SYNTHETIC_DEMO,Prototype-only synthetic acquisition record linked to a real Survey of India village boundary; not a government acquisition record.
SYN-ACQ-00078,SYN-PROJ-00078,CHHATTISGARH,Balodabazar-Bhatapara,Bhatapara,Khapri,443679.0,National Highway,National Highways Act 1956,44.22,165,17,7,7,1,0,0,187716700,81071200,106645500,4395700,2982200,0.8757,R&R,529,0.2561,0,SYNTHETIC_DEMO,Prototype-only synthetic acquisition record linked to a real Survey of India village boundary; not a government acquisition record.
SYN-ACQ-00079,SYN-PROJ-00079,CHHATTISGARH,Bijapur,Bhairamgarh,Chhotegongla,451207.0,Irrigation,Other applicable statute,69.73,215,21,6,6,9,3,2,623903100,623903100,0,1129700,587600,0.6906,Completed,268,0.144,0,SYNTHETIC_DEMO,Prototype-only synthetic acquisition record linked to a real Survey of India village boundary; not a government acquisition record.
SYN-ACQ-00080,SYN-PROJ-00080,CHHATTISGARH,Rajnandgaon,Dongargaon,Jarwahi,441115.0,Industrial Corridor,Other applicable statute,42.48,47,47,23,12,3,1,0,332257300,251878700,80378600,8918400,8918400,0.572,Possession,271,0.3362,0,SYNTHETIC_DEMO,Prototype-only synthetic acquisition record linked to a real Survey of India village boundary; not a government acquisition record.
SYN-ACQ-00081,SYN-PROJ-00081,CHHATTISGARH,Uttar Bastar Kanker,Charama,Basanwahi,447494.0,Irrigation,Railways Act 1989,5.15,171,63,28,28,19,13,1,27753200,12606700,15146500,4924500,3958000,0.7316,GIS Verification,641,0.3383,0,SYNTHETIC_DEMO,Prototype-only synthetic acquisition record linked to a real Survey of India village boundary; not a government acquisition record.
SYN-ACQ-00082,SYN-PROJ-00082,CHHATTISGARH,Raigarh,Dharamjaigarh,Sajwari,434447.0,Urban Infrastructure,RFCTLARR Act 2013,50.69,120,97,24,0,31,29,2,464345100,369050600,95294600,17246300,15416400,0.7517,Possession,545,0.3392,0,SYNTHETIC_DEMO,Prototype-only synthetic acquisition record linked to a real Survey of India village boundary; not a government acquisition record.
SYN-ACQ-00083,SYN-PROJ-00083,CHHATTISGARH,Durg,Patan,Bhansuli,442739.0,Urban Infrastructure,National Highways Act 1956,67.51,45,58,16,9,10,5,1,212333300,74443000,137890300,12103300,1008900,0.9055,Notification,850,0.4552,0,SYNTHETIC_DEMO,Prototype-only synthetic acquisition record linked to a real Survey of India village boundary; not a government acquisition record.
SYN-ACQ-00084,SYN-PROJ-00084,CHHATTISGARH,Jashpur,Kunkuri,Tamasingha,434000.0,Urban Infrastructure,National Highways Act 1956,57.02,146,21,5,5,6,4,0,333244800,333244800,0,1713900,1352800,0.9755,Possession,235,0.0,0,SYNTHETIC_DEMO,Prototype-only synthetic acquisition record linked to a real Survey of India village boundary; not a government acquisition record.
SYN-ACQ-00085,SYN-PROJ-00085,CHHATTISGARH,Balod,Marri Bangla (Deori),Bhalu Konha,443011.0,Irrigation,Railways Act 1989,27.19,10,100,21,10,20,19,0,121006100,87531300,33474800,10171300,7315300,0.6685,Possession,400,0.2181,0,SYNTHETIC_DEMO,Prototype-only synthetic acquisition record linked to a real Survey of India village boundary; not a government acquisition record.
SYN-ACQ-00086,SYN-PROJ-00086,CHHATTISGARH,Uttar Bastar Kanker,Durgkondal,Nedgaon,447631.0,Industrial Corridor,National Highways Act 1956,0.52,200,56,11,11,4,3,0,22305100,12577200,9727900,8957400,5675800,0.9515,Objection/Hearing,227,0.153,0,SYNTHETIC_DEMO,Prototype-only synthetic acquisition record linked to a real Survey of India village boundary; not a government acquisition record.
SYN-ACQ-00087,SYN-PROJ-00087,CHHATTISGARH,Sarangarh-Bilaigarh,Bilaigarh,Dhaura Bhatha,444267.0,Urban Infrastructure,RFCTLARR Act 2013,32.91,149,16,5,5,1,0,0,272907800,120908000,151999700,3606700,2523000,0.9961,Notification,490,0.2415,0,SYNTHETIC_DEMO,Prototype-only synthetic acquisition record linked to a real Survey of India village boundary; not a government acquisition record.
SYN-ACQ-00088,SYN-PROJ-00088,CHHATTISGARH,Korba,Korba,Sonpuri,436316.0,Railway,National Highways Act 1956,73.79,129,35,13,0,9,6,0,179243300,109144800,70098500,4952600,2385800,0.7915,Possession,364,0.0513,0,SYNTHETIC_DEMO,Prototype-only synthetic acquisition record linked to a real Survey of India village boundary; not a government acquisition record.
SYN-ACQ-00089,SYN-PROJ-00089,CHHATTISGARH,Jashpur,Kansabel,Tatidand,433763.0,Railway,RFCTLARR Act 2013,36.96,190,56,25,0,0,0,0,136870400,117318300,19552100,17383600,11693600,0.802,Completed,365,0.3339,0,SYNTHETIC_DEMO,Prototype-only synthetic acquisition record linked to a real Survey of India village boundary; not a government acquisition record.
SYN-ACQ-00090,SYN-PROJ-00090,CHHATTISGARH,Kabeerdham,Pipariya,Koylarideeh,439101.0,Railway,Railways Act 1989,59.04,79,91,14,0,29,18,4,397214200,176744900,220469300,10015500,7713200,0.5627,R&R,865,0.521,0,SYNTHETIC_DEMO,Prototype-only synthetic acquisition record linked to a real Survey of India village boundary; not a government acquisition record.
SYN-ACQ-00091,SYN-PROJ-00091,CHHATTISGARH,Sakti,Dabhra,Siriyagarh,437137.0,Railway,National Highways Act 1956,15.39,35,23,6,4,0,0,0,46770800,35029000,11741800,2248700,1841700,0.7009,Award,319,0.0745,0,SYNTHETIC_DEMO,Prototype-only synthetic acquisition record linked to a real Survey of India village boundary; not a government acquisition record.
SYN-ACQ-00092,SYN-PROJ-00092,CHHATTISGARH,Balod,Daundilohara,Rengani,443131.0,Industrial Corridor,Railways Act 1989,43.83,111,135,59,3,45,35,4,342764700,215088800,127676000,36397200,21312600,0.7461,Proposal,588,0.2728,0,SYNTHETIC_DEMO,Prototype-only synthetic acquisition record linked to a real Survey of India village boundary; not a government acquisition record.
SYN-ACQ-00093,SYN-PROJ-00093,CHHATTISGARH,Raigarh,Gharghoda,Dhoram,434713.0,Railway,National Highways Act 1956,21.5,98,78,28,21,13,6,0,165347600,126482300,38865300,16223900,16223900,0.8044,Proposal,399,0.1758,0,SYNTHETIC_DEMO,Prototype-only synthetic acquisition record linked to a real Survey of India village boundary; not a government acquisition record.
SYN-ACQ-00094,SYN-PROJ-00094,CHHATTISGARH,Uttar Bastar Kanker,Pakhanjur,Chhotejharkatta,448260.0,Urban Infrastructure,Railways Act 1989,5.89,134,177,11,11,43,20,4,61448000,41809200,19638700,5743900,4325300,0.6377,Compensation,535,0.3041,0,SYNTHETIC_DEMO,Prototype-only synthetic acquisition record linked to a real Survey of India village boundary; not a government acquisition record.
SYN-ACQ-00095,SYN-PROJ-00095,CHHATTISGARH,Korba,Ajgarbahar,Nakiya,436309.0,Railway,Other applicable statute,6.01,153,97,23,23,13,9,0,31734800,25104700,6630200,7619500,5088300,0.7034,GIS Verification,545,0.3146,0,SYNTHETIC_DEMO,Prototype-only synthetic acquisition record linked to a real Survey of India village boundary; not a government acquisition record.
SYN-ACQ-00096,SYN-PROJ-00096,CHHATTISGARH,Balod,Balod,Pondi,443172.0,National Highway,Railways Act 1989,66.72,37,179,33,3,46,25,3,678932300,597800600,81131700,18457700,10123900,0.8022,Compensation,369,0.2639,0,SYNTHETIC_DEMO,Prototype-only synthetic acquisition record linked to a real Survey of India village boundary; not a government acquisition record.
SYN-ACQ-00097,SYN-PROJ-00097,CHHATTISGARH,Sarangarh-Bilaigarh,Baramkela,Akabartola,435769.0,Urban Infrastructure,National Highways Act 1956,74.71,83,52,7,7,19,11,0,703611900,543544900,160066900,2337100,1970300,0.6512,R&R,524,0.378,0,SYNTHETIC_DEMO,Prototype-only synthetic acquisition record linked to a real Survey of India village boundary; not a government acquisition record.
SYN-ACQ-00098,SYN-PROJ-00098,CHHATTISGARH,Dakshin Bastar Dantewada,Barsur,Muchnar,450126.0,Urban Infrastructure,RFCTLARR Act 2013,16.16,83,15,2,2,2,0,0,93439800,58748200,34691500,455000,245200,0.8431,Objection/Hearing,606,0.3215,0,SYNTHETIC_DEMO,Prototype-only synthetic acquisition record linked to a real Survey of India village boundary; not a government acquisition record.
SYN-ACQ-00099,SYN-PROJ-00099,CHHATTISGARH,Raigarh,Tamnar,Kusmel,434844.0,Urban Infrastructure,Railways Act 1989,25.35,25,158,10,10,16,12,4,228005100,118199000,109806200,3029100,2826700,0.8985,Compensation,591,0.2271,0,SYNTHETIC_DEMO,Prototype-only synthetic acquisition record linked to a real Survey of India village boundary; not a government acquisition record.
SYN-ACQ-00100,SYN-PROJ-00100,CHHATTISGARH,Dhamtari,Bhakhara,Hankara,447034.0,Railway,National Highways Act 1956,6.86,56,159,34,19,37,15,2,63611100,57992700,5618400,11516000,2858100,0.7211,Scrutiny,345,0.1162,0,SYNTHETIC_DEMO,Prototype-only synthetic acquisition record linked to a real Survey of India village boundary; not a government acquisition record.
SYN-ACQ-00101,SYN-PROJ-00101,CHHATTISGARH,Bijapur,Kutru,Omra (1),451120.0,Irrigation,Other applicable statute,31.99,207,16,1,1,2,1,0,282112600,186092400,96020200,776400,606200,0.9823,Notification,422,0.0763,0,SYNTHETIC_DEMO,Prototype-only synthetic acquisition record linked to a real Survey of India village boundary; not a government acquisition record.
SYN-ACQ-00102,SYN-PROJ-00102,CHHATTISGARH,Narayanpur,Chhotedongar,Toynar,449769.0,Power Transmission,RFCTLARR Act 2013,67.09,113,140,5,5,16,8,3,422321100,347799900,74521300,3078000,2157900,0.8556,Compensation,620,0.2704,0,SYNTHETIC_DEMO,Prototype-only synthetic acquisition record linked to a real Survey of India village boundary; not a government acquisition record.
SYN-ACQ-00103,SYN-PROJ-00103,CHHATTISGARH,Sakti,BARADWAR,Ranigaon,436994.0,National Highway,Railways Act 1989,27.99,126,146,60,5,54,44,11,259205800,78201900,181003900,38639100,29868700,0.6334,Notification,590,0.2532,0,SYNTHETIC_DEMO,Prototype-only synthetic acquisition record linked to a real Survey of India village boundary; not a government acquisition record.
SYN-ACQ-00104,SYN-PROJ-00104,CHHATTISGARH,Janjgir-Champa,Pamgarh,Pakariya,437080.0,Urban Infrastructure,RFCTLARR Act 2013,65.69,83,83,38,7,32,13,3,444823500,444823500,0,19552600,13741100,0.9066,Scrutiny,427,0.2622,0,SYNTHETIC_DEMO,Prototype-only synthetic acquisition record linked to a real Survey of India village boundary; not a government acquisition record.
SYN-ACQ-00105,SYN-PROJ-00105,CHHATTISGARH,Korea,Patna,Bodar,431451.0,Railway,RFCTLARR Act 2013,43.69,21,8,3,3,1,0,0,224572900,115625900,108947000,2472200,2236600,0.8038,Compensation,281,0.151,0,SYNTHETIC_DEMO,Prototype-only synthetic acquisition record linked to a real Survey of India village boundary; not a government acquisition record.
SYN-ACQ-00106,SYN-PROJ-00106,CHHATTISGARH,Uttar Bastar Kanker,Sarona,Mawalipara,447997.0,National Highway,Railways Act 1989,73.1,185,67,20,1,11,10,4,614933800,474814400,140119400,16765600,15024900,0.8175,Objection/Hearing,339,0.1815,0,SYNTHETIC_DEMO,Prototype-only synthetic acquisition record linked to a real Survey of India village boundary; not a government acquisition record.
SYN-ACQ-00107,SYN-PROJ-00107,CHHATTISGARH,Narayanpur,Orchha,Tadanar(Markadabeda),449944.0,Irrigation,RFCTLARR Act 2013,15.1,190,79,32,17,22,18,3,140949800,68300600,72649200,5188300,3068900,0.6381,Completed,736,0.5008,0,SYNTHETIC_DEMO,Prototype-only synthetic acquisition record linked to a real Survey of India village boundary; not a government acquisition record.
SYN-ACQ-00108,SYN-PROJ-00108,CHHATTISGARH,Durg,Ahiwara,Kherdha,442543.0,Railway,RFCTLARR Act 2013,49.97,51,169,61,6,44,22,5,435993700,366719000,69274700,18314500,18314500,0.9416,GIS Verification,268,0.1036,0,SYNTHETIC_DEMO,Prototype-only synthetic acquisition record linked to a real Survey of India village boundary; not a government acquisition record.
SYN-ACQ-00109,SYN-PROJ-00109,CHHATTISGARH,Surguja,Darima,Kuniya Kalan,433038.0,National Highway,Railways Act 1989,55.96,195,89,22,22,14,8,0,366597200,258690500,107906800,18608900,15563100,0.7328,Scrutiny,163,0.1993,0,SYNTHETIC_DEMO,Prototype-only synthetic acquisition record linked to a real Survey of India village boundary; not a government acquisition record.
SYN-ACQ-00110,SYN-PROJ-00110,CHHATTISGARH,Jashpur,Sanna,Sarudhap,433629.0,Industrial Corridor,Other applicable statute,47.07,42,49,15,15,11,9,1,384224700,201677500,182547200,5528000,2635900,0.636,R&R,433,0.2103,0,SYNTHETIC_DEMO,Prototype-only synthetic acquisition record linked to a real Survey of India village boundary; not a government acquisition record.
SYN-ACQ-00111,SYN-PROJ-00111,CHHATTISGARH,Uttar Bastar Kanker,Aamabeda,Useli,448096.0,Railway,Other applicable statute,69.39,174,160,9,9,45,35,3,685685800,305303400,380382400,5543900,3988400,0.696,Scrutiny,345,0.178,0,SYNTHETIC_DEMO,Prototype-only synthetic acquisition record linked to a real Survey of India village boundary; not a government acquisition record.
SYN-ACQ-00112,SYN-PROJ-00112,CHHATTISGARH,Gariyaband,Chhura,Amlor,445205.0,National Highway,National Highways Act 1956,42.11,161,48,14,14,2,1,0,352802500,352802500,0,4671300,3378400,0.7291,R&R,592,0.2434,0,SYNTHETIC_DEMO,Prototype-only synthetic acquisition record linked to a real Survey of India village boundary; not a government acquisition record.
SYN-ACQ-00113,SYN-PROJ-00113,CHHATTISGARH,Mohla-Manpur-Ambagarh Chouki,Manpur,Ghotiya,441412.0,Urban Infrastructure,Other applicable statute,47.71,102,112,34,33,38,34,1,132221900,45064600,87157300,25818400,19858000,0.6616,Scrutiny,501,0.3345,0,SYNTHETIC_DEMO,Prototype-only synthetic acquisition record linked to a real Survey of India village boundary; not a government acquisition record.
SYN-ACQ-00114,SYN-PROJ-00114,CHHATTISGARH,Mungeli,Mungeli,Jaitpuri,438133.0,National Highway,Railways Act 1989,7.1,53,158,58,5,20,14,2,46555200,46555200,0,30601300,23667900,0.6054,Award,452,0.1515,0,SYNTHETIC_DEMO,Prototype-only synthetic acquisition record linked to a real Survey of India village boundary; not a government acquisition record.
SYN-ACQ-00115,SYN-PROJ-00115,CHHATTISGARH,Balod,Gurur,Mudpar,443364.0,Urban Infrastructure,Railways Act 1989,43.96,100,101,8,8,4,3,1,354386300,239132200,115254100,2894700,2394800,0.7284,Proposal,449,0.0844,0,SYNTHETIC_DEMO,Prototype-only synthetic acquisition record linked to a real Survey of India village boundary; not a government acquisition record.
SYN-ACQ-00116,SYN-PROJ-00116,CHHATTISGARH,Sarangarh-Bilaigarh,Sarangarh,Sarsara,435541.0,Railway,RFCTLARR Act 2013,64.44,108,87,6,6,10,9,0,615821200,541839200,73982000,1558700,1066500,0.6453,Completed,614,0.2028,0,SYNTHETIC_DEMO,Prototype-only synthetic acquisition record linked to a real Survey of India village boundary; not a government acquisition record.
SYN-ACQ-00117,SYN-PROJ-00117,CHHATTISGARH,Khairagarh-Chhuikhadan-Gandai,Khairagarh,Parsuli,440504.0,National Highway,RFCTLARR Act 2013,20.72,29,95,3,3,23,19,0,77594300,62630800,14963500,1367600,643400,0.9664,R&R,431,0.2477,0,SYNTHETIC_DEMO,Prototype-only synthetic acquisition record linked to a real Survey of India village boundary; not a government acquisition record.
SYN-ACQ-00118,SYN-PROJ-00118,CHHATTISGARH,Surajpur,Bhatgaon,Batara,432803.0,Railway,Other applicable statute,18.87,9,127,56,10,30,27,3,149655000,74853800,74801200,36646400,14512900,0.7616,Completed,500,0.1798,0,SYNTHETIC_DEMO,Prototype-only synthetic acquisition record linked to a real Survey of India village boundary; not a government acquisition record.
SYN-ACQ-00119,SYN-PROJ-00119,CHHATTISGARH,Balodabazar-Bhatapara,Simga,Jangda (Jangla),443546.0,Railway,RFCTLARR Act 2013,61.03,130,150,58,29,38,22,3,376851100,322703900,54147200,22365500,10949900,0.9392,R&R,305,0.1336,0,SYNTHETIC_DEMO,Prototype-only synthetic acquisition record linked to a real Survey of India village boundary; not a government acquisition record.
SYN-ACQ-00120,SYN-PROJ-00120,CHHATTISGARH,Uttar Bastar Kanker,Pakhanjur,Kali Nagar,448241.0,National Highway,RFCTLARR Act 2013,72.87,192,47,3,3,7,5,0,694437200,533240100,161197200,2579000,1418500,0.7907,Award,524,0.1729,0,SYNTHETIC_DEMO,Prototype-only synthetic acquisition record linked to a real Survey of India village boundary; not a government acquisition record.
SYN-ACQ-00121,SYN-PROJ-00121,CHHATTISGARH,Surguja,Lundra,Sakhouli,433368.0,Railway,National Highways Act 1956,41.09,109,68,11,10,5,3,0,333044600,187663500,145381100,1829600,317100,0.6294,Proposal,376,0.2031,0,SYNTHETIC_DEMO,Prototype-only synthetic acquisition record linked to a real Survey of India village boundary; not a government acquisition record.
SYN-ACQ-00122,SYN-PROJ-00122,CHHATTISGARH,Kabeerdham,Sahaspur Lohara,Koylari,439635.0,Irrigation,Other applicable statute,54.46,205,78,1,1,25,12,0,202022800,57695900,144326900,810900,356200,0.9552,Notification,266,0.2965,0,SYNTHETIC_DEMO,Prototype-only synthetic acquisition record linked to a real Survey of India village boundary; not a government acquisition record.
SYN-ACQ-00123,SYN-PROJ-00123,CHHATTISGARH,Dhamtari,Magarlod,Bhotha,446936.0,Industrial Corridor,National Highways Act 1956,74.74,54,59,21,2,14,8,0,324053400,237560000,86493500,9333400,6436100,0.9114,Compensation,464,0.1348,0,SYNTHETIC_DEMO,Prototype-only synthetic acquisition record linked to a real Survey of India village boundary; not a government acquisition record.
SYN-ACQ-00124,SYN-PROJ-00124,CHHATTISGARH,Balodabazar-Bhatapara,Sonakhan,Nagarda,444134.0,National Highway,RFCTLARR Act 2013,26.88,199,45,10,10,8,5,1,257364700,199934000,57430700,7202600,2424800,0.6769,Scrutiny,383,0.3109,0,SYNTHETIC_DEMO,Prototype-only synthetic acquisition record linked to a real Survey of India village boundary; not a government acquisition record.
SYN-ACQ-00125,SYN-PROJ-00125,CHHATTISGARH,Balrampur-Ramanujganj,Shankargarh,Nawapara,432410.0,Power Transmission,Railways Act 1989,54.58,119,123,41,23,28,15,2,401635400,317825600,83809800,35678800,29902700,0.6805,Objection/Hearing,351,0.1601,0,SYNTHETIC_DEMO,Prototype-only synthetic acquisition record linked to a real Survey of India village boundary; not a government acquisition record.
SYN-ACQ-00126,SYN-PROJ-00126,CHHATTISGARH,Bastar,Tokapal,Deurgaon,449517.0,Urban Infrastructure,Other applicable statute,33.14,171,58,16,4,10,9,1,324630000,216235700,108394300,11765900,8616200,0.6306,Award,279,0.1188,0,SYNTHETIC_DEMO,Prototype-only synthetic acquisition record linked to a real Survey of India village boundary; not a government acquisition record.
SYN-ACQ-00127,SYN-PROJ-00127,CHHATTISGARH,Bijapur,Bhairamgarh,Kohkameta(Duganpal),451267.0,Irrigation,RFCTLARR Act 2013,6.94,143,88,35,7,21,8,1,50293100,37174200,13118900,8040800,4029600,0.9824,Possession,316,0.197,0,SYNTHETIC_DEMO,Prototype-only synthetic acquisition record linked to a real Survey of India village boundary; not a government acquisition record.
SYN-ACQ-00128,SYN-PROJ-00128,CHHATTISGARH,Mohla-Manpur-Ambagarh Chouki,Mohla,FOREST,51.0,Power Transmission,National Highways Act 1956,36.99,15,9,5,5,3,2,0,301511000,118458500,183052600,1522700,889500,0.7082,R&R,488,0.2596,0,SYNTHETIC_DEMO,Prototype-only synthetic acquisition record linked to a real Survey of India village boundary; not a government acquisition record.
SYN-ACQ-00129,SYN-PROJ-00129,CHHATTISGARH,Balrampur-Ramanujganj,Rajpur,Bheski,433312.0,National Highway,RFCTLARR Act 2013,24.77,99,59,4,4,8,6,0,220490800,218010800,2480000,2642200,1879600,0.9294,Scrutiny,247,0.0291,0,SYNTHETIC_DEMO,Prototype-only synthetic acquisition record linked to a real Survey of India village boundary; not a government acquisition record.
SYN-ACQ-00130,SYN-PROJ-00130,CHHATTISGARH,Durg,Patan,Kasahi,442710.0,National Highway,Railways Act 1989,71.24,126,85,3,3,30,21,1,349557200,181107100,168450100,2400400,1605300,0.678,Possession,448,0.2116,0,SYNTHETIC_DEMO,Prototype-only synthetic acquisition record linked to a real Survey of India village boundary; not a government acquisition record.
SYN-ACQ-00131,SYN-PROJ-00131,CHHATTISGARH,Balodabazar-Bhatapara,Bhatapara,Alesur,443640.0,Railway,Railways Act 1989,14.24,128,57,12,12,18,13,0,79635200,47734500,31900700,10036200,10036200,0.8146,Award,536,0.2178,0,SYNTHETIC_DEMO,Prototype-only synthetic acquisition record linked to a real Survey of India village boundary; not a government acquisition record.
SYN-ACQ-00132,SYN-PROJ-00132,CHHATTISGARH,Bemetara,Berla,Deori,442333.0,Urban Infrastructure,Other applicable statute,55.65,57,179,30,30,45,27,3,556317600,469154000,87163600,14973100,9009800,0.5822,GIS Verification,569,0.3467,0,SYNTHETIC_DEMO,Prototype-only synthetic acquisition record linked to a real Survey of India village boundary; not a government acquisition record.
SYN-ACQ-00133,SYN-PROJ-00133,CHHATTISGARH,Uttar Bastar Kanker,Kanker,Petoli,447788.0,Urban Infrastructure,Other applicable statute,8.21,216,143,48,15,20,17,2,56113500,30901100,25212500,22124300,14435500,0.8634,Notification,503,0.2435,0,SYNTHETIC_DEMO,Prototype-only synthetic acquisition record linked to a real Survey of India village boundary; not a government acquisition record.
SYN-ACQ-00134,SYN-PROJ-00134,CHHATTISGARH,Khairagarh-Chhuikhadan-Gandai,Chhuikhadan,Gabhra,440195.0,Railway,National Highways Act 1956,50.31,186,27,12,9,2,1,0,291741800,259392800,32349000,9690000,9690000,0.7581,Completed,408,0.0281,0,SYNTHETIC_DEMO,Prototype-only synthetic acquisition record linked to a real Survey of India village boundary; not a government acquisition record.
SYN-ACQ-00135,SYN-PROJ-00135,CHHATTISGARH,Narayanpur,Orchha,Kohkodi,449993.0,Urban Infrastructure,National Highways Act 1956,10.16,92,127,34,15,22,12,1,81753800,62225400,19528400,7160900,5817900,0.7981,Completed,469,0.0567,0,SYNTHETIC_DEMO,Prototype-only synthetic acquisition record linked to a real Survey of India village boundary; not a government acquisition record.
SYN-ACQ-00136,SYN-PROJ-00136,CHHATTISGARH,Dakshin Bastar Dantewada,Katekalyan,Bade Bedma,450201.0,Irrigation,Other applicable statute,63.84,16,103,11,11,25,14,2,424215800,265510800,158705000,6918100,2771000,0.6341,Award,466,0.0801,0,SYNTHETIC_DEMO,Prototype-only synthetic acquisition record linked to a real Survey of India village boundary; not a government acquisition record.
SYN-ACQ-00137,SYN-PROJ-00137,CHHATTISGARH,Balrampur-Ramanujganj,Daura-Kochali,Amarpur,431967.0,National Highway,Other applicable statute,31.42,23,42,22,22,6,4,0,281326900,182913400,98413500,10088000,6015600,0.65,Compensation,628,0.4303,0,SYNTHETIC_DEMO,Prototype-only synthetic acquisition record linked to a real Survey of India village boundary; not a government acquisition record.
SYN-ACQ-00138,SYN-PROJ-00138,CHHATTISGARH,Kabeerdham,Pandariya,Pauni,439942.0,Railway,National Highways Act 1956,32.06,100,138,53,18,31,24,2,149939100,67932000,82007100,22761100,14567300,0.779,Objection/Hearing,493,0.4501,0,SYNTHETIC_DEMO,Prototype-only synthetic acquisition record linked to a real Survey of India village boundary; not a government acquisition record.
SYN-ACQ-00139,SYN-PROJ-00139,CHHATTISGARH,Kabeerdham,Rengakharkala,Teli Tola,439549.0,Power Transmission,RFCTLARR Act 2013,14.36,194,133,18,18,17,7,1,130506400,115658900,14847600,5725100,4105100,0.9424,Completed,514,0.1679,0,SYNTHETIC_DEMO,Prototype-only synthetic acquisition record linked to a real Survey of India village boundary; not a government acquisition record.
SYN-ACQ-00140,SYN-PROJ-00140,CHHATTISGARH,Durg,Patan,Kurmigudra,442736.0,Railway,Other applicable statute,51.65,143,137,38,1,25,17,0,431601800,303724200,127877600,25056200,8578700,0.6,Possession,370,0.1731,0,SYNTHETIC_DEMO,Prototype-only synthetic acquisition record linked to a real Survey of India village boundary; not a government acquisition record.
SYN-ACQ-00141,SYN-PROJ-00141,CHHATTISGARH,Mahasamund,Komakhan,Tongopani Khurd,446609.0,National Highway,RFCTLARR Act 2013,27.41,31,147,7,7,39,38,0,198921900,85794500,113127500,3237300,2607300,0.8775,R&R,441,0.293,0,SYNTHETIC_DEMO,Prototype-only synthetic acquisition record linked to a real Survey of India village boundary; not a government acquisition record.
SYN-ACQ-00142,SYN-PROJ-00142,CHHATTISGARH,Surguja,Lakhanpur,Rampur,433132.0,Power Transmission,National Highways Act 1956,41.52,17,70,6,6,12,9,3,114666600,83337400,31329200,937700,937700,0.9114,GIS Verification,633,0.2953,0,SYNTHETIC_DEMO,Prototype-only synthetic acquisition record linked to a real Survey of India village boundary; not a government acquisition record.
SYN-ACQ-00143,SYN-PROJ-00143,CHHATTISGARH,Janjgir-Champa,Akaltara,Pakariya,436615.0,Urban Infrastructure,RFCTLARR Act 2013,39.57,130,162,27,7,50,39,2,198517100,191772100,6745000,15233800,13887100,0.8781,Notification,314,0.0879,0,SYNTHETIC_DEMO,Prototype-only synthetic acquisition record linked to a real Survey of India village boundary; not a government acquisition record.
SYN-ACQ-00144,SYN-PROJ-00144,CHHATTISGARH,Dhamtari,Belargaon,Mariyamari,447377.0,Railway,National Highways Act 1956,9.71,62,36,5,5,5,4,0,56916300,33794700,23121600,3523400,2682100,0.7143,Completed,582,0.3632,0,SYNTHETIC_DEMO,Prototype-only synthetic acquisition record linked to a real Survey of India village boundary; not a government acquisition record.
SYN-ACQ-00145,SYN-PROJ-00145,CHHATTISGARH,Balod,Arjunda,Parna,442835.0,Urban Infrastructure,Railways Act 1989,39.64,168,73,1,1,23,21,0,110855000,90257600,20597400,310400,226600,0.8922,Compensation,619,0.3237,0,SYNTHETIC_DEMO,Prototype-only synthetic acquisition record linked to a real Survey of India village boundary; not a government acquisition record.
SYN-ACQ-00146,SYN-PROJ-00146,CHHATTISGARH,Bilaspur,Ratanpur,SILDHA R.F.,51.0,Power Transmission,RFCTLARR Act 2013,61.04,150,112,54,37,17,8,2,518890300,425648900,93241400,43070700,28962500,0.8488,Compensation,242,0.067,0,SYNTHETIC_DEMO,Prototype-only synthetic acquisition record linked to a real Survey of India village boundary; not a government acquisition record.
SYN-ACQ-00147,SYN-PROJ-00147,CHHATTISGARH,Khairagarh-Chhuikhadan-Gandai,Khairagarh,Sankri,440304.0,Railway,National Highways Act 1956,33.27,142,118,2,2,39,30,1,197738000,168378300,29359700,1701800,826900,0.8796,Completed,265,0.1384,0,SYNTHETIC_DEMO,Prototype-only synthetic acquisition record linked to a real Survey of India village boundary; not a government acquisition record.
SYN-ACQ-00148,SYN-PROJ-00148,CHHATTISGARH,Mahasamund,Saraipali,Ganiyaripali,446053.0,Irrigation,National Highways Act 1956,55.0,53,162,25,25,19,8,0,242212800,153239000,88973800,21194000,15944000,0.8904,Notification,342,0.0,0,SYNTHETIC_DEMO,Prototype-only synthetic acquisition record linked to a real Survey of India village boundary; not a government acquisition record.
SYN-ACQ-00149,SYN-PROJ-00149,CHHATTISGARH,Bastar,Jagdalpur,Upanpal,449040.0,Irrigation,National Highways Act 1956,59.43,151,154,7,7,35,15,0,410900200,374338100,36562000,2176800,1248100,0.9691,Compensation,323,0.18,0,SYNTHETIC_DEMO,Prototype-only synthetic acquisition record linked to a real Survey of India village boundary; not a government acquisition record.
SYN-ACQ-00150,SYN-PROJ-00150,CHHATTISGARH,Mahasamund,Bagbahra,Birajpali,446706.0,National Highway,Other applicable statute,4.86,29,149,55,18,23,22,4,85200800,82773900,2427000,35502000,17675300,0.7284,Award,377,0.1342,0,SYNTHETIC_DEMO,Prototype-only synthetic acquisition record linked to a real Survey of India village boundary; not a government acquisition record.
SYN-ACQ-00151,SYN-PROJ-00151,CHHATTISGARH,Sarangarh-Bilaigarh,Sarangarh,Jhilgitar,435449.0,National Highway,RFCTLARR Act 2013,61.62,179,48,9,4,8,7,0,376373900,346944400,29429600,1992700,834400,0.6989,R&R,593,0.3003,0,SYNTHETIC_DEMO,Prototype-only synthetic acquisition record linked to a real Survey of India village boundary; not a government acquisition record.
SYN-ACQ-00152,SYN-PROJ-00152,CHHATTISGARH,Gariyaband,Chhura,Gondalabahara,445201.0,National Highway,Other applicable statute,58.55,212,139,31,11,38,22,1,545913800,276643000,269270800,15400800,11688600,0.7147,Notification,499,0.207,0,SYNTHETIC_DEMO,Prototype-only synthetic acquisition record linked to a real Survey of India village boundary; not a government acquisition record.
SYN-ACQ-00153,SYN-PROJ-00153,CHHATTISGARH,Jashpur,Manora,Jhargaon,433943.0,Power Transmission,National Highways Act 1956,35.95,75,23,7,7,7,6,0,323359100,107592200,215766900,5317000,1482300,0.8141,Notification,517,0.3612,0,SYNTHETIC_DEMO,Prototype-only synthetic acquisition record linked to a real Survey of India village boundary; not a government acquisition record.
SYN-ACQ-00154,SYN-PROJ-00154,CHHATTISGARH,Khairagarh-Chhuikhadan-Gandai,Khairagarh,Ruse,440405.0,Industrial Corridor,Other applicable statute,57.6,11,29,14,14,2,1,0,352493800,192584500,159909300,2812800,1643200,0.9063,Completed,737,0.2617,0,SYNTHETIC_DEMO,Prototype-only synthetic acquisition record linked to a real Survey of India village boundary; not a government acquisition record.
SYN-ACQ-00155,SYN-PROJ-00155,CHHATTISGARH,Durg,Durg,Jhola,442625.0,Irrigation,Railways Act 1989,61.03,209,119,5,5,32,28,1,293981900,221653700,72328200,1047600,474800,0.9124,Scrutiny,286,0.1137,0,SYNTHETIC_DEMO,Prototype-only synthetic acquisition record linked to a real Survey of India village boundary; not a government acquisition record.
SYN-ACQ-00156,SYN-PROJ-00156,CHHATTISGARH,Uttar Bastar Kanker,Koylibeda,Aalkanhar,448452.0,Urban Infrastructure,Railways Act 1989,28.38,207,116,58,8,6,3,1,135333700,103856500,31477200,33682100,18219400,0.9227,R&R,543,0.1724,0,SYNTHETIC_DEMO,Prototype-only synthetic acquisition record linked to a real Survey of India village boundary; not a government acquisition record.
SYN-ACQ-00157,SYN-PROJ-00157,CHHATTISGARH,Balodabazar-Bhatapara,Sonakhan,Saraipali,444195.0,Power Transmission,National Highways Act 1956,49.1,50,78,22,22,19,10,0,218875500,80124200,138751300,9763500,6393700,0.6633,Completed,469,0.3281,0,SYNTHETIC_DEMO,Prototype-only synthetic acquisition record linked to a real Survey of India village boundary; not a government acquisition record.
SYN-ACQ-00158,SYN-PROJ-00158,CHHATTISGARH,Bemetara,Nawagarh,Bhimpuri,441721.0,Power Transmission,Other applicable statute,47.49,83,148,14,14,29,28,1,288470700,155908400,132562200,3428200,1745400,0.561,Notification,476,0.3261,0,SYNTHETIC_DEMO,Prototype-only synthetic acquisition record linked to a real Survey of India village boundary; not a government acquisition record.
SYN-ACQ-00159,SYN-PROJ-00159,CHHATTISGARH,Bilaspur,Bilha,Ghoghara,439005.0,Irrigation,Railways Act 1989,14.3,5,20,8,8,8,6,0,130184100,90679900,39504200,5483800,3331300,0.8766,Objection/Hearing,409,0.2379,0,SYNTHETIC_DEMO,Prototype-only synthetic acquisition record linked to a real Survey of India village boundary; not a government acquisition record.
SYN-ACQ-00160,SYN-PROJ-00160,CHHATTISGARH,Janjgir-Champa,Baloda,Pahariya,436725.0,Industrial Corridor,Railways Act 1989,48.21,189,174,61,10,43,30,4,183460300,71775800,111684500,44010500,25652400,0.7618,Award,413,0.3108,0,SYNTHETIC_DEMO,Prototype-only synthetic acquisition record linked to a real Survey of India village boundary; not a government acquisition record.
SYN-ACQ-00161,SYN-PROJ-00161,CHHATTISGARH,Uttar Bastar Kanker,Antagarh,Mahurpat,448088.0,Power Transmission,Railways Act 1989,3.16,52,82,17,17,12,8,1,37715500,26536200,11179300,13691200,10773500,0.7,Compensation,501,0.1543,0,SYNTHETIC_DEMO,Prototype-only synthetic acquisition record linked to a real Survey of India village boundary; not a government acquisition record.
SYN-ACQ-00162,SYN-PROJ-00162,CHHATTISGARH,Gariyaband,Chhura,Kuderadadar,445351.0,National Highway,Other applicable statute,68.68,182,105,24,24,14,9,3,586521700,322978700,263543000,6306100,3564100,0.8843,Objection/Hearing,494,0.2839,0,SYNTHETIC_DEMO,Prototype-only synthetic acquisition record linked to a real Survey of India village boundary; not a government acquisition record.
SYN-ACQ-00163,SYN-PROJ-00163,CHHATTISGARH,Bijapur,Usur,Peddadharankattu,450966.0,Urban Infrastructure,Railways Act 1989,48.76,171,104,41,16,17,15,0,428134200,126774500,301359700,7034300,4008200,0.6492,Completed,733,0.4688,0,SYNTHETIC_DEMO,Prototype-only synthetic acquisition record linked to a real Survey of India village boundary; not a government acquisition record.
SYN-ACQ-00164,SYN-PROJ-00164,CHHATTISGARH,Janjgir-Champa,Akaltara,Sajapali,436650.0,Power Transmission,Other applicable statute,69.92,95,124,30,23,28,22,1,609533500,609533500,0,15324000,13891300,0.8997,R&R,140,0.0,0,SYNTHETIC_DEMO,Prototype-only synthetic acquisition record linked to a real Survey of India village boundary; not a government acquisition record.
SYN-ACQ-00165,SYN-PROJ-00165,CHHATTISGARH,Mahasamund,Pithora,Spos,446385.0,Irrigation,Railways Act 1989,60.99,218,142,16,16,25,20,0,570037400,208580300,361457100,2487800,1491800,0.9445,Award,405,0.3175,0,SYNTHETIC_DEMO,Prototype-only synthetic acquisition record linked to a real Survey of India village boundary; not a government acquisition record.
SYN-ACQ-00166,SYN-PROJ-00166,CHHATTISGARH,Durg,Bhilai-3,Jamul (M),802006.0,Irrigation,RFCTLARR Act 2013,64.11,180,42,20,20,8,6,1,607181500,604943000,2238500,17148100,5443500,0.7339,Completed,250,0.1653,0,SYNTHETIC_DEMO,Prototype-only synthetic acquisition record linked to a real Survey of India village boundary; not a government acquisition record.
SYN-ACQ-00167,SYN-PROJ-00167,CHHATTISGARH,Janjgir-Champa,Baloda,Dongri,436676.0,Industrial Corridor,Railways Act 1989,30.26,7,92,40,2,20,17,3,201007400,89938600,111068800,31189800,17700100,0.8733,GIS Verification,636,0.3653,0,SYNTHETIC_DEMO,Prototype-only synthetic acquisition record linked to a real Survey of India village boundary; not a government acquisition record.
SYN-ACQ-00168,SYN-PROJ-00168,CHHATTISGARH,Rajnandgaon,Kumarda,Karutola,441085.0,Industrial Corridor,National Highways Act 1956,56.81,109,59,22,22,6,4,0,493277300,468735900,24541400,7186800,5380700,0.9403,Compensation,805,0.4785,0,SYNTHETIC_DEMO,Prototype-only synthetic acquisition record linked to a real Survey of India village boundary; not a government acquisition record.
SYN-ACQ-00169,SYN-PROJ-00169,CHHATTISGARH,Raigarh,Kharsia,Gurda,435172.0,Industrial Corridor,National Highways Act 1956,58.22,73,25,6,5,5,4,0,296193300,240248900,55944400,1467700,694700,0.6901,Possession,439,0.4406,0,SYNTHETIC_DEMO,Prototype-only synthetic acquisition record linked to a real Survey of India village boundary; not a government acquisition record.
SYN-ACQ-00170,SYN-PROJ-00170,CHHATTISGARH,Mungeli,Sargaon,Rohra Kalan,438443.0,Urban Infrastructure,Other applicable statute,25.03,154,118,24,19,12,9,0,150536600,74982600,75554000,14092500,11828800,0.9986,Scrutiny,414,0.1885,0,SYNTHETIC_DEMO,Prototype-only synthetic acquisition record linked to a real Survey of India village boundary; not a government acquisition record.
SYN-ACQ-00171,SYN-PROJ-00171,CHHATTISGARH,Sakti,Dabhra,Sapos,437168.0,Power Transmission,Railways Act 1989,54.08,108,102,22,0,10,5,1,437477000,234593500,202883500,19190900,9081900,0.7357,Notification,444,0.4031,0,SYNTHETIC_DEMO,Prototype-only synthetic acquisition record linked to a real Survey of India village boundary; not a government acquisition record.
SYN-ACQ-00172,SYN-PROJ-00172,CHHATTISGARH,Khairagarh-Chhuikhadan-Gandai,Khairagarh,Baldeopur,440423.0,National Highway,Other applicable statute,45.52,210,20,9,9,5,4,0,216206400,115167700,101038700,6319700,6172000,0.5757,Objection/Hearing,602,0.3481,0,SYNTHETIC_DEMO,Prototype-only synthetic acquisition record linked to a real Survey of India village boundary; not a government acquisition record.
SYN-ACQ-00173,SYN-PROJ-00173,CHHATTISGARH,Khairagarh-Chhuikhadan-Gandai,Khairagarh,Nawagaon,440306.0,Railway,Other applicable statute,18.28,56,51,8,8,7,5,0,141072200,71790400,69281800,4054400,3762000,0.6304,Completed,521,0.2448,0,SYNTHETIC_DEMO,Prototype-only synthetic acquisition record linked to a real Survey of India village boundary; not a government acquisition record.
SYN-ACQ-00174,SYN-PROJ-00174,CHHATTISGARH,Kondagaon,Keshkal,Middey,448541.0,National Highway,RFCTLARR Act 2013,26.57,10,140,6,6,58,35,11,224762800,197040300,27722500,2481000,1584200,0.7639,GIS Verification,575,0.2571,0,SYNTHETIC_DEMO,Prototype-only synthetic acquisition record linked to a real Survey of India village boundary; not a government acquisition record.
SYN-ACQ-00175,SYN-PROJ-00175,CHHATTISGARH,Kabeerdham,Rengakharkala,FOREST,51.0,Irrigation,Railways Act 1989,31.46,41,37,7,7,0,0,1,263100600,249048000,14052700,2197200,837500,0.7162,Objection/Hearing,684,0.2379,0,SYNTHETIC_DEMO,Prototype-only synthetic acquisition record linked to a real Survey of India village boundary; not a government acquisition record.
SYN-ACQ-00176,SYN-PROJ-00176,CHHATTISGARH,Balod,Gurur,Ojhagahan,443361.0,Railway,Other applicable statute,59.04,171,105,26,4,9,7,0,323908600,295467000,28441500,20801100,14997100,0.5832,Notification,558,0.236,0,SYNTHETIC_DEMO,Prototype-only synthetic acquisition record linked to a real Survey of India village boundary; not a government acquisition record.
SYN-ACQ-00177,SYN-PROJ-00177,CHHATTISGARH,Korba,Dipka,FOREST,51.0,Irrigation,National Highways Act 1956,14.73,153,53,22,12,6,4,1,99894700,61409600,38485100,17464300,11698000,0.9449,R&R,471,0.2774,0,SYNTHETIC_DEMO,Prototype-only synthetic acquisition record linked to a real Survey of India village boundary; not a government acquisition record.
SYN-ACQ-00178,SYN-PROJ-00178,CHHATTISGARH,Balod,Balod,Karka Bhat,443217.0,Irrigation,National Highways Act 1956,9.37,96,16,7,7,0,0,0,47682800,34681500,13001300,1135200,698200,0.9672,GIS Verification,466,0.4506,0,SYNTHETIC_DEMO,Prototype-only synthetic acquisition record linked to a real Survey of India village boundary; not a government acquisition record.
SYN-ACQ-00179,SYN-PROJ-00179,CHHATTISGARH,Sarangarh-Bilaigarh,Baramkela,Amoda,435720.0,Power Transmission,National Highways Act 1956,57.03,195,26,14,14,3,1,0,331853300,199119100,132734200,9768700,9156200,0.9989,Notification,365,0.1627,0,SYNTHETIC_DEMO,Prototype-only synthetic acquisition record linked to a real Survey of India village boundary; not a government acquisition record.
SYN-ACQ-00180,SYN-PROJ-00180,CHHATTISGARH,Narayanpur,Kohkameta,Akabeda,449959.0,Power Transmission,National Highways Act 1956,48.21,209,44,9,8,12,5,2,185264500,154407400,30857200,4034400,4034400,0.5774,GIS Verification,472,0.1403,0,SYNTHETIC_DEMO,Prototype-only synthetic acquisition record linked to a real Survey of India village boundary; not a government acquisition record.
SYN-ACQ-00181,SYN-PROJ-00181,CHHATTISGARH,Surguja,Batouli,Naya Bandh,433502.0,Irrigation,Railways Act 1989,44.73,20,91,10,10,27,10,6,227502200,120264300,107237900,8962500,5289100,0.9289,GIS Verification,333,0.3242,0,SYNTHETIC_DEMO,Prototype-only synthetic acquisition record linked to a real Survey of India village boundary; not a government acquisition record.
SYN-ACQ-00182,SYN-PROJ-00182,CHHATTISGARH,Raipur,Arang,Bhothali,444478.0,Industrial Corridor,Railways Act 1989,28.12,93,22,6,3,4,3,1,228160200,228160200,0,4855000,2998600,0.8045,Award,724,0.4613,0,SYNTHETIC_DEMO,Prototype-only synthetic acquisition record linked to a real Survey of India village boundary; not a government acquisition record.
SYN-ACQ-00183,SYN-PROJ-00183,CHHATTISGARH,Surguja,Lundra,Gadhwira,433416.0,National Highway,RFCTLARR Act 2013,53.87,210,25,1,1,9,5,0,439804400,439804400,0,801200,647600,0.6833,Award,391,0.2211,0,SYNTHETIC_DEMO,Prototype-only synthetic acquisition record linked to a real Survey of India village boundary; not a government acquisition record.
SYN-ACQ-00184,SYN-PROJ-00184,CHHATTISGARH,Bijapur,Usur,Jinippa,450864.0,National Highway,Railways Act 1989,15.16,219,89,7,7,30,29,3,66110900,41420100,24690800,1627100,715900,0.9954,Scrutiny,565,0.2156,0,SYNTHETIC_DEMO,Prototype-only synthetic acquisition record linked to a real Survey of India village boundary; not a government acquisition record.
SYN-ACQ-00185,SYN-PROJ-00185,CHHATTISGARH,Kabeerdham,Sahaspur Lohara,Suktara,439675.0,Urban Infrastructure,Other applicable statute,47.31,154,99,28,24,32,27,1,225653700,160728600,64925100,17389500,12348900,0.7647,Possession,241,0.1196,0,SYNTHETIC_DEMO,Prototype-only synthetic acquisition record linked to a real Survey of India village boundary; not a government acquisition record.
SYN-ACQ-00186,SYN-PROJ-00186,CHHATTISGARH,Jashpur,Sanna,FOREST,51.0,Power Transmission,Railways Act 1989,50.35,169,118,53,36,23,10,0,494823300,442781900,52041400,19756700,6582100,0.586,Award,327,0.0877,0,SYNTHETIC_DEMO,Prototype-only synthetic acquisition record linked to a real Survey of India village boundary; not a government acquisition record.
SYN-ACQ-00187,SYN-PROJ-00187,CHHATTISGARH,Uttar Bastar Kanker,Kanker,Koretha,447810.0,Urban Infrastructure,RFCTLARR Act 2013,22.65,8,27,2,2,9,7,0,62491800,38238600,24253200,691600,462400,0.9217,Compensation,393,0.1558,0,SYNTHETIC_DEMO,Prototype-only synthetic acquisition record linked to a real Survey of India village boundary; not a government acquisition record.
SYN-ACQ-00188,SYN-PROJ-00188,CHHATTISGARH,Surajpur,Pratappur,Shakalpur (Semariya),432293.0,National Highway,RFCTLARR Act 2013,38.69,18,82,4,4,5,2,0,114706300,52995400,61710900,2242800,1652800,0.7642,Completed,418,0.0901,0,SYNTHETIC_DEMO,Prototype-only synthetic acquisition record linked to a real Survey of India village boundary; not a government acquisition record.
SYN-ACQ-00189,SYN-PROJ-00189,CHHATTISGARH,Bilaspur,Ratanpur,Ghansipur,438063.0,Irrigation,Other applicable statute,57.92,196,21,9,0,3,1,1,295601000,196407500,99193400,7713700,3766000,0.7652,Compensation,407,0.1249,0,SYNTHETIC_DEMO,Prototype-only synthetic acquisition record linked to a real Survey of India village boundary; not a government acquisition record.
SYN-ACQ-00190,SYN-PROJ-00190,CHHATTISGARH,Dhamtari,Kukrel,Kisanpuri,447121.0,Irrigation,National Highways Act 1956,58.65,23,45,14,14,8,3,0,429469300,325806800,103662500,7466100,3759700,0.6019,Notification,453,0.281,0,SYNTHETIC_DEMO,Prototype-only synthetic acquisition record linked to a real Survey of India village boundary; not a government acquisition record.
SYN-ACQ-00191,SYN-PROJ-00191,CHHATTISGARH,Uttar Bastar Kanker,Bande,Mehda,448317.0,Irrigation,Railways Act 1989,62.69,157,161,14,14,41,19,2,192636600,134098300,58538300,2847200,2365400,0.5601,Compensation,428,0.2086,0,SYNTHETIC_DEMO,Prototype-only synthetic acquisition record linked to a real Survey of India village boundary; not a government acquisition record.
SYN-ACQ-00192,SYN-PROJ-00192,CHHATTISGARH,Korba,Katghora,Ghanakachhar,435898.0,Urban Infrastructure,RFCTLARR Act 2013,0.75,8,146,53,19,19,9,0,30309900,15901200,14408700,34999200,23901600,0.5598,GIS Verification,345,0.1343,0,SYNTHETIC_DEMO,Prototype-only synthetic acquisition record linked to a real Survey of India village boundary; not a government acquisition record.
SYN-ACQ-00193,SYN-PROJ-00193,CHHATTISGARH,Korea,Baikunthpur,Umjhar,431381.0,Urban Infrastructure,RFCTLARR Act 2013,52.7,59,130,10,10,9,8,0,226165400,128730200,97435100,6585200,3149600,0.9271,Objection/Hearing,473,0.2093,0,SYNTHETIC_DEMO,Prototype-only synthetic acquisition record linked to a real Survey of India village boundary; not a government acquisition record.
SYN-ACQ-00194,SYN-PROJ-00194,CHHATTISGARH,Korba,Ajgarbahar,Pondikhoha,436287.0,National Highway,National Highways Act 1956,8.07,50,50,24,13,6,2,0,58420900,47277200,11143800,9089300,6502400,0.9051,Objection/Hearing,346,0.1763,0,SYNTHETIC_DEMO,Prototype-only synthetic acquisition record linked to a real Survey of India village boundary; not a government acquisition record.
SYN-ACQ-00195,SYN-PROJ-00195,CHHATTISGARH,Dhamtari,Nagri,Hinchhapur,447253.0,Railway,RFCTLARR Act 2013,35.45,26,128,16,1,6,2,1,262157200,223294800,38862500,3279400,3094000,0.5919,Completed,416,0.1824,0,SYNTHETIC_DEMO,Prototype-only synthetic acquisition record linked to a real Survey of India village boundary; not a government acquisition record.
SYN-ACQ-00196,SYN-PROJ-00196,CHHATTISGARH,Surajpur,Ramanujnagar,Ganeshpur Alias Gudapara,432877.0,Urban Infrastructure,RFCTLARR Act 2013,55.85,178,22,12,12,4,2,0,434306800,244058600,190248200,7554300,5302400,0.8831,Completed,436,0.1689,0,SYNTHETIC_DEMO,Prototype-only synthetic acquisition record linked to a real Survey of India village boundary; not a government acquisition record.
SYN-ACQ-00197,SYN-PROJ-00197,CHHATTISGARH,Bemetara,Thankhamariya,Padumsara,442220.0,Railway,Railways Act 1989,33.44,108,34,12,2,2,1,0,156602000,153492100,3109900,6496300,5420200,0.8206,Compensation,325,0.0929,0,SYNTHETIC_DEMO,Prototype-only synthetic acquisition record linked to a real Survey of India village boundary; not a government acquisition record.
SYN-ACQ-00198,SYN-PROJ-00198,CHHATTISGARH,Khairagarh-Chhuikhadan-Gandai,Salhewara,Lalpur,440042.0,Urban Infrastructure,National Highways Act 1956,41.38,184,155,43,39,26,13,0,282894500,282894500,0,24910800,21370600,0.9846,R&R,403,0.2301,0,SYNTHETIC_DEMO,Prototype-only synthetic acquisition record linked to a real Survey of India village boundary; not a government acquisition record.
SYN-ACQ-00199,SYN-PROJ-00199,CHHATTISGARH,Korba,Hardibazar,Bhalpahri,436270.0,Industrial Corridor,RFCTLARR Act 2013,37.4,13,48,25,25,6,5,0,322383000,178945500,143437500,21619500,16262800,0.8579,Award,607,0.4146,0,SYNTHETIC_DEMO,Prototype-only synthetic acquisition record linked to a real Survey of India village boundary; not a government acquisition record.
SYN-ACQ-00200,SYN-PROJ-00200,CHHATTISGARH,Rajnandgaon,Lal Bahadur Nagar,Manikpur,440674.0,Power Transmission,RFCTLARR Act 2013,16.25,64,13,7,7,3,1,0,101019300,66164000,34855300,5565800,3228300,0.7051,Notification,500,0.3716,0,SYNTHETIC_DEMO,Prototype-only synthetic acquisition record linked to a real Survey of India village boundary; not a government acquisition record.
SYN-ACQ-00201,SYN-PROJ-00201,CHHATTISGARH,Janjgir-Champa,Pamgarh,Kutrabod,437067.0,Power Transmission,Railways Act 1989,70.1,149,168,34,16,64,47,6,685915800,483682800,202233000,30521900,23090000,0.6506,Possession,256,0.1378,0,SYNTHETIC_DEMO,Prototype-only synthetic acquisition record linked to a real Survey of India village boundary; not a government acquisition record.
SYN-ACQ-00202,SYN-PROJ-00202,CHHATTISGARH,Surguja,Lundra,Kharakona,433426.0,Railway,RFCTLARR Act 2013,17.78,206,51,8,8,5,2,0,85127800,61974000,23153800,6565000,3911200,0.7627,Compensation,385,0.086,0,SYNTHETIC_DEMO,Prototype-only synthetic acquisition record linked to a real Survey of India village boundary; not a government acquisition record.
SYN-ACQ-00203,SYN-PROJ-00203,CHHATTISGARH,Bastar,Darbha,Kakalgur,449616.0,Industrial Corridor,National Highways Act 1956,8.3,98,86,26,22,13,8,0,57768200,56961500,806800,13818400,9242200,0.78,Completed,277,0.018,0,SYNTHETIC_DEMO,Prototype-only synthetic acquisition record linked to a real Survey of India village boundary; not a government acquisition record.
SYN-ACQ-00204,SYN-PROJ-00204,CHHATTISGARH,Rajnandgaon,Kumarda,Thaili Tola,440983.0,Power Transmission,Other applicable statute,47.97,23,32,17,17,6,4,1,463707200,340441800,123265300,4592400,4404300,0.7214,Objection/Hearing,443,0.3619,0,SYNTHETIC_DEMO,Prototype-only synthetic acquisition record linked to a real Survey of India village boundary; not a government acquisition record.
SYN-ACQ-00205,SYN-PROJ-00205,CHHATTISGARH,Surguja,Ambikapur,Krishanapur,432985.0,National Highway,RFCTLARR Act 2013,44.47,97,72,15,15,11,8,2,153078100,151122700,1955400,10556700,5018700,0.7053,R&R,222,0.087,0,SYNTHETIC_DEMO,Prototype-only synthetic acquisition record linked to a real Survey of India village boundary; not a government acquisition record.
SYN-ACQ-00206,SYN-PROJ-00206,CHHATTISGARH,Mungeli,Lormi,Kanharpur,437753.0,Power Transmission,Other applicable statute,50.95,32,53,13,13,14,8,0,248329300,248329300,0,2897400,2087300,0.7741,Objection/Hearing,491,0.2501,0,SYNTHETIC_DEMO,Prototype-only synthetic acquisition record linked to a real Survey of India village boundary; not a government acquisition record.
SYN-ACQ-00207,SYN-PROJ-00207,CHHATTISGARH,Balodabazar-Bhatapara,Lavan,Bamhanpuri,443841.0,Power Transmission,Other applicable statute,20.72,155,111,17,13,38,26,2,117418500,66324400,51094100,7488900,5291800,0.8725,Possession,378,0.1353,0,SYNTHETIC_DEMO,Prototype-only synthetic acquisition record linked to a real Survey of India village boundary; not a government acquisition record.
SYN-ACQ-00208,SYN-PROJ-00208,CHHATTISGARH,Korba,Kartala,Suiara,436519.0,Power Transmission,Railways Act 1989,38.24,188,104,4,4,36,15,1,356114200,294025800,62088400,994100,705200,0.9692,Notification,386,0.1157,0,SYNTHETIC_DEMO,Prototype-only synthetic acquisition record linked to a real Survey of India village boundary; not a government acquisition record.
SYN-ACQ-00209,SYN-PROJ-00209,CHHATTISGARH,Gaurela-Pendra-Marwahi,Pendra Road,FOREST,51.0,Urban Infrastructure,RFCTLARR Act 2013,53.41,218,162,50,28,30,24,0,249377800,138649000,110728800,27411200,18634100,0.9578,R&R,375,0.1082,0,SYNTHETIC_DEMO,Prototype-only synthetic acquisition record linked to a real Survey of India village boundary; not a government acquisition record.
SYN-ACQ-00210,SYN-PROJ-00210,CHHATTISGARH,Bilaspur,Belgahna,Dandbachhali,437919.0,Industrial Corridor,Railways Act 1989,51.11,30,50,19,15,12,11,1,327577100,179359300,148217900,3865200,1929700,0.6768,Proposal,532,0.3873,0,SYNTHETIC_DEMO,Prototype-only synthetic acquisition record linked to a real Survey of India village boundary; not a government acquisition record.
SYN-ACQ-00211,SYN-PROJ-00211,CHHATTISGARH,Balod,Daundilohara,Jharan Tola,443136.0,Railway,RFCTLARR Act 2013,58.4,98,54,13,8,8,5,0,197838400,148206100,49632300,10232100,5666600,0.5712,Possession,320,0.1903,0,SYNTHETIC_DEMO,Prototype-only synthetic acquisition record linked to a real Survey of India village boundary; not a government acquisition record.
SYN-ACQ-00212,SYN-PROJ-00212,CHHATTISGARH,Khairagarh-Chhuikhadan-Gandai,Chhuikhadan,Baghmarra,440200.0,Industrial Corridor,National Highways Act 1956,18.86,55,130,22,22,42,23,0,155722900,152367000,3355800,13011400,4690400,0.6397,Compensation,161,0.1471,0,SYNTHETIC_DEMO,Prototype-only synthetic acquisition record linked to a real Survey of India village boundary; not a government acquisition record.
SYN-ACQ-00213,SYN-PROJ-00213,CHHATTISGARH,Mungeli,Pathariya,Kewtadih,438385.0,Railway,Railways Act 1989,16.84,184,47,15,5,9,5,1,63626900,49166600,14460300,6772500,2962600,0.5871,Scrutiny,644,0.4213,0,SYNTHETIC_DEMO,Prototype-only synthetic acquisition record linked to a real Survey of India village boundary; not a government acquisition record.
SYN-ACQ-00214,SYN-PROJ-00214,CHHATTISGARH,Balod,Arjunda,Jewertala,442785.0,Railway,National Highways Act 1956,12.09,86,49,14,14,15,8,1,92759400,92759400,0,8784900,7752500,0.5766,Possession,657,0.3305,0,SYNTHETIC_DEMO,Prototype-only synthetic acquisition record linked to a real Survey of India village boundary; not a government acquisition record.
SYN-ACQ-00215,SYN-PROJ-00215,CHHATTISGARH,Jashpur,Sanna,FOREST,51.0,National Highway,Railways Act 1989,70.45,150,118,15,15,20,8,1,494880400,288239800,206640600,4894900,2826600,0.8274,Completed,455,0.2499,0,SYNTHETIC_DEMO,Prototype-only synthetic acquisition record linked to a real Survey of India village boundary; not a government acquisition record.
SYN-ACQ-00216,SYN-PROJ-00216,CHHATTISGARH,Gariyaband,Fingeshwar,Gundardehi,444801.0,Industrial Corridor,Other applicable statute,54.17,3,40,2,2,11,10,1,361573600,104436000,257137600,822000,420900,0.975,Notification,640,0.3134,0,SYNTHETIC_DEMO,Prototype-only synthetic acquisition record linked to a real Survey of India village boundary; not a government acquisition record.
SYN-ACQ-00217,SYN-PROJ-00217,CHHATTISGARH,Uttar Bastar Kanker,Kanker,Kalmuchche,447828.0,Urban Infrastructure,Railways Act 1989,33.32,116,17,1,1,0,0,0,281732600,237426100,44306500,441300,356600,0.7581,Notification,291,0.0,0,SYNTHETIC_DEMO,Prototype-only synthetic acquisition record linked to a real Survey of India village boundary; not a government acquisition record.
SYN-ACQ-00218,SYN-PROJ-00218,CHHATTISGARH,Mahasamund,Saraipali,Debrigarh,446011.0,National Highway,Other applicable statute,20.68,15,64,24,23,13,7,3,132792900,49635400,83157400,13052500,7729800,0.7546,Award,435,0.2555,0,SYNTHETIC_DEMO,Prototype-only synthetic acquisition record linked to a real Survey of India village boundary; not a government acquisition record.
SYN-ACQ-00219,SYN-PROJ-00219,CHHATTISGARH,Surajpur,Premnagar,Kalipur,432904.0,Power Transmission,Other applicable statute,71.57,184,110,56,34,31,26,1,344917800,211751500,133166300,33351000,29432900,0.7118,Award,294,0.2748,0,SYNTHETIC_DEMO,Prototype-only synthetic acquisition record linked to a real Survey of India village boundary; not a government acquisition record.
SYN-ACQ-00220,SYN-PROJ-00220,CHHATTISGARH,Khairagarh-Chhuikhadan-Gandai,Khairagarh,Badgada,440488.0,Railway,National Highways Act 1956,29.01,206,60,22,9,15,8,3,124061400,121944700,2116700,9411800,7760900,0.8625,GIS Verification,327,0.2591,0,SYNTHETIC_DEMO,Prototype-only synthetic acquisition record linked to a real Survey of India village boundary; not a government acquisition record.
SYN-ACQ-00221,SYN-PROJ-00221,CHHATTISGARH,Bijapur,Bhopalpattnam,Phandiwaya,450689.0,Railway,National Highways Act 1956,7.65,15,112,41,6,29,26,1,36807900,24942000,11865900,17325400,3367200,0.8008,Notification,638,0.2017,0,SYNTHETIC_DEMO,Prototype-only synthetic acquisition record linked to a real Survey of India village boundary; not a government acquisition record.
SYN-ACQ-00222,SYN-PROJ-00222,CHHATTISGARH,Balod,Gurur,Hasda,443353.0,Industrial Corridor,Other applicable statute,46.85,71,106,23,23,28,24,3,300359500,284991200,15368300,13791800,12818100,0.5597,Notification,432,0.2409,0,SYNTHETIC_DEMO,Prototype-only synthetic acquisition record linked to a real Survey of India village boundary; not a government acquisition record.
SYN-ACQ-00223,SYN-PROJ-00223,CHHATTISGARH,Jashpur,Kansabel,Nakati Munda,433766.0,Power Transmission,Railways Act 1989,58.39,71,164,37,37,22,11,3,608721900,289308800,319413100,12369600,10228600,0.938,Compensation,529,0.2929,0,SYNTHETIC_DEMO,Prototype-only synthetic acquisition record linked to a real Survey of India village boundary; not a government acquisition record.
SYN-ACQ-00224,SYN-PROJ-00224,CHHATTISGARH,Uttar Bastar Kanker,Durgkondal,Bhuski,447759.0,Power Transmission,Other applicable statute,23.94,136,16,4,2,0,0,0,94538900,68393200,26145600,2538500,1757400,0.8955,GIS Verification,186,0.0128,0,SYNTHETIC_DEMO,Prototype-only synthetic acquisition record linked to a real Survey of India village boundary; not a government acquisition record.
SYN-ACQ-00225,SYN-PROJ-00225,CHHATTISGARH,Sakti,Sakti,Bhedapali,436951.0,Urban Infrastructure,Railways Act 1989,3.59,206,111,20,8,18,10,0,57562600,43928800,13633800,9344000,2485300,0.8361,Notification,398,0.0738,0,SYNTHETIC_DEMO,Prototype-only synthetic acquisition record linked to a real Survey of India village boundary; not a government acquisition record.
SYN-ACQ-00226,SYN-PROJ-00226,CHHATTISGARH,Bilaspur,Beltara,Uchhbhatthi,438718.0,Power Transmission,National Highways Act 1956,14.0,209,119,45,0,26,16,0,110965600,91221100,19744500,26170700,23420100,0.559,Award,518,0.2407,0,SYNTHETIC_DEMO,Prototype-only synthetic acquisition record linked to a real Survey of India village boundary; not a government acquisition record.
SYN-ACQ-00227,SYN-PROJ-00227,CHHATTISGARH,Bilaspur,Masturi,Sargawan,438857.0,Irrigation,RFCTLARR Act 2013,11.91,96,91,7,7,4,2,1,35387000,21534000,13853000,1995200,1763200,0.5956,Notification,545,0.456,0,SYNTHETIC_DEMO,Prototype-only synthetic acquisition record linked to a real Survey of India village boundary; not a government acquisition record.
SYN-ACQ-00228,SYN-PROJ-00228,CHHATTISGARH,Raigarh,Dharamjaigarh,Sisringa,434440.0,Power Transmission,Other applicable statute,7.56,186,157,70,2,38,31,4,78010900,42620900,35390100,38440500,33197000,0.9257,Compensation,512,0.4011,0,SYNTHETIC_DEMO,Prototype-only synthetic acquisition record linked to a real Survey of India village boundary; not a government acquisition record.
SYN-ACQ-00229,SYN-PROJ-00229,CHHATTISGARH,Jashpur,Jashpur,Kadamtoli,433845.0,Urban Infrastructure,RFCTLARR Act 2013,9.91,132,103,40,13,15,14,0,119725400,119725400,0,10051600,8229200,0.6537,Compensation,381,0.18,0,SYNTHETIC_DEMO,Prototype-only synthetic acquisition record linked to a real Survey of India village boundary; not a government acquisition record.
SYN-ACQ-00230,SYN-PROJ-00230,CHHATTISGARH,Balrampur-Ramanujganj,Samri,Datram,432334.0,Industrial Corridor,RFCTLARR Act 2013,7.91,61,106,33,19,16,6,0,96820800,58403500,38417300,23265400,16688000,0.7024,Possession,660,0.3761,0,SYNTHETIC_DEMO,Prototype-only synthetic acquisition record linked to a real Survey of India village boundary; not a government acquisition record.
SYN-ACQ-00231,SYN-PROJ-00231,CHHATTISGARH,Durg,Patan,Dhaur,442655.0,Industrial Corridor,National Highways Act 1956,15.6,101,46,23,23,5,2,0,58220500,34319500,23901000,9262100,3615600,0.5963,Completed,537,0.4297,0,SYNTHETIC_DEMO,Prototype-only synthetic acquisition record linked to a real Survey of India village boundary; not a government acquisition record.
SYN-ACQ-00232,SYN-PROJ-00232,CHHATTISGARH,Sakti,Jaijaipur,Patharra,437353.0,Irrigation,Other applicable statute,23.13,177,16,2,2,4,3,0,192147400,164620000,27527400,1238400,590800,0.7018,Award,451,0.2007,0,SYNTHETIC_DEMO,Prototype-only synthetic acquisition record linked to a real Survey of India village boundary; not a government acquisition record.
SYN-ACQ-00233,SYN-PROJ-00233,CHHATTISGARH,Sukma,Konta,Pesalpad,450527.0,Urban Infrastructure,National Highways Act 1956,37.22,160,30,10,10,5,4,0,219586500,130717100,88869400,7831900,7831900,0.5528,Completed,645,0.3243,0,SYNTHETIC_DEMO,Prototype-only synthetic acquisition record linked to a real Survey of India village boundary; not a government acquisition record.
SYN-ACQ-00234,SYN-PROJ-00234,CHHATTISGARH,Bijapur,Usur,Penkram,450867.0,Irrigation,RFCTLARR Act 2013,25.76,157,103,31,23,15,12,0,196385100,183859400,12525700,5800600,3059000,0.9198,GIS Verification,402,0.0469,0,SYNTHETIC_DEMO,Prototype-only synthetic acquisition record linked to a real Survey of India village boundary; not a government acquisition record.
SYN-ACQ-00235,SYN-PROJ-00235,CHHATTISGARH,Khairagarh-Chhuikhadan-Gandai,Gandai,Jom,440169.0,Power Transmission,Other applicable statute,61.62,200,30,11,11,6,4,2,198298800,97601500,100697300,5278800,3576300,0.8006,Notification,558,0.3374,0,SYNTHETIC_DEMO,Prototype-only synthetic acquisition record linked to a real Survey of India village boundary; not a government acquisition record.
SYN-ACQ-00236,SYN-PROJ-00236,CHHATTISGARH,Sarangarh-Bilaigarh,Baramkela,Teradawan,435738.0,Power Transmission,National Highways Act 1956,31.39,24,168,2,2,55,24,7,263807900,157047200,106760700,652800,488700,0.6042,R&R,310,0.2084,0,SYNTHETIC_DEMO,Prototype-only synthetic acquisition record linked to a real Survey of India village boundary; not a government acquisition record.
SYN-ACQ-00237,SYN-PROJ-00237,CHHATTISGARH,Uttar Bastar Kanker,Kanker,Kirgapati,447821.0,Power Transmission,Other applicable statute,35.0,141,30,16,16,7,3,0,267119800,206601500,60518200,8679200,6007700,0.5636,Possession,723,0.3814,0,SYNTHETIC_DEMO,Prototype-only synthetic acquisition record linked to a real Survey of India village boundary; not a government acquisition record.
SYN-ACQ-00238,SYN-PROJ-00238,CHHATTISGARH,Manendragarh-Chirmiri-Bharatpur (MCB),Khadganva,FOREST,51.0,Industrial Corridor,National Highways Act 1956,61.7,81,16,2,2,9,8,2,545517100,545517100,0,1152900,922000,0.6762,Award,259,0.2831,0,SYNTHETIC_DEMO,Prototype-only synthetic acquisition record linked to a real Survey of India village boundary; not a government acquisition record.
SYN-ACQ-00239,SYN-PROJ-00239,CHHATTISGARH,Raigarh,Lailunga,Kurra,434551.0,Railway,National Highways Act 1956,62.98,214,140,62,36,23,17,3,383318600,241721200,141597400,13756800,13756800,0.7599,Completed,609,0.4626,0,SYNTHETIC_DEMO,Prototype-only synthetic acquisition record linked to a real Survey of India village boundary; not a government acquisition record.
SYN-ACQ-00240,SYN-PROJ-00240,CHHATTISGARH,Uttar Bastar Kanker,Durgkondal,Nawagaon,447679.0,Urban Infrastructure,National Highways Act 1956,54.26,60,107,26,26,22,21,1,228297100,186415200,41881900,6852900,6852900,0.9128,Compensation,253,0.0962,0,SYNTHETIC_DEMO,Prototype-only synthetic acquisition record linked to a real Survey of India village boundary; not a government acquisition record.
SYN-ACQ-00241,SYN-PROJ-00241,CHHATTISGARH,Uttar Bastar Kanker,Bhanupratappur,FOREST,51.0,Power Transmission,RFCTLARR Act 2013,28.97,13,76,18,1,19,11,2,83856400,30798600,53057800,14184400,6061600,0.9643,Completed,313,0.1435,0,SYNTHETIC_DEMO,Prototype-only synthetic acquisition record linked to a real Survey of India village boundary; not a government acquisition record.
SYN-ACQ-00242,SYN-PROJ-00242,CHHATTISGARH,Narayanpur,Kohkameta,Dumnar,449968.0,Irrigation,National Highways Act 1956,61.84,3,55,25,25,9,8,0,297269200,204538800,92730400,19864700,14328700,0.8202,Objection/Hearing,325,0.1114,0,SYNTHETIC_DEMO,Prototype-only synthetic acquisition record linked to a real Survey of India village boundary; not a government acquisition record.
SYN-ACQ-00243,SYN-PROJ-00243,CHHATTISGARH,Raigarh,Kharsia,FOREST,51.0,Urban Infrastructure,RFCTLARR Act 2013,17.26,112,168,6,6,20,15,1,188327800,157667100,30660700,1533400,1187900,0.82,R&R,653,0.2962,0,SYNTHETIC_DEMO,Prototype-only synthetic acquisition record linked to a real Survey of India village boundary; not a government acquisition record.
SYN-ACQ-00244,SYN-PROJ-00244,CHHATTISGARH,Balodabazar-Bhatapara,Sonakhan,Baya,444126.0,Irrigation,Other applicable statute,38.78,79,59,1,1,11,6,1,315741600,279205500,36536200,814900,430700,0.7173,Objection/Hearing,415,0.2845,0,SYNTHETIC_DEMO,Prototype-only synthetic acquisition record linked to a real Survey of India village boundary; not a government acquisition record.
SYN-ACQ-00245,SYN-PROJ-00245,CHHATTISGARH,Kondagaon,Kondagaon,FOREST,51.0,Railway,Railways Act 1989,13.25,191,84,40,37,8,6,0,130976100,97133900,33842300,25685800,13791600,0.9745,Completed,509,0.1575,0,SYNTHETIC_DEMO,Prototype-only synthetic acquisition record linked to a real Survey of India village boundary; not a government acquisition record.
SYN-ACQ-00246,SYN-PROJ-00246,CHHATTISGARH,Kondagaon,Mardapal,Ahkali,448746.0,National Highway,RFCTLARR Act 2013,51.32,139,125,10,10,23,13,2,348917800,299436800,49481000,7784500,6395100,0.6272,Notification,463,0.1985,0,SYNTHETIC_DEMO,Prototype-only synthetic acquisition record linked to a real Survey of India village boundary; not a government acquisition record.
SYN-ACQ-00247,SYN-PROJ-00247,CHHATTISGARH,Durg,Dhamdha,Pandora,442428.0,Power Transmission,Railways Act 1989,29.1,128,33,9,9,5,4,1,110021100,47047800,62973300,2695700,2382900,0.7563,Award,408,0.271,0,SYNTHETIC_DEMO,Prototype-only synthetic acquisition record linked to a real Survey of India village boundary; not a government acquisition record.
SYN-ACQ-00248,SYN-PROJ-00248,CHHATTISGARH,Uttar Bastar Kanker,Durgkondal,Dodadekadar,447723.0,Urban Infrastructure,Other applicable statute,38.69,141,25,7,7,4,2,0,318457900,178942200,139515700,5576500,3092500,0.7144,Completed,550,0.4078,0,SYNTHETIC_DEMO,Prototype-only synthetic acquisition record linked to a real Survey of India village boundary; not a government acquisition record.
SYN-ACQ-00249,SYN-PROJ-00249,CHHATTISGARH,Sarangarh-Bilaigarh,Bilaigarh,Jharnidih,444263.0,Irrigation,RFCTLARR Act 2013,12.75,128,179,76,19,35,34,0,103999600,72113200,31886400,16524100,8999300,0.776,Completed,496,0.3007,0,SYNTHETIC_DEMO,Prototype-only synthetic acquisition record linked to a real Survey of India village boundary; not a government acquisition record.
SYN-ACQ-00250,SYN-PROJ-00250,CHHATTISGARH,Balrampur-Ramanujganj,Raghunathnagar,Lodhi,432108.0,Railway,National Highways Act 1956,67.03,81,128,10,10,51,49,4,317518900,317518900,0,7703600,6760900,0.6992,Compensation,355,0.0215,0,SYNTHETIC_DEMO,Prototype-only synthetic acquisition record linked to a real Survey of India village boundary; not a government acquisition record.
SYN-ACQ-00251,SYN-PROJ-00251,CHHATTISGARH,Bilaspur,Bilha,Durugdih,439031.0,Railway,National Highways Act 1956,64.83,185,34,2,2,13,7,0,190482900,117839800,72643100,1022800,791500,0.6402,Completed,529,0.3901,0,SYNTHETIC_DEMO,Prototype-only synthetic acquisition record linked to a real Survey of India village boundary; not a government acquisition record.
SYN-ACQ-00252,SYN-PROJ-00252,CHHATTISGARH,Balodabazar-Bhatapara,Bhatapara,Kumharkhan,443605.0,Irrigation,RFCTLARR Act 2013,33.91,5,164,51,22,44,19,3,145317400,78368000,66949400,20634800,8919600,0.5731,Compensation,614,0.5058,0,SYNTHETIC_DEMO,Prototype-only synthetic acquisition record linked to a real Survey of India village boundary; not a government acquisition record.
SYN-ACQ-00253,SYN-PROJ-00253,CHHATTISGARH,Surguja,Lakhanpur,Dand Kesra,433071.0,Industrial Corridor,RFCTLARR Act 2013,21.39,3,110,53,13,32,28,1,99965400,99965400,0,21951500,12790300,0.7416,Award,399,0.2377,0,SYNTHETIC_DEMO,Prototype-only synthetic acquisition record linked to a real Survey of India village boundary; not a government acquisition record.
SYN-ACQ-00254,SYN-PROJ-00254,CHHATTISGARH,Khairagarh-Chhuikhadan-Gandai,Salhewara,Nawagaon,440231.0,Urban Infrastructure,Other applicable statute,15.42,85,144,34,20,28,23,2,73920100,47823300,26096900,24628300,19093200,0.8968,Notification,202,0.1569,0,SYNTHETIC_DEMO,Prototype-only synthetic acquisition record linked to a real Survey of India village boundary; not a government acquisition record.
SYN-ACQ-00255,SYN-PROJ-00255,CHHATTISGARH,Kondagaon,Makdi,Bedagaon,448912.0,Power Transmission,Railways Act 1989,73.8,9,41,20,20,9,7,0,261020500,192696500,68323900,9057500,6023300,0.7294,Award,562,0.2684,0,SYNTHETIC_DEMO,Prototype-only synthetic acquisition record linked to a real Survey of India village boundary; not a government acquisition record.
SYN-ACQ-00256,SYN-PROJ-00256,CHHATTISGARH,Korba,Katghora,Dewari,435901.0,Irrigation,RFCTLARR Act 2013,51.26,193,43,6,5,3,2,0,402656000,347813000,54842900,2572000,2572000,0.8446,Notification,106,0.0876,0,SYNTHETIC_DEMO,Prototype-only synthetic acquisition record linked to a real Survey of India village boundary; not a government acquisition record.
SYN-ACQ-00257,SYN-PROJ-00257,CHHATTISGARH,Uttar Bastar Kanker,Charama,Mudkhusara,447428.0,Urban Infrastructure,National Highways Act 1956,56.1,50,45,6,6,11,4,0,350931800,242940100,107991800,4469800,3417800,0.6313,Notification,377,0.3266,0,SYNTHETIC_DEMO,Prototype-only synthetic acquisition record linked to a real Survey of India village boundary; not a government acquisition record.
SYN-ACQ-00258,SYN-PROJ-00258,CHHATTISGARH,Uttar Bastar Kanker,Narharpur,Biranpur,447887.0,Industrial Corridor,National Highways Act 1956,33.36,84,151,73,31,24,20,0,116651100,58289300,58361800,23569300,11228200,0.9265,Completed,589,0.3402,0,SYNTHETIC_DEMO,Prototype-only synthetic acquisition record linked to a real Survey of India village boundary; not a government acquisition record.
SYN-ACQ-00259,SYN-PROJ-00259,CHHATTISGARH,Bemetara,Nawagarh,Junadandu,441759.0,Power Transmission,National Highways Act 1956,70.58,38,41,15,5,8,7,3,437045400,422319400,14726000,2788800,2233800,0.9818,Notification,546,0.4,0,SYNTHETIC_DEMO,Prototype-only synthetic acquisition record linked to a real Survey of India village boundary; not a government acquisition record.
SYN-ACQ-00260,SYN-PROJ-00260,CHHATTISGARH,Raigarh,Pusour,Gudgahan,435009.0,Industrial Corridor,RFCTLARR Act 2013,8.31,136,166,82,15,48,46,3,63814000,55618300,8195600,30004200,24124700,0.8671,Possession,336,0.1088,0,SYNTHETIC_DEMO,Prototype-only synthetic acquisition record linked to a real Survey of India village boundary; not a government acquisition record.
SYN-ACQ-00261,SYN-PROJ-00261,CHHATTISGARH,Jashpur,Jashpur,Purna Nagar,433857.0,Irrigation,Railways Act 1989,34.91,25,153,45,1,34,31,2,327703900,272577100,55126800,11425300,9655100,0.8885,GIS Verification,328,0.0777,0,SYNTHETIC_DEMO,Prototype-only synthetic acquisition record linked to a real Survey of India village boundary; not a government acquisition record.
SYN-ACQ-00262,SYN-PROJ-00262,CHHATTISGARH,Raigarh,Kapu,Kapu,434396.0,Railway,Other applicable statute,5.9,192,124,58,37,36,20,2,55592100,44600500,10991600,28635000,20909200,0.9472,R&R,476,0.2993,0,SYNTHETIC_DEMO,Prototype-only synthetic acquisition record linked to a real Survey of India village boundary; not a government acquisition record.
SYN-ACQ-00263,SYN-PROJ-00263,CHHATTISGARH,Balrampur-Ramanujganj,Wadrafnagar,Pashupatipur,432117.0,Irrigation,National Highways Act 1956,46.43,118,48,17,4,7,3,1,157139300,109271800,47867500,9493800,4616900,0.6416,Notification,596,0.3767,0,SYNTHETIC_DEMO,Prototype-only synthetic acquisition record linked to a real Survey of India village boundary; not a government acquisition record.
SYN-ACQ-00264,SYN-PROJ-00264,CHHATTISGARH,Uttar Bastar Kanker,Aamabeda,FOREST,51.0,Urban Infrastructure,National Highways Act 1956,23.83,14,10,2,2,4,3,0,99842700,38638400,61204300,1165300,1025200,0.9129,GIS Verification,246,0.4574,0,SYNTHETIC_DEMO,Prototype-only synthetic acquisition record linked to a real Survey of India village boundary; not a government acquisition record.
SYN-ACQ-00265,SYN-PROJ-00265,CHHATTISGARH,Raipur,Dharsiwa,Tekari-2 (Tekari),444740.0,National Highway,RFCTLARR Act 2013,21.49,121,140,23,22,40,39,4,121106800,108517900,12589000,9709800,8110800,0.8917,Scrutiny,366,0.2754,0,SYNTHETIC_DEMO,Prototype-only synthetic acquisition record linked to a real Survey of India village boundary; not a government acquisition record.
SYN-ACQ-00266,SYN-PROJ-00266,CHHATTISGARH,Bemetara,Darhi,Nawagaon Khurd,441889.0,Urban Infrastructure,RFCTLARR Act 2013,39.36,25,112,31,30,41,36,2,270036700,236441000,33595700,9278900,5427800,0.5689,Scrutiny,798,0.5063,0,SYNTHETIC_DEMO,Prototype-only synthetic acquisition record linked to a real Survey of India village boundary; not a government acquisition record.
SYN-ACQ-00267,SYN-PROJ-00267,CHHATTISGARH,Manendragarh-Chirmiri-Bharatpur (MCB),Kelhari,Manwari,431641.0,Irrigation,RFCTLARR Act 2013,70.22,111,150,31,18,10,6,0,218312400,115545300,102767000,5300700,3194400,0.6107,Notification,238,0.065,0,SYNTHETIC_DEMO,Prototype-only synthetic acquisition record linked to a real Survey of India village boundary; not a government acquisition record.
SYN-ACQ-00268,SYN-PROJ-00268,CHHATTISGARH,Uttar Bastar Kanker,Antagarh,FOREST,51.0,Irrigation,Other applicable statute,12.77,187,122,52,11,42,28,4,129605000,82759900,46845100,15360800,7583900,0.7019,GIS Verification,615,0.4183,0,SYNTHETIC_DEMO,Prototype-only synthetic acquisition record linked to a real Survey of India village boundary; not a government acquisition record.
SYN-ACQ-00269,SYN-PROJ-00269,CHHATTISGARH,Mungeli,Lormi,Uraikachhar,437684.0,Urban Infrastructure,Other applicable statute,68.12,131,63,26,2,9,7,0,436298200,436298200,0,14572200,6096900,0.6163,GIS Verification,75,0.0123,0,SYNTHETIC_DEMO,Prototype-only synthetic acquisition record linked to a real Survey of India village boundary; not a government acquisition record.
SYN-ACQ-00270,SYN-PROJ-00270,CHHATTISGARH,Janjgir-Champa,Janjgir,Seoni,436569.0,National Highway,Railways Act 1989,54.9,113,5,3,3,1,0,0,432129700,167101900,265027800,2442600,2020500,0.9739,Completed,876,0.512,0,SYNTHETIC_DEMO,Prototype-only synthetic acquisition record linked to a real Survey of India village boundary; not a government acquisition record.
SYN-ACQ-00271,SYN-PROJ-00271,CHHATTISGARH,Bemetara,Nawagarh,Dhauabhatha Kalan,441696.0,Urban Infrastructure,National Highways Act 1956,3.25,19,121,5,5,22,17,5,44899600,24584800,20314800,2608300,1812200,0.6032,Completed,463,0.2892,0,SYNTHETIC_DEMO,Prototype-only synthetic acquisition record linked to a real Survey of India village boundary; not a government acquisition record.
SYN-ACQ-00272,SYN-PROJ-00272,CHHATTISGARH,Gariyaband,Amlipadar,Jhargaon,445502.0,Power Transmission,Other applicable statute,25.52,144,55,7,7,6,5,0,191286800,134522000,56764800,4591900,2826300,0.8936,Completed,505,0.2624,0,SYNTHETIC_DEMO,Prototype-only synthetic acquisition record linked to a real Survey of India village boundary; not a government acquisition record.
SYN-ACQ-00273,SYN-PROJ-00273,CHHATTISGARH,Mahasamund,Saraipali,Pandaripani,446043.0,Irrigation,RFCTLARR Act 2013,43.48,28,148,1,1,9,7,2,201410500,140861200,60549300,674300,543200,0.8764,Compensation,482,0.2679,0,SYNTHETIC_DEMO,Prototype-only synthetic acquisition record linked to a real Survey of India village boundary; not a government acquisition record.
SYN-ACQ-00274,SYN-PROJ-00274,CHHATTISGARH,Uttar Bastar Kanker,Charama,Bhelai,447432.0,National Highway,Railways Act 1989,6.45,202,161,52,1,40,23,3,71915600,25948000,45967600,31163200,13336800,0.7025,Compensation,438,0.3045,0,SYNTHETIC_DEMO,Prototype-only synthetic acquisition record linked to a real Survey of India village boundary; not a government acquisition record.
SYN-ACQ-00275,SYN-PROJ-00275,CHHATTISGARH,Bastar,Tokapal,Taragaon,449521.0,Urban Infrastructure,National Highways Act 1956,7.01,192,135,27,3,31,23,1,32919700,17954800,14965000,4155700,2162100,0.6188,Compensation,522,0.3289,0,SYNTHETIC_DEMO,Prototype-only synthetic acquisition record linked to a real Survey of India village boundary; not a government acquisition record.
SYN-ACQ-00276,SYN-PROJ-00276,CHHATTISGARH,Jashpur,Bagbahar,Mayur Nacha,434324.0,Irrigation,National Highways Act 1956,31.62,127,176,55,4,44,22,5,192338600,130252000,62086600,23443900,18264800,0.6367,Scrutiny,519,0.268,0,SYNTHETIC_DEMO,Prototype-only synthetic acquisition record linked to a real Survey of India village boundary; not a government acquisition record.
SYN-ACQ-00277,SYN-PROJ-00277,CHHATTISGARH,Kabeerdham,Kawardha,Dullapur,439197.0,Urban Infrastructure,Railways Act 1989,17.79,32,102,9,9,22,19,0,128362400,74789700,53572600,1615400,1426000,0.9331,Completed,278,0.1121,0,SYNTHETIC_DEMO,Prototype-only synthetic acquisition record linked to a real Survey of India village boundary; not a government acquisition record.
SYN-ACQ-00278,SYN-PROJ-00278,CHHATTISGARH,Balod,Daundilohara,SUNDAR NAGAR R.F.,51.0,Power Transmission,RFCTLARR Act 2013,5.81,83,46,17,17,6,3,0,25347400,25347400,0,13459900,10865000,0.7808,Notification,332,0.0818,0,SYNTHETIC_DEMO,Prototype-only synthetic acquisition record linked to a real Survey of India village boundary; not a government acquisition record.
SYN-ACQ-00279,SYN-PROJ-00279,CHHATTISGARH,Sukma,Jagargunda,Rama Ram,450344.0,Industrial Corridor,Railways Act 1989,24.01,152,154,71,5,35,24,3,138046200,133197300,4848900,33437700,14541800,0.8104,Compensation,372,0.1606,0,SYNTHETIC_DEMO,Prototype-only synthetic acquisition record linked to a real Survey of India village boundary; not a government acquisition record.
SYN-ACQ-00280,SYN-PROJ-00280,CHHATTISGARH,Balodabazar-Bhatapara,Suhela,Bhothidih Alias Titahid,443559.0,Irrigation,Railways Act 1989,16.95,181,35,10,10,2,1,0,132049300,132049300,0,2960400,2960400,0.6814,R&R,561,0.108,0,SYNTHETIC_DEMO,Prototype-only synthetic acquisition record linked to a real Survey of India village boundary; not a government acquisition record.
SYN-ACQ-00281,SYN-PROJ-00281,CHHATTISGARH,Manendragarh-Chirmiri-Bharatpur (MCB),Kelhari,Dhanhar,431607.0,National Highway,RFCTLARR Act 2013,18.84,16,14,6,6,3,1,0,81970300,54463000,27507300,2637800,1748000,0.67,R&R,504,0.2739,0,SYNTHETIC_DEMO,Prototype-only synthetic acquisition record linked to a real Survey of India village boundary; not a government acquisition record.
SYN-ACQ-00282,SYN-PROJ-00282,CHHATTISGARH,Bemetara,Darhi,Hemaband,441943.0,Irrigation,Other applicable statute,40.09,174,97,34,0,18,15,0,190330500,180440900,9889700,12816900,11139800,0.919,Notification,508,0.2217,0,SYNTHETIC_DEMO,Prototype-only synthetic acquisition record linked to a real Survey of India village boundary; not a government acquisition record.
SYN-ACQ-00283,SYN-PROJ-00283,CHHATTISGARH,Balodabazar-Bhatapara,Suhela,Bhat Bhera,443578.0,Power Transmission,Railways Act 1989,63.16,93,156,44,21,10,4,0,281841200,204800300,77040900,32119100,17779200,0.8205,Completed,545,0.258,0,SYNTHETIC_DEMO,Prototype-only synthetic acquisition record linked to a real Survey of India village boundary; not a government acquisition record.
SYN-ACQ-00284,SYN-PROJ-00284,CHHATTISGARH,Korea,Pondi (Bachra),Khandhaura,431799.0,Irrigation,National Highways Act 1956,54.99,209,89,9,9,18,10,0,405622300,277897800,127724500,1833000,1589100,0.6517,GIS Verification,533,0.2101,0,SYNTHETIC_DEMO,Prototype-only synthetic acquisition record linked to a real Survey of India village boundary; not a government acquisition record.
SYN-ACQ-00285,SYN-PROJ-00285,CHHATTISGARH,Sakti,Malkharoda,Mirouni,437316.0,Irrigation,Railways Act 1989,27.14,45,164,50,37,22,9,2,193295900,151667400,41628500,22835300,16395900,0.7117,Award,572,0.2846,0,SYNTHETIC_DEMO,Prototype-only synthetic acquisition record linked to a real Survey of India village boundary; not a government acquisition record.
SYN-ACQ-00286,SYN-PROJ-00286,CHHATTISGARH,Bemetara,Berla,Karamal,442303.0,Irrigation,RFCTLARR Act 2013,44.83,47,128,57,26,19,15,1,236398100,213583300,22814800,46590100,38791800,0.6956,R&R,676,0.3635,0,SYNTHETIC_DEMO,Prototype-only synthetic acquisition record linked to a real Survey of India village boundary; not a government acquisition record.
SYN-ACQ-00287,SYN-PROJ-00287,CHHATTISGARH,Balod,Daundilohara,Bhalu Konha,443125.0,Urban Infrastructure,Railways Act 1989,14.29,33,59,30,18,8,3,0,90893700,57106400,33787300,20198800,10867000,0.7385,Award,455,0.2714,0,SYNTHETIC_DEMO,Prototype-only synthetic acquisition record linked to a real Survey of India village boundary; not a government acquisition record.
SYN-ACQ-00288,SYN-PROJ-00288,CHHATTISGARH,Bilaspur,Sankari,Butena,438641.0,Urban Infrastructure,National Highways Act 1956,72.22,29,151,6,6,20,19,0,609349200,338149000,271200200,2584400,2081100,0.7344,Award,458,0.1917,0,SYNTHETIC_DEMO,Prototype-only synthetic acquisition record linked to a real Survey of India village boundary; not a government acquisition record.
SYN-ACQ-00289,SYN-PROJ-00289,CHHATTISGARH,Balod,Balod,Biretra,443181.0,Urban Infrastructure,Other applicable statute,20.07,168,156,70,2,16,8,0,109049700,58765000,50284700,37608800,24236100,0.6707,Possession,535,0.3216,0,SYNTHETIC_DEMO,Prototype-only synthetic acquisition record linked to a real Survey of India village boundary; not a government acquisition record.
SYN-ACQ-00290,SYN-PROJ-00290,CHHATTISGARH,Mohla-Manpur-Ambagarh Chouki,Manpur,FOREST,51.0,Power Transmission,Railways Act 1989,40.27,197,72,4,4,20,18,2,106927800,52364500,54563300,3457700,2365100,0.7616,Compensation,741,0.3634,0,SYNTHETIC_DEMO,Prototype-only synthetic acquisition record linked to a real Survey of India village boundary; not a government acquisition record.
SYN-ACQ-00291,SYN-PROJ-00291,CHHATTISGARH,Dhamtari,Magarlod,Parewadih,446946.0,Urban Infrastructure,Other applicable statute,11.58,98,117,38,23,18,17,1,135657400,91348800,44308600,6718000,4171500,0.9101,Compensation,451,0.3123,0,SYNTHETIC_DEMO,Prototype-only synthetic acquisition record linked to a real Survey of India village boundary; not a government acquisition record.
SYN-ACQ-00292,SYN-PROJ-00292,CHHATTISGARH,Korea,Sonhat,Kadna,431537.0,Urban Infrastructure,Railways Act 1989,32.7,210,50,18,18,5,2,0,258364600,228006200,30358400,9097500,7069000,0.9853,Notification,358,0.1107,0,SYNTHETIC_DEMO,Prototype-only synthetic acquisition record linked to a real Survey of India village boundary; not a government acquisition record.
SYN-ACQ-00293,SYN-PROJ-00293,CHHATTISGARH,Kabeerdham,Kunda,Damapur,440022.0,Industrial Corridor,RFCTLARR Act 2013,10.04,67,56,1,1,4,3,0,36772500,20573700,16198900,499500,412600,0.8585,Objection/Hearing,54,0.0099,0,SYNTHETIC_DEMO,Prototype-only synthetic acquisition record linked to a real Survey of India village boundary; not a government acquisition record.
SYN-ACQ-00294,SYN-PROJ-00294,CHHATTISGARH,Durg,Durg,Achhoti,442616.0,Irrigation,Other applicable statute,4.63,154,174,12,12,22,20,1,53872600,46699000,7173600,6141900,4547600,0.9453,Objection/Hearing,284,0.0887,0,SYNTHETIC_DEMO,Prototype-only synthetic acquisition record linked to a real Survey of India village boundary; not a government acquisition record.
SYN-ACQ-00295,SYN-PROJ-00295,CHHATTISGARH,Kondagaon,Dhanora,Umla,448498.0,National Highway,National Highways Act 1956,70.81,168,144,26,18,46,31,2,500213800,372470200,127743600,23234800,16827700,0.7523,Compensation,372,0.1909,0,SYNTHETIC_DEMO,Prototype-only synthetic acquisition record linked to a real Survey of India village boundary; not a government acquisition record.
SYN-ACQ-00296,SYN-PROJ-00296,CHHATTISGARH,Raigarh,Raigarh,FOREST,51.0,Power Transmission,Railways Act 1989,51.21,214,67,31,19,26,22,2,419490200,369568900,49921300,6139000,4560400,0.5888,Possession,440,0.1666,0,SYNTHETIC_DEMO,Prototype-only synthetic acquisition record linked to a real Survey of India village boundary; not a government acquisition record.
SYN-ACQ-00297,SYN-PROJ-00297,CHHATTISGARH,Uttar Bastar Kanker,Durgkondal,Hanpattari,447682.0,Urban Infrastructure,National Highways Act 1956,5.13,112,89,17,17,33,20,3,47448100,38012500,9435600,8152700,4885500,0.7894,Possession,581,0.272,0,SYNTHETIC_DEMO,Prototype-only synthetic acquisition record linked to a real Survey of India village boundary; not a government acquisition record.
SYN-ACQ-00298,SYN-PROJ-00298,CHHATTISGARH,Raipur,Mandir Hasoud,Chataud,444514.0,Industrial Corridor,RFCTLARR Act 2013,59.81,90,76,1,1,20,16,1,203526100,195770200,7756000,722400,356900,0.5953,Objection/Hearing,285,0.1324,0,SYNTHETIC_DEMO,Prototype-only synthetic acquisition record linked to a real Survey of India village boundary; not a government acquisition record.
SYN-ACQ-00299,SYN-PROJ-00299,CHHATTISGARH,Gariyaband,Devbhog,Dabribhatha,445617.0,Power Transmission,National Highways Act 1956,69.77,189,173,84,28,42,30,4,626863000,230142800,396720200,62493000,51702500,0.9458,Objection/Hearing,472,0.2552,0,SYNTHETIC_DEMO,Prototype-only synthetic acquisition record linked to a real Survey of India village boundary; not a government acquisition record.
SYN-ACQ-00300,SYN-PROJ-00300,CHHATTISGARH,Narayanpur,Narayanpur,Narayanpur (M),802066.0,Urban Infrastructure,National Highways Act 1956,9.43,123,168,31,22,16,15,0,50327300,24997100,25330200,26884900,24537200,0.5758,Compensation,357,0.2433,0,SYNTHETIC_DEMO,Prototype-only synthetic acquisition record linked to a real Survey of India village boundary; not a government acquisition record.
SYN-ACQ-00301,SYN-PROJ-00301,CHHATTISGARH,Narayanpur,Narayanpur,Kondahur,449763.0,Railway,Railways Act 1989,30.4,101,53,1,1,9,4,0,102961600,102961600,0,407200,138300,0.6659,Objection/Hearing,345,0.0958,0,SYNTHETIC_DEMO,Prototype-only synthetic acquisition record linked to a real Survey of India village boundary; not a government acquisition record.
SYN-ACQ-00302,SYN-PROJ-00302,CHHATTISGARH,Rajnandgaon,Chhuriya,Bendadi,440939.0,Railway,Other applicable statute,30.98,206,125,50,0,30,15,4,331020100,136309900,194710200,8330000,5977300,0.5567,Award,442,0.3106,0,SYNTHETIC_DEMO,Prototype-only synthetic acquisition record linked to a real Survey of India village boundary; not a government acquisition record.
SYN-ACQ-00303,SYN-PROJ-00303,CHHATTISGARH,Raigarh,Raigarh,Balbhadrapur,434955.0,Power Transmission,National Highways Act 1956,1.63,83,129,8,8,35,26,1,39580500,24751400,14829100,3959700,2317100,0.9689,Award,529,0.1463,0,SYNTHETIC_DEMO,Prototype-only synthetic acquisition record linked to a real Survey of India village boundary; not a government acquisition record.
SYN-ACQ-00304,SYN-PROJ-00304,CHHATTISGARH,Balodabazar-Bhatapara,Balodabazar,Halwai Khapri,443730.0,National Highway,Other applicable statute,2.27,118,162,20,20,48,29,4,64771200,57638900,7132300,14763100,2647000,0.597,Compensation,190,0.0458,0,SYNTHETIC_DEMO,Prototype-only synthetic acquisition record linked to a real Survey of India village boundary; not a government acquisition record.
SYN-ACQ-00305,SYN-PROJ-00305,CHHATTISGARH,Bijapur,Bhairamgarh,Gondameta,451252.0,Urban Infrastructure,Other applicable statute,17.96,79,123,4,4,31,29,0,209321300,145058600,64262700,2821900,1417000,0.5734,Possession,467,0.2905,0,SYNTHETIC_DEMO,Prototype-only synthetic acquisition record linked to a real Survey of India village boundary; not a government acquisition record.
SYN-ACQ-00306,SYN-PROJ-00306,CHHATTISGARH,Sarangarh-Bilaigarh,Baramkela,Bhalupani,435811.0,National Highway,National Highways Act 1956,21.33,200,174,46,20,32,15,1,128450300,97148900,31301300,16905900,15269400,0.6577,Scrutiny,532,0.2031,0,SYNTHETIC_DEMO,Prototype-only synthetic acquisition record linked to a real Survey of India village boundary; not a government acquisition record.
SYN-ACQ-00307,SYN-PROJ-00307,CHHATTISGARH,Kabeerdham,Pandariya,Pandariya (M),801985.0,Industrial Corridor,Railways Act 1989,52.6,150,134,5,5,10,8,1,153993200,105446300,48546900,2307900,975400,0.6462,Notification,223,0.0446,0,SYNTHETIC_DEMO,Prototype-only synthetic acquisition record linked to a real Survey of India village boundary; not a government acquisition record.
SYN-ACQ-00308,SYN-PROJ-00308,CHHATTISGARH,Khairagarh-Chhuikhadan-Gandai,Gandai,Chhuikhadan Forest Range,51.0,Railway,National Highways Act 1956,42.21,12,80,41,8,11,10,0,280096600,180392100,99704500,25532100,22739100,0.7566,Scrutiny,450,0.2968,0,SYNTHETIC_DEMO,Prototype-only synthetic acquisition record linked to a real Survey of India village boundary; not a government acquisition record.
SYN-ACQ-00309,SYN-PROJ-00309,CHHATTISGARH,Mahasamund,Mahasamund,Nawagaon,446132.0,Power Transmission,Other applicable statute,21.68,13,120,53,35,24,12,2,160249300,135797600,24451700,23721900,20716300,0.6102,R&R,591,0.4097,0,SYNTHETIC_DEMO,Prototype-only synthetic acquisition record linked to a real Survey of India village boundary; not a government acquisition record.
SYN-ACQ-00310,SYN-PROJ-00310,CHHATTISGARH,Korba,Barpali,Dadarkalan,436488.0,Industrial Corridor,Railways Act 1989,27.84,178,10,5,5,2,0,0,236367100,236367100,0,919800,290900,0.8561,Completed,121,0.0236,0,SYNTHETIC_DEMO,Prototype-only synthetic acquisition record linked to a real Survey of India village boundary; not a government acquisition record.
SYN-ACQ-00311,SYN-PROJ-00311,CHHATTISGARH,Kabeerdham,Rengakharkala,Palak,439536.0,Railway,National Highways Act 1956,61.93,150,129,12,7,44,28,6,577029900,393062400,183967600,8321900,3560600,0.8081,Notification,465,0.2524,0,SYNTHETIC_DEMO,Prototype-only synthetic acquisition record linked to a real Survey of India village boundary; not a government acquisition record.
SYN-ACQ-00312,SYN-PROJ-00312,CHHATTISGARH,Balod,Arjunda,Kharbana,442823.0,Railway,Other applicable statute,53.47,51,123,51,0,36,16,0,451557700,227170000,224387700,39228400,22997000,0.5807,Proposal,646,0.3214,0,SYNTHETIC_DEMO,Prototype-only synthetic acquisition record linked to a real Survey of India village boundary; not a government acquisition record.
SYN-ACQ-00313,SYN-PROJ-00313,CHHATTISGARH,Janjgir-Champa,Saragaon,Darri,436837.0,Irrigation,Railways Act 1989,18.88,184,126,8,8,20,12,1,214392400,214392400,0,6982700,5330400,0.9795,Possession,523,0.0162,0,SYNTHETIC_DEMO,Prototype-only synthetic acquisition record linked to a real Survey of India village boundary; not a government acquisition record.
SYN-ACQ-00314,SYN-PROJ-00314,CHHATTISGARH,Korea,Baikunthpur,Talwapara,650843.0,Power Transmission,Other applicable statute,42.47,191,154,38,18,24,22,1,318617100,209922900,108694200,32942000,8440100,0.6389,Compensation,585,0.3763,0,SYNTHETIC_DEMO,Prototype-only synthetic acquisition record linked to a real Survey of India village boundary; not a government acquisition record.
SYN-ACQ-00315,SYN-PROJ-00315,CHHATTISGARH,Sakti,Sakti,Pali,436930.0,Industrial Corridor,Other applicable statute,40.13,149,13,5,5,5,4,0,378365000,267098700,111266300,2313400,1775500,0.6812,Objection/Hearing,501,0.3583,0,SYNTHETIC_DEMO,Prototype-only synthetic acquisition record linked to a real Survey of India village boundary; not a government acquisition record.
SYN-ACQ-00316,SYN-PROJ-00316,CHHATTISGARH,Mahasamund,Saraipali,Kapukunda,445964.0,Industrial Corridor,Railways Act 1989,72.47,38,21,6,1,7,5,0,606863200,591201800,15661300,4795000,2901200,0.82,Award,395,0.2108,0,SYNTHETIC_DEMO,Prototype-only synthetic acquisition record linked to a real Survey of India village boundary; not a government acquisition record.
SYN-ACQ-00317,SYN-PROJ-00317,CHHATTISGARH,Bastar,Lohandiguda,Silkajhodi,449207.0,Irrigation,National Highways Act 1956,59.8,218,135,35,2,32,23,3,342891900,235127500,107764400,30189400,22531700,0.8385,Compensation,396,0.0663,0,SYNTHETIC_DEMO,Prototype-only synthetic acquisition record linked to a real Survey of India village boundary; not a government acquisition record.
SYN-ACQ-00318,SYN-PROJ-00318,CHHATTISGARH,Kondagaon,Makdi,Titna,448872.0,Urban Infrastructure,National Highways Act 1956,48.54,142,44,18,11,14,13,1,203336800,146018000,57318800,7503600,7503600,0.9674,Compensation,439,0.2374,0,SYNTHETIC_DEMO,Prototype-only synthetic acquisition record linked to a real Survey of India village boundary; not a government acquisition record.
SYN-ACQ-00319,SYN-PROJ-00319,CHHATTISGARH,Uttar Bastar Kanker,Bande,Daya Nagar,448383.0,Urban Infrastructure,RFCTLARR Act 2013,48.05,141,11,2,2,3,2,0,416085700,269587400,146498200,1033400,579100,0.6648,Possession,395,0.2438,0,SYNTHETIC_DEMO,Prototype-only synthetic acquisition record linked to a real Survey of India village boundary; not a government acquisition record.
SYN-ACQ-00320,SYN-PROJ-00320,CHHATTISGARH,Mungeli,Lalpur Thana,Bhakurkapa,437778.0,Urban Infrastructure,RFCTLARR Act 2013,69.62,62,179,87,21,23,12,4,383223600,197779800,185443700,31811300,20315400,0.8527,Proposal,595,0.3608,0,SYNTHETIC_DEMO,Prototype-only synthetic acquisition record linked to a real Survey of India village boundary; not a government acquisition record.
SYN-ACQ-00321,SYN-PROJ-00321,CHHATTISGARH,Mungeli,Pathariya,Jagatakapa,438363.0,Urban Infrastructure,National Highways Act 1956,62.55,94,179,53,22,38,35,1,463452500,345283300,118169300,23270100,17757700,0.9546,R&R,260,0.0691,0,SYNTHETIC_DEMO,Prototype-only synthetic acquisition record linked to a real Survey of India village boundary; not a government acquisition record.
SYN-ACQ-00322,SYN-PROJ-00322,CHHATTISGARH,Surajpur,Ramanujnagar,Nakana,432827.0,National Highway,Railways Act 1989,26.58,12,125,43,19,17,9,0,227983900,149569300,78414600,14848700,3484600,0.5875,GIS Verification,215,0.0895,0,SYNTHETIC_DEMO,Prototype-only synthetic acquisition record linked to a real Survey of India village boundary; not a government acquisition record.
SYN-ACQ-00323,SYN-PROJ-00323,CHHATTISGARH,Korba,Pasan,FOREST,51.0,Urban Infrastructure,RFCTLARR Act 2013,27.29,33,59,25,25,15,10,0,228590700,154295800,74295000,8006500,8006500,0.8626,R&R,407,0.345,0,SYNTHETIC_DEMO,Prototype-only synthetic acquisition record linked to a real Survey of India village boundary; not a government acquisition record.
SYN-ACQ-00324,SYN-PROJ-00324,CHHATTISGARH,Mahasamund,Basna,Bijrabhata,445715.0,Power Transmission,RFCTLARR Act 2013,24.12,62,45,22,21,4,3,1,227399400,117911300,109488100,14598000,7938400,0.7555,Possession,548,0.4089,0,SYNTHETIC_DEMO,Prototype-only synthetic acquisition record linked to a real Survey of India village boundary; not a government acquisition record.
SYN-ACQ-00325,SYN-PROJ-00325,CHHATTISGARH,Raigarh,Raigarh,Koylanga,434984.0,Irrigation,Railways Act 1989,26.55,121,71,17,9,21,20,2,86915400,47902700,39012700,8997700,4414700,0.6411,Completed,652,0.2966,0,SYNTHETIC_DEMO,Prototype-only synthetic acquisition record linked to a real Survey of India village boundary; not a government acquisition record.
SYN-ACQ-00326,SYN-PROJ-00326,CHHATTISGARH,Mahasamund,Saraipali,Sargunabhata,446080.0,Urban Infrastructure,Other applicable statute,28.37,5,117,25,20,33,32,2,201677000,151535300,50141700,19145600,13194600,0.715,Completed,420,0.1958,0,SYNTHETIC_DEMO,Prototype-only synthetic acquisition record linked to a real Survey of India village boundary; not a government acquisition record.
SYN-ACQ-00327,SYN-PROJ-00327,CHHATTISGARH,Balodabazar-Bhatapara,Lavan,Amalkunda,443798.0,Urban Infrastructure,Other applicable statute,27.79,199,6,2,2,0,0,0,120376600,61040800,59335800,472200,236900,0.8639,Possession,575,0.3352,0,SYNTHETIC_DEMO,Prototype-only synthetic acquisition record linked to a real Survey of India village boundary; not a government acquisition record.
SYN-ACQ-00328,SYN-PROJ-00328,CHHATTISGARH,Dhamtari,Bhakhara,Madai Bhata,447017.0,Industrial Corridor,Railways Act 1989,65.87,84,108,45,3,22,18,2,303486900,279477600,24009200,34985300,30007300,0.7822,Compensation,428,0.0628,0,SYNTHETIC_DEMO,Prototype-only synthetic acquisition record linked to a real Survey of India village boundary; not a government acquisition record.
SYN-ACQ-00329,SYN-PROJ-00329,CHHATTISGARH,Uttar Bastar Kanker,Bhanupratappur,Hafarra,447554.0,Power Transmission,RFCTLARR Act 2013,24.49,68,44,6,6,15,13,0,158532400,72117800,86414700,3958000,3958000,0.8221,Possession,650,0.4057,0,SYNTHETIC_DEMO,Prototype-only synthetic acquisition record linked to a real Survey of India village boundary; not a government acquisition record.
SYN-ACQ-00330,SYN-PROJ-00330,CHHATTISGARH,Raipur,Arang,Benidih,444488.0,Power Transmission,National Highways Act 1956,50.9,118,138,15,7,17,9,0,437998200,437998200,0,2981600,2285900,0.7773,Objection/Hearing,153,0.0,0,SYNTHETIC_DEMO,Prototype-only synthetic acquisition record linked to a real Survey of India village boundary; not a government acquisition record.
SYN-ACQ-00331,SYN-PROJ-00331,CHHATTISGARH,Korea,Baikunthpur,FOREST,51.0,National Highway,Railways Act 1989,41.15,64,158,52,32,12,11,0,378087600,274786700,103300900,16406900,4691300,0.773,Notification,423,0.3186,0,SYNTHETIC_DEMO,Prototype-only synthetic acquisition record linked to a real Survey of India village boundary; not a government acquisition record.
SYN-ACQ-00332,SYN-PROJ-00332,CHHATTISGARH,Kabeerdham,Bodla,Other,51.0,Irrigation,National Highways Act 1956,44.97,138,160,29,17,10,6,0,458470300,231470100,227000200,10954800,5423500,0.6994,Compensation,380,0.184,0,SYNTHETIC_DEMO,Prototype-only synthetic acquisition record linked to a real Survey of India village boundary; not a government acquisition record.
SYN-ACQ-00333,SYN-PROJ-00333,CHHATTISGARH,Surguja,Udaypur,Narayanpur,433187.0,Irrigation,Other applicable statute,47.98,150,151,15,15,22,11,2,324322000,197602600,126719500,8242500,4255100,0.7114,Notification,452,0.2797,0,SYNTHETIC_DEMO,Prototype-only synthetic acquisition record linked to a real Survey of India village boundary; not a government acquisition record.
SYN-ACQ-00334,SYN-PROJ-00334,CHHATTISGARH,Kabeerdham,Sahaspur Lohara,Padakipara,439589.0,Urban Infrastructure,RFCTLARR Act 2013,31.64,7,98,6,0,21,16,1,138373900,43435600,94938300,1885300,712500,0.8128,Scrutiny,545,0.3437,0,SYNTHETIC_DEMO,Prototype-only synthetic acquisition record linked to a real Survey of India village boundary; not a government acquisition record.
SYN-ACQ-00335,SYN-PROJ-00335,CHHATTISGARH,Dhamtari,Dhamtari,Deori,447054.0,Power Transmission,RFCTLARR Act 2013,12.46,206,14,8,8,3,1,0,113139100,84941800,28197300,4163300,3114400,0.7292,Notification,492,0.3467,0,SYNTHETIC_DEMO,Prototype-only synthetic acquisition record linked to a real Survey of India village boundary; not a government acquisition record.
SYN-ACQ-00336,SYN-PROJ-00336,CHHATTISGARH,Mohla-Manpur-Ambagarh Chouki,Ambagarh Chouki,Bihari Khurd,441657.0,Irrigation,Other applicable statute,10.49,160,169,75,31,17,8,0,73821200,56605000,17216200,23074000,13806700,0.6996,Award,439,0.1184,0,SYNTHETIC_DEMO,Prototype-only synthetic acquisition record linked to a real Survey of India village boundary; not a government acquisition record.
SYN-ACQ-00337,SYN-PROJ-00337,CHHATTISGARH,Gariyaband,Chhura,Maliyar,445301.0,National Highway,National Highways Act 1956,6.33,73,156,40,17,8,5,0,113521800,62459100,51062600,7524300,4343300,0.831,Completed,313,0.0851,0,SYNTHETIC_DEMO,Prototype-only synthetic acquisition record linked to a real Survey of India village boundary; not a government acquisition record.
SYN-ACQ-00338,SYN-PROJ-00338,CHHATTISGARH,Dhamtari,Kurud,Bhainsmudi,446865.0,Industrial Corridor,RFCTLARR Act 2013,51.17,8,70,28,20,23,20,2,368583300,286465500,82117800,11235100,9834200,0.7922,Possession,642,0.434,0,SYNTHETIC_DEMO,Prototype-only synthetic acquisition record linked to a real Survey of India village boundary; not a government acquisition record.
SYN-ACQ-00339,SYN-PROJ-00339,CHHATTISGARH,Durg,Bori,Boribuzurg,442480.0,Industrial Corridor,RFCTLARR Act 2013,59.99,176,46,8,8,7,4,0,180803600,153460600,27343000,6121700,2583400,0.6153,Notification,200,0.0189,0,SYNTHETIC_DEMO,Prototype-only synthetic acquisition record linked to a real Survey of India village boundary; not a government acquisition record.
SYN-ACQ-00340,SYN-PROJ-00340,CHHATTISGARH,Bemetara,Nawagarh,Katai,441788.0,National Highway,Railways Act 1989,14.34,43,81,37,17,20,13,1,93069800,86589400,6480400,25245700,22057600,0.9258,R&R,467,0.2468,0,SYNTHETIC_DEMO,Prototype-only synthetic acquisition record linked to a real Survey of India village boundary; not a government acquisition record.
SYN-ACQ-00341,SYN-PROJ-00341,CHHATTISGARH,Janjgir-Champa,Bamhnidih,Borsi,436883.0,National Highway,RFCTLARR Act 2013,74.25,80,31,5,5,11,6,0,210259800,197306200,12953600,2090900,1341900,0.7396,Possession,305,0.2004,0,SYNTHETIC_DEMO,Prototype-only synthetic acquisition record linked to a real Survey of India village boundary; not a government acquisition record.
SYN-ACQ-00342,SYN-PROJ-00342,CHHATTISGARH,Narayanpur,Chhotedongar,Bedma,449781.0,Railway,RFCTLARR Act 2013,29.11,165,12,5,5,2,0,1,91463200,51496600,39966600,3965900,2496700,0.7181,Compensation,436,0.2958,0,SYNTHETIC_DEMO,Prototype-only synthetic acquisition record linked to a real Survey of India village boundary; not a government acquisition record.
SYN-ACQ-00343,SYN-PROJ-00343,CHHATTISGARH,Balrampur-Ramanujganj,Shankargarh,FOREST,51.0,Industrial Corridor,Railways Act 1989,46.3,66,162,76,18,32,28,1,465783500,295734400,170049000,58726100,31800900,0.9719,Award,361,0.2058,0,SYNTHETIC_DEMO,Prototype-only synthetic acquisition record linked to a real Survey of India village boundary; not a government acquisition record.
SYN-ACQ-00344,SYN-PROJ-00344,CHHATTISGARH,Bemetara,Thankhamariya,Odiya,442176.0,Irrigation,RFCTLARR Act 2013,71.22,131,107,13,12,17,8,2,692182800,647367300,44815500,4869500,3094200,0.8289,Award,392,0.1858,0,SYNTHETIC_DEMO,Prototype-only synthetic acquisition record linked to a real Survey of India village boundary; not a government acquisition record.
SYN-ACQ-00345,SYN-PROJ-00345,CHHATTISGARH,Balodabazar-Bhatapara,Bhatapara,Kalmidih,443615.0,Irrigation,Other applicable statute,63.86,55,176,73,2,45,23,3,195260400,195260400,0,35020600,33608600,0.955,Objection/Hearing,515,0.2673,0,SYNTHETIC_DEMO,Prototype-only synthetic acquisition record linked to a real Survey of India village boundary; not a government acquisition record.
SYN-ACQ-00346,SYN-PROJ-00346,CHHATTISGARH,Sakti,BARADWAR,Sendri,436922.0,Industrial Corridor,Railways Act 1989,24.11,30,53,19,19,5,3,0,58859700,58859700,0,8278600,6074400,0.7898,Award,638,0.1875,0,SYNTHETIC_DEMO,Prototype-only synthetic acquisition record linked to a real Survey of India village boundary; not a government acquisition record.
SYN-ACQ-00347,SYN-PROJ-00347,CHHATTISGARH,Mungeli,Lalpur Thana,Amlidih,437729.0,Industrial Corridor,RFCTLARR Act 2013,40.22,97,176,72,15,11,5,3,307013000,148641000,158372000,40508700,26217200,0.589,GIS Verification,404,0.2171,0,SYNTHETIC_DEMO,Prototype-only synthetic acquisition record linked to a real Survey of India village boundary; not a government acquisition record.
SYN-ACQ-00348,SYN-PROJ-00348,CHHATTISGARH,Bastar,Jagdalpur,Naktisemera (Part),449073.0,National Highway,RFCTLARR Act 2013,19.19,185,159,15,15,49,20,3,110012800,94079700,15933100,11840900,6994800,0.8798,R&R,259,0.0297,0,SYNTHETIC_DEMO,Prototype-only synthetic acquisition record linked to a real Survey of India village boundary; not a government acquisition record.
SYN-ACQ-00349,SYN-PROJ-00349,CHHATTISGARH,Gariyaband,Gariyaband,Baruka,445071.0,Railway,National Highways Act 1956,37.83,168,122,32,8,24,9,6,212297200,110161100,102136100,14493900,6262600,0.7341,Completed,420,0.3072,0,SYNTHETIC_DEMO,Prototype-only synthetic acquisition record linked to a real Survey of India village boundary; not a government acquisition record.
SYN-ACQ-00350,SYN-PROJ-00350,CHHATTISGARH,Korea,Patna,Sawanrawan,431482.0,National Highway,RFCTLARR Act 2013,65.36,173,13,6,6,3,2,1,614811800,466954100,147857700,3637600,1767200,0.7409,Completed,304,0.2304,0,SYNTHETIC_DEMO,Prototype-only synthetic acquisition record linked to a real Survey of India village boundary; not a government acquisition record.
SYN-ACQ-00351,SYN-PROJ-00351,CHHATTISGARH,Mohla-Manpur-Ambagarh Chouki,Manpur,Munjal,441492.0,Power Transmission,RFCTLARR Act 2013,49.77,37,61,13,13,4,2,0,274717200,191848300,82868800,11020700,6759800,0.984,GIS Verification,251,0.0398,0,SYNTHETIC_DEMO,Prototype-only synthetic acquisition record linked to a real Survey of India village boundary; not a government acquisition record.
SYN-ACQ-00352,SYN-PROJ-00352,CHHATTISGARH,Balodabazar-Bhatapara,Lavan,Paijani,443803.0,National Highway,RFCTLARR Act 2013,22.42,123,144,18,18,8,7,0,74979900,27811500,47168300,4986500,4280600,0.9466,Compensation,538,0.2663,0,SYNTHETIC_DEMO,Prototype-only synthetic acquisition record linked to a real Survey of India village boundary; not a government acquisition record.
SYN-ACQ-00353,SYN-PROJ-00353,CHHATTISGARH,Narayanpur,Narayanpur,Borpal,449654.0,Industrial Corridor,Railways Act 1989,51.51,165,27,8,8,10,8,2,388901700,310502700,78399000,4944800,2778900,0.9672,Objection/Hearing,381,0.2472,0,SYNTHETIC_DEMO,Prototype-only synthetic acquisition record linked to a real Survey of India village boundary; not a government acquisition record.
SYN-ACQ-00354,SYN-PROJ-00354,CHHATTISGARH,Balodabazar-Bhatapara,Palari,Amethi,443966.0,National Highway,Railways Act 1989,68.86,193,93,47,38,8,6,0,648685800,330193100,318492700,9146700,5965700,0.641,R&R,434,0.3456,0,SYNTHETIC_DEMO,Prototype-only synthetic acquisition record linked to a real Survey of India village boundary; not a government acquisition record.
SYN-ACQ-00355,SYN-PROJ-00355,CHHATTISGARH,Kabeerdham,Pipariya,Amlidih,439105.0,Industrial Corridor,RFCTLARR Act 2013,39.3,187,37,1,1,11,6,0,253493600,176536000,76957600,881200,448000,0.6973,R&R,780,0.3701,0,SYNTHETIC_DEMO,Prototype-only synthetic acquisition record linked to a real Survey of India village boundary; not a government acquisition record.
SYN-ACQ-00356,SYN-PROJ-00356,CHHATTISGARH,Mungeli,Mungeli,Lokaipur,438290.0,Urban Infrastructure,RFCTLARR Act 2013,46.93,103,137,4,4,39,34,0,292582000,287072900,5509100,1048400,595500,0.5901,Compensation,397,0.2776,0,SYNTHETIC_DEMO,Prototype-only synthetic acquisition record linked to a real Survey of India village boundary; not a government acquisition record.
SYN-ACQ-00357,SYN-PROJ-00357,CHHATTISGARH,Mahasamund,Mahasamund,Gudelabhatha,446175.0,Irrigation,Other applicable statute,70.0,189,39,4,4,9,8,0,184559100,100882000,83677100,1833000,820300,0.6615,Completed,535,0.4438,0,SYNTHETIC_DEMO,Prototype-only synthetic acquisition record linked to a real Survey of India village boundary; not a government acquisition record.
SYN-ACQ-00358,SYN-PROJ-00358,CHHATTISGARH,Surguja,Udaypur,Gumga,433192.0,Industrial Corridor,National Highways Act 1956,71.63,121,57,21,17,13,11,0,631133200,367432700,263700500,9346400,7626700,0.6726,R&R,701,0.3911,0,SYNTHETIC_DEMO,Prototype-only synthetic acquisition record linked to a real Survey of India village boundary; not a government acquisition record.
SYN-ACQ-00359,SYN-PROJ-00359,CHHATTISGARH,Balod,Daundilohara,Dumar Tola,443076.0,Power Transmission,Railways Act 1989,19.44,107,79,39,34,10,8,2,147263900,110004600,37259300,28743000,27137300,0.6605,Completed,557,0.3119,0,SYNTHETIC_DEMO,Prototype-only synthetic acquisition record linked to a real Survey of India village boundary; not a government acquisition record.
SYN-ACQ-00360,SYN-PROJ-00360,CHHATTISGARH,Mahasamund,Saraipali,Chhuipali,446030.0,National Highway,RFCTLARR Act 2013,29.77,119,100,21,10,37,15,3,203174500,169277000,33897600,11176900,8673900,0.7962,R&R,458,0.2802,0,SYNTHETIC_DEMO,Prototype-only synthetic acquisition record linked to a real Survey of India village boundary; not a government acquisition record.
SYN-ACQ-00361,SYN-PROJ-00361,CHHATTISGARH,Surajpur,Pratappur,Barpatiya,432192.0,Power Transmission,National Highways Act 1956,46.81,185,154,19,13,9,5,0,297262500,214001600,83260900,14636700,12606100,0.9121,Compensation,159,0.0996,0,SYNTHETIC_DEMO,Prototype-only synthetic acquisition record linked to a real Survey of India village boundary; not a government acquisition record.
SYN-ACQ-00362,SYN-PROJ-00362,CHHATTISGARH,Sakti,Sakti,Harda,436971.0,Power Transmission,Railways Act 1989,19.47,71,30,13,13,2,1,0,139313900,112233700,27080200,7149500,3752500,0.9223,Notification,307,0.1604,0,SYNTHETIC_DEMO,Prototype-only synthetic acquisition record linked to a real Survey of India village boundary; not a government acquisition record.
SYN-ACQ-00363,SYN-PROJ-00363,CHHATTISGARH,Bilaspur,Bilaspur,Manikpur,438765.0,National Highway,RFCTLARR Act 2013,8.88,119,133,24,11,31,23,0,69001900,69001900,0,18359400,14546900,0.7643,Proposal,307,0.159,0,SYNTHETIC_DEMO,Prototype-only synthetic acquisition record linked to a real Survey of India village boundary; not a government acquisition record.
SYN-ACQ-00364,SYN-PROJ-00364,CHHATTISGARH,Khairagarh-Chhuikhadan-Gandai,Gandai,Budhasagar,440120.0,Irrigation,Railways Act 1989,37.22,58,157,21,10,17,11,0,309638300,251725000,57913300,18009200,12674000,0.868,R&R,203,0.0,0,SYNTHETIC_DEMO,Prototype-only synthetic acquisition record linked to a real Survey of India village boundary; not a government acquisition record.
SYN-ACQ-00365,SYN-PROJ-00365,CHHATTISGARH,Bastar,Karpawand,Garenga,449402.0,National Highway,Other applicable statute,71.35,38,69,32,32,3,2,0,269033900,99677700,169356300,24063700,15765100,0.7772,Objection/Hearing,382,0.229,0,SYNTHETIC_DEMO,Prototype-only synthetic acquisition record linked to a real Survey of India village boundary; not a government acquisition record.
SYN-ACQ-00366,SYN-PROJ-00366,CHHATTISGARH,Durg,Dhamdha,Hiretara,442442.0,Irrigation,Other applicable statute,63.44,82,56,9,9,15,8,0,146757200,86594400,60162800,7200400,5264200,0.5519,Completed,807,0.5457,0,SYNTHETIC_DEMO,Prototype-only synthetic acquisition record linked to a real Survey of India village boundary; not a government acquisition record.
SYN-ACQ-00367,SYN-PROJ-00367,CHHATTISGARH,Mohla-Manpur-Ambagarh Chouki,Mohla,Harrotola,441357.0,National Highway,Railways Act 1989,23.3,100,24,5,5,1,0,0,106937600,78962300,27975300,2331300,1641600,0.8925,Compensation,476,0.1078,0,SYNTHETIC_DEMO,Prototype-only synthetic acquisition record linked to a real Survey of India village boundary; not a government acquisition record.
SYN-ACQ-00368,SYN-PROJ-00368,CHHATTISGARH,Bemetara,Bemetara,Karhi,442041.0,Power Transmission,Railways Act 1989,47.61,76,128,28,28,32,17,4,467308900,391415200,75893700,17512600,9681600,0.9853,Possession,338,0.1719,0,SYNTHETIC_DEMO,Prototype-only synthetic acquisition record linked to a real Survey of India village boundary; not a government acquisition record.
SYN-ACQ-00369,SYN-PROJ-00369,CHHATTISGARH,Korba,Dipka,Rangbel,435918.0,Railway,National Highways Act 1956,65.94,189,89,1,1,33,17,7,204986700,204986700,0,546700,491600,0.714,Completed,344,0.2697,0,SYNTHETIC_DEMO,Prototype-only synthetic acquisition record linked to a real Survey of India village boundary; not a government acquisition record.
SYN-ACQ-00370,SYN-PROJ-00370,CHHATTISGARH,Bijapur,Usur,Kesgal,450852.0,Urban Infrastructure,Other applicable statute,2.18,150,40,10,10,4,2,0,28555500,28555500,0,2138300,1586900,0.5927,R&R,496,0.2003,0,SYNTHETIC_DEMO,Prototype-only synthetic acquisition record linked to a real Survey of India village boundary; not a government acquisition record.
SYN-ACQ-00371,SYN-PROJ-00371,CHHATTISGARH,Rajnandgaon,Dongargarh,Paniyajab,440618.0,Railway,Other applicable statute,56.81,65,79,25,9,11,5,0,404558400,196180600,208377900,7086800,5450000,0.5582,Compensation,459,0.2609,0,SYNTHETIC_DEMO,Prototype-only synthetic acquisition record linked to a real Survey of India village boundary; not a government acquisition record.
SYN-ACQ-00372,SYN-PROJ-00372,CHHATTISGARH,Bijapur,Usur,Tumrela,450940.0,National Highway,National Highways Act 1956,43.91,41,108,40,31,26,25,0,351739500,272038500,79701000,18094500,13859100,0.6473,Completed,340,0.0741,0,SYNTHETIC_DEMO,Prototype-only synthetic acquisition record linked to a real Survey of India village boundary; not a government acquisition record.
SYN-ACQ-00373,SYN-PROJ-00373,CHHATTISGARH,Mungeli,Lalpur Thana,Dewarhat,437868.0,Irrigation,Railways Act 1989,2.72,54,111,4,4,26,25,2,29569600,29504600,65000,2871500,1821000,0.826,Award,347,0.1046,0,SYNTHETIC_DEMO,Prototype-only synthetic acquisition record linked to a real Survey of India village boundary; not a government acquisition record.
SYN-ACQ-00374,SYN-PROJ-00374,CHHATTISGARH,Balrampur-Ramanujganj,Raghunathnagar,Majhauli,432073.0,National Highway,Railways Act 1989,14.18,157,8,2,2,2,0,0,72582100,53816000,18766100,1047600,902300,0.7344,Scrutiny,471,0.2985,0,SYNTHETIC_DEMO,Prototype-only synthetic acquisition record linked to a real Survey of India village boundary; not a government acquisition record.
SYN-ACQ-00375,SYN-PROJ-00375,CHHATTISGARH,Bijapur,Bhopalpattnam,Matti Marka,450731.0,Railway,Railways Act 1989,18.45,68,13,6,6,3,1,0,43042800,25307500,17735200,2130600,2130600,0.6305,Proposal,395,0.2448,0,SYNTHETIC_DEMO,Prototype-only synthetic acquisition record linked to a real Survey of India village boundary; not a government acquisition record.
SYN-ACQ-00376,SYN-PROJ-00376,CHHATTISGARH,Rajnandgaon,Dongargarh,Paragaon Kalan,440599.0,Railway,Other applicable statute,66.66,47,83,10,10,7,2,0,146901400,43847700,103053700,7103400,3065900,0.5525,Scrutiny,538,0.2891,0,SYNTHETIC_DEMO,Prototype-only synthetic acquisition record linked to a real Survey of India village boundary; not a government acquisition record.
SYN-ACQ-00377,SYN-PROJ-00377,CHHATTISGARH,Balod,Daundi,Admudkasa,443257.0,Railway,Other applicable statute,5.69,5,120,23,11,31,21,1,77765200,56157600,21607600,14378700,10372600,0.7049,Objection/Hearing,674,0.3369,0,SYNTHETIC_DEMO,Prototype-only synthetic acquisition record linked to a real Survey of India village boundary; not a government acquisition record.
SYN-ACQ-00378,SYN-PROJ-00378,CHHATTISGARH,Rajnandgaon,Rajnandgaon,Bhatagaon,440775.0,National Highway,Railways Act 1989,54.31,201,98,22,5,31,15,2,145800000,94400500,51399500,6876900,6876900,0.7909,Objection/Hearing,491,0.1573,0,SYNTHETIC_DEMO,Prototype-only synthetic acquisition record linked to a real Survey of India village boundary; not a government acquisition record.
SYN-ACQ-00379,SYN-PROJ-00379,CHHATTISGARH,Bijapur,Bhopalpattnam,Badegundam,450776.0,Power Transmission,Other applicable statute,72.84,20,94,46,36,9,5,0,499105700,499105700,0,8611800,6504200,0.9336,R&R,259,0.0,0,SYNTHETIC_DEMO,Prototype-only synthetic acquisition record linked to a real Survey of India village boundary; not a government acquisition record.
SYN-ACQ-00380,SYN-PROJ-00380,CHHATTISGARH,Sakti,Malkharoda,Mohtra,437238.0,National Highway,Railways Act 1989,24.22,124,109,38,27,31,21,2,128530100,86959600,41570500,13386200,11151500,0.9645,Objection/Hearing,190,0.0689,0,SYNTHETIC_DEMO,Prototype-only synthetic acquisition record linked to a real Survey of India village boundary; not a government acquisition record.
SYN-ACQ-00381,SYN-PROJ-00381,CHHATTISGARH,Uttar Bastar Kanker,Aamabeda,Mulle,448144.0,Urban Infrastructure,RFCTLARR Act 2013,56.58,122,96,22,3,16,15,3,376315000,342676300,33638700,11527800,8466500,0.6946,Notification,456,0.1948,0,SYNTHETIC_DEMO,Prototype-only synthetic acquisition record linked to a real Survey of India village boundary; not a government acquisition record.
SYN-ACQ-00382,SYN-PROJ-00382,CHHATTISGARH,Bilaspur,Kota,Nawagaon,438002.0,Industrial Corridor,National Highways Act 1956,57.26,121,78,38,29,7,5,0,270647500,270647500,0,27978800,22160200,0.9314,Award,342,0.0671,0,SYNTHETIC_DEMO,Prototype-only synthetic acquisition record linked to a real Survey of India village boundary; not a government acquisition record.
SYN-ACQ-00383,SYN-PROJ-00383,CHHATTISGARH,Bijapur,Bhopalpattnam,Pamgal,450845.0,Power Transmission,RFCTLARR Act 2013,3.83,54,52,14,14,7,3,0,28247700,8096500,20151200,8590400,3790300,0.6475,Compensation,463,0.2475,0,SYNTHETIC_DEMO,Prototype-only synthetic acquisition record linked to a real Survey of India village boundary; not a government acquisition record.
SYN-ACQ-00384,SYN-PROJ-00384,CHHATTISGARH,Jashpur,Pathalgaon,Dudungjor,434277.0,Urban Infrastructure,RFCTLARR Act 2013,38.91,131,54,9,9,13,10,3,112134800,86761900,25372900,2704700,1184600,0.5532,Possession,196,0.1506,0,SYNTHETIC_DEMO,Prototype-only synthetic acquisition record linked to a real Survey of India village boundary; not a government acquisition record.
SYN-ACQ-00385,SYN-PROJ-00385,CHHATTISGARH,Dakshin Bastar Dantewada,Dantewada,Dhurli,450090.0,Urban Infrastructure,Other applicable statute,30.43,188,121,4,4,9,5,0,295462700,250526900,44935800,1629800,970100,0.6581,Notification,386,0.1853,0,SYNTHETIC_DEMO,Prototype-only synthetic acquisition record linked to a real Survey of India village boundary; not a government acquisition record.
SYN-ACQ-00386,SYN-PROJ-00386,CHHATTISGARH,Sarangarh-Bilaigarh,Sariya,Ratanpur,435619.0,National Highway,Other applicable statute,13.6,162,20,7,7,4,3,2,106246500,89088800,17157700,4835500,4835500,0.6404,Completed,398,0.2282,0,SYNTHETIC_DEMO,Prototype-only synthetic acquisition record linked to a real Survey of India village boundary; not a government acquisition record.
SYN-ACQ-00387,SYN-PROJ-00387,CHHATTISGARH,Raigarh,Dharamjaigarh,SOHANPUR R.F.,51.0,Railway,Other applicable statute,34.51,207,150,34,33,36,32,1,321148200,303499400,17648800,19674600,11888800,0.9364,Possession,415,0.1793,0,SYNTHETIC_DEMO,Prototype-only synthetic acquisition record linked to a real Survey of India village boundary; not a government acquisition record.
SYN-ACQ-00388,SYN-PROJ-00388,CHHATTISGARH,Durg,Dhamdha,Pendritarai,442507.0,Power Transmission,RFCTLARR Act 2013,2.66,49,38,20,3,12,9,0,17914200,8666700,9247500,11597700,8518000,0.9312,Scrutiny,651,0.2424,0,SYNTHETIC_DEMO,Prototype-only synthetic acquisition record linked to a real Survey of India village boundary; not a government acquisition record.
SYN-ACQ-00389,SYN-PROJ-00389,CHHATTISGARH,Kabeerdham,Sahaspur Lohara,Kosmanda,439703.0,Power Transmission,Other applicable statute,72.93,12,179,43,6,28,27,0,531592600,239841300,291751300,29639400,22726500,0.8459,Compensation,158,0.1416,0,SYNTHETIC_DEMO,Prototype-only synthetic acquisition record linked to a real Survey of India village boundary; not a government acquisition record.
SYN-ACQ-00390,SYN-PROJ-00390,CHHATTISGARH,Raipur,Tilda,Jalso,444907.0,Urban Infrastructure,RFCTLARR Act 2013,42.63,115,143,35,29,42,28,4,232093700,167999900,64093800,28701000,17894700,0.7587,Notification,312,0.1125,0,SYNTHETIC_DEMO,Prototype-only synthetic acquisition record linked to a real Survey of India village boundary; not a government acquisition record.
SYN-ACQ-00391,SYN-PROJ-00391,CHHATTISGARH,Mohla-Manpur-Ambagarh Chouki,Mohla,Thelkadand,441295.0,Power Transmission,RFCTLARR Act 2013,44.91,139,41,20,20,13,7,1,190306100,153357900,36948300,12199400,11439000,0.9207,Completed,238,0.0315,0,SYNTHETIC_DEMO,Prototype-only synthetic acquisition record linked to a real Survey of India village boundary; not a government acquisition record.
SYN-ACQ-00392,SYN-PROJ-00392,CHHATTISGARH,Kabeerdham,Bodla,Sili,439274.0,Railway,National Highways Act 1956,49.78,205,48,25,11,7,6,0,182998100,141844300,41153700,5619700,5336400,0.5949,Compensation,401,0.2523,0,SYNTHETIC_DEMO,Prototype-only synthetic acquisition record linked to a real Survey of India village boundary; not a government acquisition record.
SYN-ACQ-00393,SYN-PROJ-00393,CHHATTISGARH,Uttar Bastar Kanker,Antagarh,Laman,448015.0,Power Transmission,Other applicable statute,35.73,32,8,2,2,1,0,0,70133900,30962200,39171700,1280500,921500,0.5733,Notification,530,0.4401,0,SYNTHETIC_DEMO,Prototype-only synthetic acquisition record linked to a real Survey of India village boundary; not a government acquisition record.
SYN-ACQ-00394,SYN-PROJ-00394,CHHATTISGARH,Raigarh,Chhal,Baheramuda,434515.0,Industrial Corridor,Railways Act 1989,7.98,68,66,29,17,9,4,0,95281600,83515300,11766300,12956000,8556200,0.8715,Award,431,0.1448,0,SYNTHETIC_DEMO,Prototype-only synthetic acquisition record linked to a real Survey of India village boundary; not a government acquisition record.
SYN-ACQ-00395,SYN-PROJ-00395,CHHATTISGARH,Bastar,Bhanpuri,Salemeta,449387.0,Urban Infrastructure,Railways Act 1989,67.1,26,167,8,8,8,6,0,536244400,536244400,0,2549400,1394900,0.9643,Completed,294,0.1292,0,SYNTHETIC_DEMO,Prototype-only synthetic acquisition record linked to a real Survey of India village boundary; not a government acquisition record.
SYN-ACQ-00396,SYN-PROJ-00396,CHHATTISGARH,Mohla-Manpur-Ambagarh Chouki,Manpur,Chawela,441419.0,National Highway,RFCTLARR Act 2013,1.1,24,52,22,19,14,5,1,20957300,15755200,5202100,14668300,5416400,0.6487,Compensation,648,0.3734,0,SYNTHETIC_DEMO,Prototype-only synthetic acquisition record linked to a real Survey of India village boundary; not a government acquisition record.
SYN-ACQ-00397,SYN-PROJ-00397,CHHATTISGARH,Bastar,Nangur,Sundarwada,449153.0,Urban Infrastructure,National Highways Act 1956,10.43,118,100,3,3,19,11,0,81047300,64372300,16675000,1841200,1608000,0.9819,Award,378,0.0,0,SYNTHETIC_DEMO,Prototype-only synthetic acquisition record linked to a real Survey of India village boundary; not a government acquisition record.
SYN-ACQ-00398,SYN-PROJ-00398,CHHATTISGARH,Jashpur,Duldula,FOREST,51.0,Irrigation,Other applicable statute,35.48,13,50,8,8,6,2,0,344391000,216025200,128365900,1766800,332700,0.7248,Completed,823,0.3205,0,SYNTHETIC_DEMO,Prototype-only synthetic acquisition record linked to a real Survey of India village boundary; not a government acquisition record.
SYN-ACQ-00399,SYN-PROJ-00399,CHHATTISGARH,Gariyaband,Amlipadar,Kuderapani,445459.0,Power Transmission,Other applicable statute,24.51,122,46,7,7,1,0,0,102564200,62891500,39672700,3963400,3963400,0.9159,R&R,451,0.0815,0,SYNTHETIC_DEMO,Prototype-only synthetic acquisition record linked to a real Survey of India village boundary; not a government acquisition record.
SYN-ACQ-00400,SYN-PROJ-00400,CHHATTISGARH,Kabeerdham,Pipariya,Chorbhatti,439143.0,Industrial Corridor,National Highways Act 1956,16.84,204,60,27,27,12,7,0,42881100,18731400,24149700,16268200,9254100,0.9731,Possession,324,0.2264,0,SYNTHETIC_DEMO,Prototype-only synthetic acquisition record linked to a real Survey of India village boundary; not a government acquisition record.
SYN-ACQ-00401,SYN-PROJ-00401,CHHATTISGARH,Mungeli,Mungeli,Chalan,438170.0,Industrial Corridor,Other applicable statute,61.96,95,166,58,18,47,46,1,228799900,196520300,32279600,46686600,32407500,0.9264,R&R,367,0.0218,0,SYNTHETIC_DEMO,Prototype-only synthetic acquisition record linked to a real Survey of India village boundary; not a government acquisition record.
SYN-ACQ-00402,SYN-PROJ-00402,CHHATTISGARH,Sarangarh-Bilaigarh,Sarsiwa,Bamhanpuri,444382.0,Industrial Corridor,Railways Act 1989,13.46,126,90,26,26,21,20,1,154169200,108536700,45632500,22105600,14664300,0.9355,Objection/Hearing,429,0.1375,0,SYNTHETIC_DEMO,Prototype-only synthetic acquisition record linked to a real Survey of India village boundary; not a government acquisition record.
SYN-ACQ-00403,SYN-PROJ-00403,CHHATTISGARH,Korea,Sonhat,Mendra,431553.0,Power Transmission,National Highways Act 1956,40.68,149,163,55,32,18,12,2,326491000,136231900,190259100,43925500,35108000,0.698,Notification,658,0.3519,0,SYNTHETIC_DEMO,Prototype-only synthetic acquisition record linked to a real Survey of India village boundary; not a government acquisition record.
SYN-ACQ-00404,SYN-PROJ-00404,CHHATTISGARH,Dhamtari,Magarlod,Sonarin Daihuan,447004.0,Industrial Corridor,Other applicable statute,67.94,123,114,25,25,14,8,0,284848200,71984000,212864200,12252100,3119300,0.9555,Scrutiny,374,0.2451,0,SYNTHETIC_DEMO,Prototype-only synthetic acquisition record linked to a real Survey of India village boundary; not a government acquisition record.
SYN-ACQ-00405,SYN-PROJ-00405,CHHATTISGARH,Bilaspur,Masturi,Dodki,438848.0,Irrigation,Other applicable statute,40.35,180,20,4,4,1,0,0,381239900,305184000,76055800,3240300,2298800,0.5835,Completed,571,0.1623,0,SYNTHETIC_DEMO,Prototype-only synthetic acquisition record linked to a real Survey of India village boundary; not a government acquisition record.
SYN-ACQ-00406,SYN-PROJ-00406,CHHATTISGARH,Raigarh,Pusour,Gudu,435083.0,Industrial Corridor,Other applicable statute,67.08,91,99,21,21,24,11,1,188338000,147662700,40675300,12041400,10924800,0.7716,Completed,366,0.1594,0,SYNTHETIC_DEMO,Prototype-only synthetic acquisition record linked to a real Survey of India village boundary; not a government acquisition record.
SYN-ACQ-00407,SYN-PROJ-00407,CHHATTISGARH,Raipur,Arang,Bhainsa,444429.0,Power Transmission,National Highways Act 1956,5.72,47,154,73,15,49,30,0,36930800,36930800,0,40069200,34409600,0.5768,Compensation,521,0.3753,0,SYNTHETIC_DEMO,Prototype-only synthetic acquisition record linked to a real Survey of India village boundary; not a government acquisition record.
SYN-ACQ-00408,SYN-PROJ-00408,CHHATTISGARH,Mungeli,Lalpur Thana,Kauhabandha,437859.0,Industrial Corridor,Railways Act 1989,13.31,213,24,1,1,0,0,0,63131400,62665200,466100,280200,153500,0.9609,Completed,304,0.0266,0,SYNTHETIC_DEMO,Prototype-only synthetic acquisition record linked to a real Survey of India village boundary; not a government acquisition record.
SYN-ACQ-00409,SYN-PROJ-00409,CHHATTISGARH,Uttar Bastar Kanker,Kanker,Domaharra,447812.0,Railway,National Highways Act 1956,14.96,201,29,1,1,2,1,1,88388700,74039600,14349100,492600,398500,0.5753,Completed,474,0.2976,0,SYNTHETIC_DEMO,Prototype-only synthetic acquisition record linked to a real Survey of India village boundary; not a government acquisition record.
SYN-ACQ-00410,SYN-PROJ-00410,CHHATTISGARH,Kondagaon,Dhanora,Dhruwapara,650874.0,National Highway,RFCTLARR Act 2013,9.74,147,161,1,1,8,6,1,53694900,46845500,6849300,845700,525900,0.6531,Notification,371,0.178,0,SYNTHETIC_DEMO,Prototype-only synthetic acquisition record linked to a real Survey of India village boundary; not a government acquisition record.
SYN-ACQ-00411,SYN-PROJ-00411,CHHATTISGARH,Kabeerdham,Bodla,Chimra,439488.0,Industrial Corridor,National Highways Act 1956,30.26,117,11,3,1,0,0,0,126254100,126254100,0,1346100,1059900,0.5777,Compensation,636,0.2542,0,SYNTHETIC_DEMO,Prototype-only synthetic acquisition record linked to a real Survey of India village boundary; not a government acquisition record.
SYN-ACQ-00412,SYN-PROJ-00412,CHHATTISGARH,Kabeerdham,Pipariya,Jhironi,439145.0,National Highway,Other applicable statute,15.56,160,17,9,0,7,5,0,108632800,70947200,37685600,3403300,1191100,0.7226,R&R,805,0.4531,0,SYNTHETIC_DEMO,Prototype-only synthetic acquisition record linked to a real Survey of India village boundary; not a government acquisition record.
SYN-ACQ-00413,SYN-PROJ-00413,CHHATTISGARH,Bijapur,Kutru,Medanpalli,451130.0,Urban Infrastructure,RFCTLARR Act 2013,32.68,42,132,2,2,47,35,4,242209100,200852800,41356300,1254200,847300,0.9723,Possession,427,0.0272,0,SYNTHETIC_DEMO,Prototype-only synthetic acquisition record linked to a real Survey of India village boundary; not a government acquisition record.
SYN-ACQ-00414,SYN-PROJ-00414,CHHATTISGARH,Gariyaband,Chhura,Kanfad,445346.0,Irrigation,RFCTLARR Act 2013,5.36,103,20,5,5,3,1,1,29122500,23360500,5762000,1738900,857100,0.6503,Notification,426,0.2191,0,SYNTHETIC_DEMO,Prototype-only synthetic acquisition record linked to a real Survey of India village boundary; not a government acquisition record.
SYN-ACQ-00415,SYN-PROJ-00415,CHHATTISGARH,Kabeerdham,Kukdur,Lokhan,439826.0,Railway,Other applicable statute,53.58,80,76,1,1,31,25,3,327146700,234277500,92869200,492400,360300,0.585,Possession,442,0.1551,0,SYNTHETIC_DEMO,Prototype-only synthetic acquisition record linked to a real Survey of India village boundary; not a government acquisition record.
SYN-ACQ-00416,SYN-PROJ-00416,CHHATTISGARH,Uttar Bastar Kanker,Bhanupratappur,Astara,447613.0,National Highway,Other applicable statute,19.63,182,89,40,25,15,7,3,50538900,23720100,26818800,31214800,23601400,0.7215,Award,412,0.2813,0,SYNTHETIC_DEMO,Prototype-only synthetic acquisition record linked to a real Survey of India village boundary; not a government acquisition record.
SYN-ACQ-00417,SYN-PROJ-00417,CHHATTISGARH,Raipur,Abhanpur,Khilora,444630.0,Industrial Corridor,RFCTLARR Act 2013,20.73,44,83,8,8,20,9,1,210276200,126107400,84168700,3980500,3426500,0.9329,Award,562,0.3562,0,SYNTHETIC_DEMO,Prototype-only synthetic acquisition record linked to a real Survey of India village boundary; not a government acquisition record.
SYN-ACQ-00418,SYN-PROJ-00418,CHHATTISGARH,Raigarh,Dharamjaigarh,Balakpondi,434422.0,Industrial Corridor,Railways Act 1989,15.3,112,91,41,36,33,18,1,113831600,76565200,37266300,26021900,15500500,0.5831,Completed,550,0.2541,0,SYNTHETIC_DEMO,Prototype-only synthetic acquisition record linked to a real Survey of India village boundary; not a government acquisition record.
SYN-ACQ-00419,SYN-PROJ-00419,CHHATTISGARH,Korba,Barpali,Navalpur,436465.0,Industrial Corridor,Other applicable statute,39.62,210,146,10,0,22,13,0,335961000,252814400,83146600,6279300,3622900,0.6077,Notification,259,0.0694,0,SYNTHETIC_DEMO,Prototype-only synthetic acquisition record linked to a real Survey of India village boundary; not a government acquisition record.
SYN-ACQ-00420,SYN-PROJ-00420,CHHATTISGARH,Surajpur,Latori,Ganeshpur,432542.0,Irrigation,RFCTLARR Act 2013,11.71,191,127,18,13,9,7,1,71084800,47278500,23806300,4217800,4217800,0.604,Award,454,0.1456,0,SYNTHETIC_DEMO,Prototype-only synthetic acquisition record linked to a real Survey of India village boundary; not a government acquisition record.
SYN-ACQ-00421,SYN-PROJ-00421,CHHATTISGARH,Raigarh,Mukdega,Bhuyapani,434586.0,Railway,National Highways Act 1956,48.83,92,124,25,25,13,12,1,488904500,221735400,267169100,7941000,7834900,0.9618,Award,572,0.2601,0,SYNTHETIC_DEMO,Prototype-only synthetic acquisition record linked to a real Survey of India village boundary; not a government acquisition record.
SYN-ACQ-00422,SYN-PROJ-00422,CHHATTISGARH,Mahasamund,Basna,Kumhari,445740.0,National Highway,RFCTLARR Act 2013,29.69,205,82,20,15,20,14,3,260437600,143782300,116655400,16843300,13903700,0.7955,GIS Verification,266,0.2032,0,SYNTHETIC_DEMO,Prototype-only synthetic acquisition record linked to a real Survey of India village boundary; not a government acquisition record.
SYN-ACQ-00423,SYN-PROJ-00423,CHHATTISGARH,Sukma,Sukma,FOREST,51.0,National Highway,Railways Act 1989,15.44,114,31,12,12,13,10,0,120475400,96363300,24112100,5509200,5509200,0.6011,Compensation,552,0.4407,0,SYNTHETIC_DEMO,Prototype-only synthetic acquisition record linked to a real Survey of India village boundary; not a government acquisition record.
SYN-ACQ-00424,SYN-PROJ-00424,CHHATTISGARH,Balod,Arjunda,Kherud,442840.0,Power Transmission,RFCTLARR Act 2013,21.38,47,11,1,1,1,0,0,192201600,162134400,30067200,573600,573600,0.7582,Award,204,0.0653,0,SYNTHETIC_DEMO,Prototype-only synthetic acquisition record linked to a real Survey of India village boundary; not a government acquisition record.
SYN-ACQ-00425,SYN-PROJ-00425,CHHATTISGARH,Sakti,Sakti,Salihabhatha,436904.0,Industrial Corridor,RFCTLARR Act 2013,56.77,189,130,31,25,23,17,1,153768100,117443500,36324600,22085600,15813900,0.818,Proposal,324,0.1642,0,SYNTHETIC_DEMO,Prototype-only synthetic acquisition record linked to a real Survey of India village boundary; not a government acquisition record.
SYN-ACQ-00426,SYN-PROJ-00426,CHHATTISGARH,Surguja,Lundra,Jamoni,433324.0,Irrigation,National Highways Act 1956,61.71,51,15,1,1,3,2,0,483918700,406238600,77680100,641200,626700,0.991,Award,422,0.1342,0,SYNTHETIC_DEMO,Prototype-only synthetic acquisition record linked to a real Survey of India village boundary; not a government acquisition record.
SYN-ACQ-00427,SYN-PROJ-00427,CHHATTISGARH,Janjgir-Champa,Akaltara,Kosmanda,436592.0,Industrial Corridor,National Highways Act 1956,26.74,86,59,23,23,20,14,1,93782300,80828100,12954200,20095900,10080800,0.9052,Award,384,0.1495,0,SYNTHETIC_DEMO,Prototype-only synthetic acquisition record linked to a real Survey of India village boundary; not a government acquisition record.
SYN-ACQ-00428,SYN-PROJ-00428,CHHATTISGARH,Uttar Bastar Kanker,Bande,Kalarkutni,448322.0,Industrial Corridor,RFCTLARR Act 2013,15.92,194,73,4,4,17,9,2,87977800,54177300,33800500,1492600,926700,0.7554,Award,462,0.253,0,SYNTHETIC_DEMO,Prototype-only synthetic acquisition record linked to a real Survey of India village boundary; not a government acquisition record.
SYN-ACQ-00429,SYN-PROJ-00429,CHHATTISGARH,Bijapur,Usur,Dholeguda,450894.0,Irrigation,Railways Act 1989,70.34,210,86,22,10,27,17,0,611103200,464209300,146893900,18528400,16957400,0.9803,Objection/Hearing,407,0.1015,0,SYNTHETIC_DEMO,Prototype-only synthetic acquisition record linked to a real Survey of India village boundary; not a government acquisition record.
SYN-ACQ-00430,SYN-PROJ-00430,CHHATTISGARH,Rajnandgaon,Dongargaon,Dhaba,441112.0,National Highway,RFCTLARR Act 2013,45.04,119,90,18,18,23,12,0,323016600,257630500,65386100,8869400,4194400,0.5809,Scrutiny,416,0.2024,0,SYNTHETIC_DEMO,Prototype-only synthetic acquisition record linked to a real Survey of India village boundary; not a government acquisition record.
SYN-ACQ-00431,SYN-PROJ-00431,CHHATTISGARH,Sakti,Bhothiya,Talwa,437324.0,Railway,Other applicable statute,71.07,184,174,63,18,19,8,1,579629800,327721400,251908400,56530400,56530400,0.6048,Compensation,582,0.4163,0,SYNTHETIC_DEMO,Prototype-only synthetic acquisition record linked to a real Survey of India village boundary; not a government acquisition record.
SYN-ACQ-00432,SYN-PROJ-00432,CHHATTISGARH,Mohla-Manpur-Ambagarh Chouki,Mohla,Pathrel,441210.0,Railway,RFCTLARR Act 2013,42.15,157,29,15,15,7,3,0,172693700,172693700,0,9071100,6531500,0.8346,Award,705,0.3523,0,SYNTHETIC_DEMO,Prototype-only synthetic acquisition record linked to a real Survey of India village boundary; not a government acquisition record.
SYN-ACQ-00433,SYN-PROJ-00433,CHHATTISGARH,Mahasamund,Mahasamund,Bhurka,446253.0,Railway,National Highways Act 1956,64.33,119,121,59,17,35,30,1,261458200,179524000,81934300,21414100,13997700,0.8708,R&R,725,0.4385,0,SYNTHETIC_DEMO,Prototype-only synthetic acquisition record linked to a real Survey of India village boundary; not a government acquisition record.
SYN-ACQ-00434,SYN-PROJ-00434,CHHATTISGARH,Mohla-Manpur-Ambagarh Chouki,Mohla,Kandadi,441265.0,Urban Infrastructure,National Highways Act 1956,30.79,51,133,41,12,30,17,0,131902900,101292900,30609900,11971300,10278700,0.9263,Completed,372,0.21,0,SYNTHETIC_DEMO,Prototype-only synthetic acquisition record linked to a real Survey of India village boundary; not a government acquisition record.
SYN-ACQ-00435,SYN-PROJ-00435,CHHATTISGARH,Bemetara,Nawagarh,Dhaurabhatha Khurd,441695.0,Urban Infrastructure,RFCTLARR Act 2013,51.79,191,22,11,11,6,3,1,416769200,312093400,104675700,2892500,2892500,0.8266,R&R,473,0.2712,0,SYNTHETIC_DEMO,Prototype-only synthetic acquisition record linked to a real Survey of India village boundary; not a government acquisition record.
SYN-ACQ-00436,SYN-PROJ-00436,CHHATTISGARH,Korba,Bhaisma,Kudmura,436407.0,Railway,National Highways Act 1956,12.44,60,87,4,3,31,28,5,54778600,32055100,22723500,3459100,2046600,0.7971,Compensation,536,0.2098,0,SYNTHETIC_DEMO,Prototype-only synthetic acquisition record linked to a real Survey of India village boundary; not a government acquisition record.
SYN-ACQ-00437,SYN-PROJ-00437,CHHATTISGARH,Raigarh,Gharghoda,Jarkat,434676.0,Irrigation,National Highways Act 1956,23.09,74,138,29,8,20,9,1,185393700,164234600,21159100,13765700,9381300,0.8732,Completed,334,0.0,0,SYNTHETIC_DEMO,Prototype-only synthetic acquisition record linked to a real Survey of India village boundary; not a government acquisition record.
SYN-ACQ-00438,SYN-PROJ-00438,CHHATTISGARH,Narayanpur,Kohkameta,Musparsi,449906.0,Irrigation,National Highways Act 1956,52.23,88,21,9,9,1,0,0,490827400,464853600,25973800,1723700,1216900,0.916,Notification,357,0.1372,0,SYNTHETIC_DEMO,Prototype-only synthetic acquisition record linked to a real Survey of India village boundary; not a government acquisition record.
SYN-ACQ-00439,SYN-PROJ-00439,CHHATTISGARH,Raipur,Abhanpur,Sonpairi-2 (Sonpairi),444590.0,National Highway,National Highways Act 1956,5.34,49,80,13,13,23,16,0,44431000,31978900,12452200,6374200,1419900,0.7215,Award,380,0.2466,0,SYNTHETIC_DEMO,Prototype-only synthetic acquisition record linked to a real Survey of India village boundary; not a government acquisition record.
SYN-ACQ-00440,SYN-PROJ-00440,CHHATTISGARH,Mahasamund,Komakhan,FOREST,51.0,Urban Infrastructure,National Highways Act 1956,4.99,89,149,49,13,44,26,0,69291200,42422600,26868600,39081200,23184800,0.552,Completed,322,0.106,0,SYNTHETIC_DEMO,Prototype-only synthetic acquisition record linked to a real Survey of India village boundary; not a government acquisition record.
SYN-ACQ-00441,SYN-PROJ-00441,CHHATTISGARH,Bijapur,Bhairamgarh,Chihka,451231.0,Irrigation,RFCTLARR Act 2013,69.87,64,173,65,2,58,39,1,534979200,476269800,58709400,33858300,22319200,0.8167,Notification,425,0.1312,0,SYNTHETIC_DEMO,Prototype-only synthetic acquisition record linked to a real Survey of India village boundary; not a government acquisition record.
SYN-ACQ-00442,SYN-PROJ-00442,CHHATTISGARH,Gariyaband,Chhura,Gonbora,445297.0,National Highway,Railways Act 1989,51.52,173,97,2,2,17,12,1,163104300,163104300,0,1337100,881900,0.5868,Notification,490,0.1791,0,SYNTHETIC_DEMO,Prototype-only synthetic acquisition record linked to a real Survey of India village boundary; not a government acquisition record.
SYN-ACQ-00443,SYN-PROJ-00443,CHHATTISGARH,Dhamtari,Nagri,Ranigaon,447271.0,Railway,National Highways Act 1956,55.93,188,137,57,4,28,15,2,173084500,135383900,37700500,21901800,14809500,0.7156,Award,529,0.2902,0,SYNTHETIC_DEMO,Prototype-only synthetic acquisition record linked to a real Survey of India village boundary; not a government acquisition record.
SYN-ACQ-00444,SYN-PROJ-00444,CHHATTISGARH,Balodabazar-Bhatapara,Simga,Newdha,443536.0,Urban Infrastructure,RFCTLARR Act 2013,49.61,45,57,24,24,14,10,0,304111200,208876800,95234400,5842400,3044800,0.9502,Scrutiny,488,0.2046,0,SYNTHETIC_DEMO,Prototype-only synthetic acquisition record linked to a real Survey of India village boundary; not a government acquisition record.
SYN-ACQ-00445,SYN-PROJ-00445,CHHATTISGARH,Rajnandgaon,Dongargaon,Khairi,441107.0,Industrial Corridor,Railways Act 1989,73.83,200,17,5,3,4,2,0,214555100,120199700,94355400,3340600,2118200,0.7867,Compensation,319,0.2405,0,SYNTHETIC_DEMO,Prototype-only synthetic acquisition record linked to a real Survey of India village boundary; not a government acquisition record.
SYN-ACQ-00446,SYN-PROJ-00446,CHHATTISGARH,Jashpur,Bagicha,Maini,433665.0,Urban Infrastructure,Other applicable statute,52.07,7,12,5,5,4,3,0,339550700,289035800,50514900,2924500,2746700,0.994,Notification,799,0.4376,0,SYNTHETIC_DEMO,Prototype-only synthetic acquisition record linked to a real Survey of India village boundary; not a government acquisition record.
SYN-ACQ-00447,SYN-PROJ-00447,CHHATTISGARH,Balrampur-Ramanujganj,Samri,Jaljali,432328.0,Urban Infrastructure,National Highways Act 1956,41.41,37,176,73,6,53,23,6,155949400,137167300,18782000,38385800,29500300,0.7443,Compensation,628,0.2614,0,SYNTHETIC_DEMO,Prototype-only synthetic acquisition record linked to a real Survey of India village boundary; not a government acquisition record.
SYN-ACQ-00448,SYN-PROJ-00448,CHHATTISGARH,Kabeerdham,Rengakharkala,Dariya,439442.0,Industrial Corridor,Railways Act 1989,47.18,32,119,7,7,36,22,7,256759400,230805800,25953600,5459000,2377500,0.776,Completed,347,0.3295,0,SYNTHETIC_DEMO,Prototype-only synthetic acquisition record linked to a real Survey of India village boundary; not a government acquisition record.
SYN-ACQ-00449,SYN-PROJ-00449,CHHATTISGARH,Sarangarh-Bilaigarh,Baramkela,Jirapali,435785.0,Railway,National Highways Act 1956,24.8,106,65,3,3,27,18,4,60855100,21263500,39591500,1197800,603700,0.7398,Award,385,0.2473,0,SYNTHETIC_DEMO,Prototype-only synthetic acquisition record linked to a real Survey of India village boundary; not a government acquisition record.
SYN-ACQ-00450,SYN-PROJ-00450,CHHATTISGARH,Gariyaband,Fingeshwar,Bodki,444869.0,Urban Infrastructure,Railways Act 1989,18.05,188,6,3,3,1,0,0,97707700,60242200,37465500,2147600,2147600,0.8526,Award,662,0.1784,0,SYNTHETIC_DEMO,Prototype-only synthetic acquisition record linked to a real Survey of India village boundary; not a government acquisition record.
SYN-ACQ-00451,SYN-PROJ-00451,CHHATTISGARH,Kondagaon,BADERAJPUR,Korgaon,448599.0,National Highway,Other applicable statute,52.33,20,168,81,2,40,29,1,212822800,146398500,66424300,54294200,36881400,0.7125,Completed,685,0.3314,0,SYNTHETIC_DEMO,Prototype-only synthetic acquisition record linked to a real Survey of India village boundary; not a government acquisition record.
SYN-ACQ-00452,SYN-PROJ-00452,CHHATTISGARH,Korba,Bhaisma,Chitapali,436352.0,Power Transmission,Railways Act 1989,49.81,151,72,25,5,21,18,1,182402000,69842400,112559600,12857500,11784100,0.5605,Award,499,0.471,0,SYNTHETIC_DEMO,Prototype-only synthetic acquisition record linked to a real Survey of India village boundary; not a government acquisition record.
SYN-ACQ-00453,SYN-PROJ-00453,CHHATTISGARH,Narayanpur,Narayanpur,Edangpal,449748.0,Irrigation,RFCTLARR Act 2013,27.37,99,56,21,3,6,4,1,103627700,83322600,20305100,18841600,15703900,0.855,Compensation,708,0.2766,0,SYNTHETIC_DEMO,Prototype-only synthetic acquisition record linked to a real Survey of India village boundary; not a government acquisition record.
SYN-ACQ-00454,SYN-PROJ-00454,CHHATTISGARH,Narayanpur,Narayanpur,Bhiragaon,449713.0,Railway,Other applicable statute,50.68,79,56,22,22,13,11,0,192974600,151135400,41839200,19763900,19763900,0.6203,GIS Verification,519,0.2528,0,SYNTHETIC_DEMO,Prototype-only synthetic acquisition record linked to a real Survey of India village boundary; not a government acquisition record.
SYN-ACQ-00455,SYN-PROJ-00455,CHHATTISGARH,Khairagarh-Chhuikhadan-Gandai,Khairagarh,Dholiyakanhar,440457.0,National Highway,RFCTLARR Act 2013,12.51,81,169,67,8,17,11,3,42154900,22426200,19728700,11176200,4292800,0.7231,Objection/Hearing,390,0.2014,0,SYNTHETIC_DEMO,Prototype-only synthetic acquisition record linked to a real Survey of India village boundary; not a government acquisition record.
SYN-ACQ-00456,SYN-PROJ-00456,CHHATTISGARH,Rajnandgaon,Dongargarh,Saltikri,440575.0,Power Transmission,Railways Act 1989,8.43,200,168,58,19,36,34,0,94984000,87070400,7913500,29223000,19343000,0.756,Possession,389,0.3056,0,SYNTHETIC_DEMO,Prototype-only synthetic acquisition record linked to a real Survey of India village boundary; not a government acquisition record.
SYN-ACQ-00457,SYN-PROJ-00457,CHHATTISGARH,Durg,Dhamdha,Gobra,442410.0,Power Transmission,RFCTLARR Act 2013,66.86,145,60,21,5,9,6,0,415028900,261904400,153124500,10262500,6983500,0.6281,Possession,448,0.2209,0,SYNTHETIC_DEMO,Prototype-only synthetic acquisition record linked to a real Survey of India village boundary; not a government acquisition record.
SYN-ACQ-00458,SYN-PROJ-00458,CHHATTISGARH,Balodabazar-Bhatapara,Palari,Odan,443977.0,Industrial Corridor,Railways Act 1989,23.46,99,51,14,12,0,0,0,77953300,62297800,15655600,2594700,1941600,0.8797,R&R,112,0.0,0,SYNTHETIC_DEMO,Prototype-only synthetic acquisition record linked to a real Survey of India village boundary; not a government acquisition record.
SYN-ACQ-00459,SYN-PROJ-00459,CHHATTISGARH,Kabeerdham,Kunda,Kanjheti,440006.0,Power Transmission,RFCTLARR Act 2013,44.44,205,121,14,9,22,10,0,280458500,165069900,115388700,10286100,7408700,0.8114,Compensation,512,0.075,0,SYNTHETIC_DEMO,Prototype-only synthetic acquisition record linked to a real Survey of India village boundary; not a government acquisition record.
SYN-ACQ-00460,SYN-PROJ-00460,CHHATTISGARH,Balod,Gurur,Mujgahan,443406.0,National Highway,RFCTLARR Act 2013,32.96,205,96,42,11,22,18,3,164286800,39712300,124574500,31600000,7547500,0.9693,Possession,485,0.2326,0,SYNTHETIC_DEMO,Prototype-only synthetic acquisition record linked to a real Survey of India village boundary; not a government acquisition record.
SYN-ACQ-00461,SYN-PROJ-00461,CHHATTISGARH,Sukma,Gadiras,Paria,450649.0,Power Transmission,Railways Act 1989,10.05,11,113,33,22,26,18,1,35927700,35927700,0,28794200,18847100,0.6353,Compensation,619,0.2822,0,SYNTHETIC_DEMO,Prototype-only synthetic acquisition record linked to a real Survey of India village boundary; not a government acquisition record.
SYN-ACQ-00462,SYN-PROJ-00462,CHHATTISGARH,Kondagaon,Mardapal,Mungapadar,448779.0,Railway,Railways Act 1989,70.23,68,32,16,9,7,3,1,196930400,182592800,14337600,10864900,3310600,0.6776,GIS Verification,428,0.3318,0,SYNTHETIC_DEMO,Prototype-only synthetic acquisition record linked to a real Survey of India village boundary; not a government acquisition record.
SYN-ACQ-00463,SYN-PROJ-00463,CHHATTISGARH,Bilaspur,Kota,Lalpur,438009.0,Industrial Corridor,RFCTLARR Act 2013,47.93,132,72,21,19,14,12,0,372888100,234939700,137948500,17356900,9931700,0.798,Scrutiny,350,0.1489,0,SYNTHETIC_DEMO,Prototype-only synthetic acquisition record linked to a real Survey of India village boundary; not a government acquisition record.
SYN-ACQ-00464,SYN-PROJ-00464,CHHATTISGARH,Jashpur,Kunkuri,Ghatmunda,434023.0,Irrigation,National Highways Act 1956,68.82,101,165,18,18,60,34,6,483607800,439058700,44549100,13413900,13413900,0.6613,Award,340,0.0,0,SYNTHETIC_DEMO,Prototype-only synthetic acquisition record linked to a real Survey of India village boundary; not a government acquisition record.
SYN-ACQ-00465,SYN-PROJ-00465,CHHATTISGARH,Sarangarh-Bilaigarh,Bhatgaon,Dongiyabhatha,444323.0,Power Transmission,Railways Act 1989,5.32,7,59,4,4,4,3,1,22216100,10773500,11442600,1744700,1442300,0.5866,Proposal,544,0.3256,0,SYNTHETIC_DEMO,Prototype-only synthetic acquisition record linked to a real Survey of India village boundary; not a government acquisition record.
SYN-ACQ-00466,SYN-PROJ-00466,CHHATTISGARH,Narayanpur,Orchha,Kudmel,449978.0,Industrial Corridor,National Highways Act 1956,15.37,45,66,7,6,7,3,0,129025000,80920700,48104400,1451100,1451100,0.9594,Completed,311,0.1752,0,SYNTHETIC_DEMO,Prototype-only synthetic acquisition record linked to a real Survey of India village boundary; not a government acquisition record.
SYN-ACQ-00467,SYN-PROJ-00467,CHHATTISGARH,Balod,Gunderdehi,Limora,442864.0,National Highway,Railways Act 1989,24.9,158,53,16,16,15,10,2,241806700,191300900,50505900,10825900,7838700,0.7856,Possession,115,0.0,0,SYNTHETIC_DEMO,Prototype-only synthetic acquisition record linked to a real Survey of India village boundary; not a government acquisition record.
SYN-ACQ-00468,SYN-PROJ-00468,CHHATTISGARH,Sarangarh-Bilaigarh,Sarangarh,Chhinch Pani,435444.0,National Highway,Railways Act 1989,57.23,56,146,53,12,5,2,0,455604400,326130500,129473900,18734600,18734600,0.8947,GIS Verification,305,0.198,0,SYNTHETIC_DEMO,Prototype-only synthetic acquisition record linked to a real Survey of India village boundary; not a government acquisition record.
SYN-ACQ-00469,SYN-PROJ-00469,CHHATTISGARH,Gariyaband,Devbhog,Temra,445551.0,National Highway,RFCTLARR Act 2013,74.84,73,149,43,6,40,23,2,326911000,205238400,121672600,29745600,17393400,0.9196,Objection/Hearing,559,0.2235,0,SYNTHETIC_DEMO,Prototype-only synthetic acquisition record linked to a real Survey of India village boundary; not a government acquisition record.
SYN-ACQ-00470,SYN-PROJ-00470,CHHATTISGARH,Surguja,Sitapur,Shivnathpur,433476.0,Urban Infrastructure,Other applicable statute,35.24,11,123,36,36,7,3,0,126422900,107085400,19337500,10937300,8792100,0.7259,Proposal,313,0.0026,0,SYNTHETIC_DEMO,Prototype-only synthetic acquisition record linked to a real Survey of India village boundary; not a government acquisition record.
SYN-ACQ-00471,SYN-PROJ-00471,CHHATTISGARH,Bilaspur,Takhatpur,Pakariya,438579.0,Industrial Corridor,RFCTLARR Act 2013,56.08,76,48,5,5,6,3,1,448284900,256176100,192108800,1987800,1778500,0.9773,Notification,438,0.2884,0,SYNTHETIC_DEMO,Prototype-only synthetic acquisition record linked to a real Survey of India village boundary; not a government acquisition record.
SYN-ACQ-00472,SYN-PROJ-00472,CHHATTISGARH,Jashpur,Sanna,Dumarkona,433608.0,Power Transmission,RFCTLARR Act 2013,54.56,183,116,9,9,15,10,0,269111900,132373900,136738000,6860300,5380600,0.8184,Compensation,574,0.3261,0,SYNTHETIC_DEMO,Prototype-only synthetic acquisition record linked to a real Survey of India village boundary; not a government acquisition record.
SYN-ACQ-00473,SYN-PROJ-00473,CHHATTISGARH,Korba,Ajgarbahar,Deopahri,436299.0,Irrigation,Railways Act 1989,37.17,60,108,17,3,29,18,2,293563500,282360400,11203100,8716700,4293800,0.6865,Possession,484,0.1632,0,SYNTHETIC_DEMO,Prototype-only synthetic acquisition record linked to a real Survey of India village boundary; not a government acquisition record.
SYN-ACQ-00474,SYN-PROJ-00474,CHHATTISGARH,Sarangarh-Bilaigarh,Sarangarh,Ghora Ghati,435434.0,Irrigation,RFCTLARR Act 2013,3.97,65,121,57,36,16,6,0,44642600,44642600,0,32554700,19141500,0.6742,Notification,451,0.1909,0,SYNTHETIC_DEMO,Prototype-only synthetic acquisition record linked to a real Survey of India village boundary; not a government acquisition record.
SYN-ACQ-00475,SYN-PROJ-00475,CHHATTISGARH,Mungeli,Mungeli,Baghamuda,438163.0,National Highway,Railways Act 1989,56.68,15,107,20,7,11,4,0,416036700,238886100,177150600,15846900,15846900,0.6705,R&R,566,0.4046,0,SYNTHETIC_DEMO,Prototype-only synthetic acquisition record linked to a real Survey of India village boundary; not a government acquisition record.
SYN-ACQ-00476,SYN-PROJ-00476,CHHATTISGARH,Sarangarh-Bilaigarh,Sariya,Nawapara Chhote,435598.0,Power Transmission,Railways Act 1989,34.61,211,44,8,8,3,1,0,172540500,77560800,94979700,3363200,1459900,0.7586,Award,340,0.1941,0,SYNTHETIC_DEMO,Prototype-only synthetic acquisition record linked to a real Survey of India village boundary; not a government acquisition record.
SYN-ACQ-00477,SYN-PROJ-00477,CHHATTISGARH,Mohla-Manpur-Ambagarh Chouki,Ambagarh Chouki,Bharri Tola,441601.0,Irrigation,RFCTLARR Act 2013,67.92,184,125,62,9,30,18,3,241316200,155069900,86246400,55403800,30819200,0.8879,Proposal,484,0.3725,0,SYNTHETIC_DEMO,Prototype-only synthetic acquisition record linked to a real Survey of India village boundary; not a government acquisition record.
SYN-ACQ-00478,SYN-PROJ-00478,CHHATTISGARH,Bastar,Bakavand,Dhobiguda,449458.0,Power Transmission,RFCTLARR Act 2013,56.95,142,103,32,32,12,6,1,276563100,193695400,82867600,21537000,13767500,0.7128,Completed,396,0.1271,0,SYNTHETIC_DEMO,Prototype-only synthetic acquisition record linked to a real Survey of India village boundary; not a government acquisition record.
SYN-ACQ-00479,SYN-PROJ-00479,CHHATTISGARH,Bilaspur,Bilha,Churaghat,439006.0,Power Transmission,National Highways Act 1956,17.28,62,162,39,6,42,26,6,93563300,77151100,16412200,22132000,3586200,0.9733,Scrutiny,456,0.188,0,SYNTHETIC_DEMO,Prototype-only synthetic acquisition record linked to a real Survey of India village boundary; not a government acquisition record.
SYN-ACQ-00480,SYN-PROJ-00480,CHHATTISGARH,Jashpur,Sanna,Chhichhli-A,433607.0,Railway,National Highways Act 1956,25.48,140,25,11,11,4,2,1,235470100,226972000,8498000,6620500,3900900,0.8535,Objection/Hearing,631,0.3747,0,SYNTHETIC_DEMO,Prototype-only synthetic acquisition record linked to a real Survey of India village boundary; not a government acquisition record.
SYN-ACQ-00481,SYN-PROJ-00481,CHHATTISGARH,Bemetara,Bemetara,Pandarbhatha,441962.0,Power Transmission,RFCTLARR Act 2013,35.31,17,152,17,17,54,32,1,266211800,266211800,0,10264800,4680100,0.8819,Proposal,244,0.1244,0,SYNTHETIC_DEMO,Prototype-only synthetic acquisition record linked to a real Survey of India village boundary; not a government acquisition record.
SYN-ACQ-00482,SYN-PROJ-00482,CHHATTISGARH,Kondagaon,Pharasgaon,Korrabadgaon,448939.0,Power Transmission,Railways Act 1989,49.82,13,170,13,3,30,22,1,421230000,306936900,114293200,2995500,2706100,0.896,R&R,295,0.2588,0,SYNTHETIC_DEMO,Prototype-only synthetic acquisition record linked to a real Survey of India village boundary; not a government acquisition record.
SYN-ACQ-00483,SYN-PROJ-00483,CHHATTISGARH,Mungeli,Lalpur Thana,Sukli,437846.0,Power Transmission,National Highways Act 1956,32.58,201,120,6,6,22,12,0,220973700,173153100,47820600,1913700,760100,0.7922,Completed,438,0.2896,0,SYNTHETIC_DEMO,Prototype-only synthetic acquisition record linked to a real Survey of India village boundary; not a government acquisition record.
SYN-ACQ-00484,SYN-PROJ-00484,CHHATTISGARH,Korba,Ajgarbahar,Kudrichingar,436313.0,Urban Infrastructure,Railways Act 1989,54.39,64,116,22,2,29,19,1,146306900,132767400,13539500,16909900,12670800,0.7575,Scrutiny,481,0.2448,0,SYNTHETIC_DEMO,Prototype-only synthetic acquisition record linked to a real Survey of India village boundary; not a government acquisition record.
SYN-ACQ-00485,SYN-PROJ-00485,CHHATTISGARH,Uttar Bastar Kanker,Pakhanjur,Hariharpur,448291.0,Irrigation,National Highways Act 1956,11.63,26,34,13,13,7,5,0,33062100,22318300,10743800,2172000,1435300,0.6507,Notification,259,0.2534,0,SYNTHETIC_DEMO,Prototype-only synthetic acquisition record linked to a real Survey of India village boundary; not a government acquisition record.
SYN-ACQ-00486,SYN-PROJ-00486,CHHATTISGARH,Sukma,Konta,Bojraiguda,450416.0,Irrigation,National Highways Act 1956,65.6,121,69,30,2,12,6,1,184784800,70553100,114231800,10695500,6181400,0.5648,Notification,749,0.5095,0,SYNTHETIC_DEMO,Prototype-only synthetic acquisition record linked to a real Survey of India village boundary; not a government acquisition record.
SYN-ACQ-00487,SYN-PROJ-00487,CHHATTISGARH,Kabeerdham,Bodla,Sagonadih,439461.0,Urban Infrastructure,Railways Act 1989,11.58,161,26,10,10,7,4,0,49477700,36540300,12937400,7764000,6270300,0.795,Notification,483,0.2567,0,SYNTHETIC_DEMO,Prototype-only synthetic acquisition record linked to a real Survey of India village boundary; not a government acquisition record.
SYN-ACQ-00488,SYN-PROJ-00488,CHHATTISGARH,Korba,Pali,Nanpulali,436202.0,Railway,Other applicable statute,35.42,175,21,5,5,10,8,1,222054900,165679600,56375300,3200100,2108100,0.9648,Scrutiny,376,0.1419,0,SYNTHETIC_DEMO,Prototype-only synthetic acquisition record linked to a real Survey of India village boundary; not a government acquisition record.
SYN-ACQ-00489,SYN-PROJ-00489,CHHATTISGARH,Kabeerdham,Bodla,Rajpura,439408.0,Industrial Corridor,RFCTLARR Act 2013,8.24,26,41,14,14,7,6,0,47182800,39074900,8107900,11161400,6053500,0.8825,Completed,726,0.1992,0,SYNTHETIC_DEMO,Prototype-only synthetic acquisition record linked to a real Survey of India village boundary; not a government acquisition record.
SYN-ACQ-00490,SYN-PROJ-00490,CHHATTISGARH,Janjgir-Champa,Pamgarh,Mudpar(Bajrang),437023.0,National Highway,Railways Act 1989,35.32,13,139,62,21,48,28,1,272255300,234765900,37489400,52290300,40275000,0.7416,R&R,543,0.2503,0,SYNTHETIC_DEMO,Prototype-only synthetic acquisition record linked to a real Survey of India village boundary; not a government acquisition record.
SYN-ACQ-00491,SYN-PROJ-00491,CHHATTISGARH,Uttar Bastar Kanker,Aamabeda,FOREST,51.0,Urban Infrastructure,RFCTLARR Act 2013,69.91,82,139,62,16,6,3,0,374896400,119664200,255232200,9692300,8767500,0.8289,Objection/Hearing,266,0.1377,0,SYNTHETIC_DEMO,Prototype-only synthetic acquisition record linked to a real Survey of India village boundary; not a government acquisition record.
SYN-ACQ-00492,SYN-PROJ-00492,CHHATTISGARH,Bemetara,Darhi,Bhainsbod Kalan,441926.0,Industrial Corridor,National Highways Act 1956,37.54,128,138,67,37,11,7,2,132101800,114579700,17522100,10422500,8019500,0.5517,R&R,552,0.3832,0,SYNTHETIC_DEMO,Prototype-only synthetic acquisition record linked to a real Survey of India village boundary; not a government acquisition record.
SYN-ACQ-00493,SYN-PROJ-00493,CHHATTISGARH,Korea,Baikunthpur,Jatasemar,431442.0,Industrial Corridor,Railways Act 1989,8.25,79,150,42,3,45,39,2,89365700,51954200,37411500,10801400,10048800,0.918,Award,557,0.3302,0,SYNTHETIC_DEMO,Prototype-only synthetic acquisition record linked to a real Survey of India village boundary; not a government acquisition record.
SYN-ACQ-00494,SYN-PROJ-00494,CHHATTISGARH,Balod,Balod,DEHAN R.F.,51.0,Urban Infrastructure,Railways Act 1989,15.47,101,84,23,23,11,6,0,134321700,104361800,29959900,16562000,12487100,0.76,Award,374,0.0463,0,SYNTHETIC_DEMO,Prototype-only synthetic acquisition record linked to a real Survey of India village boundary; not a government acquisition record.
SYN-ACQ-00495,SYN-PROJ-00495,CHHATTISGARH,Bijapur,Usur,Basaguda,450893.0,Power Transmission,Other applicable statute,22.96,19,148,34,6,41,31,6,206152700,115099700,91053000,26855900,13776300,0.7891,Award,418,0.2951,0,SYNTHETIC_DEMO,Prototype-only synthetic acquisition record linked to a real Survey of India village boundary; not a government acquisition record.
SYN-ACQ-00496,SYN-PROJ-00496,CHHATTISGARH,Jashpur,Pathalgaon,Turua Ama,434254.0,Urban Infrastructure,RFCTLARR Act 2013,38.33,92,51,15,11,14,6,0,94292400,35924400,58368000,6249400,4888000,0.893,Objection/Hearing,682,0.4687,0,SYNTHETIC_DEMO,Prototype-only synthetic acquisition record linked to a real Survey of India village boundary; not a government acquisition record.
SYN-ACQ-00497,SYN-PROJ-00497,CHHATTISGARH,Balod,Daundilohara,FOREST,51.0,Urban Infrastructure,RFCTLARR Act 2013,9.53,179,35,10,10,10,6,1,64100100,37248200,26851900,2631100,2631100,0.7361,Objection/Hearing,726,0.4864,0,SYNTHETIC_DEMO,Prototype-only synthetic acquisition record linked to a real Survey of India village boundary; not a government acquisition record.
SYN-ACQ-00498,SYN-PROJ-00498,CHHATTISGARH,Mungeli,Pathariya,Khapri,438420.0,Industrial Corridor,National Highways Act 1956,22.17,158,64,33,29,7,4,0,141525400,103889800,37635600,11014400,10876400,0.7979,GIS Verification,655,0.2772,0,SYNTHETIC_DEMO,Prototype-only synthetic acquisition record linked to a real Survey of India village boundary; not a government acquisition record.
SYN-ACQ-00499,SYN-PROJ-00499,CHHATTISGARH,Durg,Patan,Amapendri,442670.0,Irrigation,RFCTLARR Act 2013,3.23,29,29,3,3,5,3,0,26514800,23903600,2611200,1022700,879500,0.6783,Scrutiny,452,0.2018,0,SYNTHETIC_DEMO,Prototype-only synthetic acquisition record linked to a real Survey of India village boundary; not a government acquisition record.
SYN-ACQ-00500,SYN-PROJ-00500,CHHATTISGARH,Bijapur,Bhopalpattnam,Peddamathur,450805.0,Irrigation,Other applicable statute,35.89,109,173,25,21,48,26,3,203157100,133568100,69589000,15897500,13685700,0.5876,Compensation,649,0.3638,0,SYNTHETIC_DEMO,Prototype-only synthetic acquisition record linked to a real Survey of India village boundary; not a government acquisition record.
SYN-ACQ-00501,SYN-PROJ-00501,CHHATTISGARH,Dhamtari,Kurud,Joratarai,446900.0,Railway,National Highways Act 1956,52.73,97,164,5,5,56,27,6,147701600,66768900,80932600,3166100,2513700,0.8738,Notification,204,0.0633,0,SYNTHETIC_DEMO,Prototype-only synthetic acquisition record linked to a real Survey of India village boundary; not a government acquisition record.
SYN-ACQ-00502,SYN-PROJ-00502,CHHATTISGARH,Gariyaband,Mainpur,Behradih,445390.0,Irrigation,RFCTLARR Act 2013,68.28,154,68,25,25,11,6,2,452585700,452585700,0,4799100,601400,0.7366,Possession,297,0.0584,0,SYNTHETIC_DEMO,Prototype-only synthetic acquisition record linked to a real Survey of India village boundary; not a government acquisition record.
SYN-ACQ-00503,SYN-PROJ-00503,CHHATTISGARH,Sukma,Jagargunda,Jagargunda,450303.0,Urban Infrastructure,National Highways Act 1956,17.69,81,74,19,11,3,1,0,125177100,117707500,7469600,5008600,2993000,0.5922,Completed,588,0.4277,0,SYNTHETIC_DEMO,Prototype-only synthetic acquisition record linked to a real Survey of India village boundary; not a government acquisition record.
SYN-ACQ-00504,SYN-PROJ-00504,CHHATTISGARH,Rajnandgaon,Dongargaon,Tilaikhar,441120.0,Irrigation,National Highways Act 1956,48.72,145,171,12,12,24,14,0,139892400,139032600,859800,3693700,1567500,0.6254,R&R,589,0.242,0,SYNTHETIC_DEMO,Prototype-only synthetic acquisition record linked to a real Survey of India village boundary; not a government acquisition record.
SYN-ACQ-00505,SYN-PROJ-00505,CHHATTISGARH,Gaurela-Pendra-Marwahi,Sakola,Bariumrao,437625.0,Irrigation,Other applicable statute,40.33,92,57,14,6,14,5,0,325074200,215261100,109813100,2562300,2126100,0.8941,Compensation,509,0.3726,0,SYNTHETIC_DEMO,Prototype-only synthetic acquisition record linked to a real Survey of India village boundary; not a government acquisition record.
SYN-ACQ-00506,SYN-PROJ-00506,CHHATTISGARH,Raigarh,Pusour,Tarda,435143.0,Railway,Railways Act 1989,28.65,67,159,13,13,20,17,4,274419000,156399700,118019300,2651900,1365200,0.743,Notification,322,0.2791,0,SYNTHETIC_DEMO,Prototype-only synthetic acquisition record linked to a real Survey of India village boundary; not a government acquisition record.
SYN-ACQ-00507,SYN-PROJ-00507,CHHATTISGARH,Bijapur,Bhairamgarh,Edaspadar,451330.0,Railway,RFCTLARR Act 2013,49.01,108,18,5,5,2,1,0,103900400,87525200,16375200,4302800,4302800,0.5501,GIS Verification,649,0.2422,0,SYNTHETIC_DEMO,Prototype-only synthetic acquisition record linked to a real Survey of India village boundary; not a government acquisition record.
SYN-ACQ-00508,SYN-PROJ-00508,CHHATTISGARH,Narayanpur,Kohkameta,Kumnar,449920.0,National Highway,National Highways Act 1956,26.15,12,130,33,0,37,22,3,164479800,156212300,8267500,18293700,8712800,0.6398,Possession,580,0.3087,0,SYNTHETIC_DEMO,Prototype-only synthetic acquisition record linked to a real Survey of India village boundary; not a government acquisition record.
SYN-ACQ-00509,SYN-PROJ-00509,CHHATTISGARH,Balodabazar-Bhatapara,Palari,Rohansi (NP),805140.0,National Highway,RFCTLARR Act 2013,57.34,201,52,18,18,4,2,0,234033700,52677500,181356100,14617000,12623200,0.9986,Compensation,463,0.3106,0,SYNTHETIC_DEMO,Prototype-only synthetic acquisition record linked to a real Survey of India village boundary; not a government acquisition record.
SYN-ACQ-00510,SYN-PROJ-00510,CHHATTISGARH,Sukma,Jagargunda,Chintagupha,450354.0,Urban Infrastructure,Railways Act 1989,44.53,161,21,1,1,11,8,0,221728100,162115100,59613000,771700,586500,0.7422,Notification,389,0.1668,0,SYNTHETIC_DEMO,Prototype-only synthetic acquisition record linked to a real Survey of India village boundary; not a government acquisition record.
SYN-ACQ-00511,SYN-PROJ-00511,CHHATTISGARH,Uttar Bastar Kanker,Pakhanjur,Hari Nagar,448278.0,Industrial Corridor,RFCTLARR Act 2013,7.72,101,114,6,6,35,31,3,85931700,55619200,30312500,1874300,1525600,0.927,Possession,369,0.2033,0,SYNTHETIC_DEMO,Prototype-only synthetic acquisition record linked to a real Survey of India village boundary; not a government acquisition record.
SYN-ACQ-00512,SYN-PROJ-00512,CHHATTISGARH,Uttar Bastar Kanker,Sarona,Ghotiyawahi,447957.0,Industrial Corridor,National Highways Act 1956,67.29,64,114,41,15,22,19,1,589698700,508021100,81677600,25543400,18538600,0.697,Notification,374,0.2245,0,SYNTHETIC_DEMO,Prototype-only synthetic acquisition record linked to a real Survey of India village boundary; not a government acquisition record.
SYN-ACQ-00513,SYN-PROJ-00513,CHHATTISGARH,Kabeerdham,Bodla,Chawki,439459.0,Irrigation,Other applicable statute,51.86,188,148,47,21,45,22,4,529430400,408094200,121336200,23024500,9344200,0.7367,Notification,324,0.2446,0,SYNTHETIC_DEMO,Prototype-only synthetic acquisition record linked to a real Survey of India village boundary; not a government acquisition record.
SYN-ACQ-00514,SYN-PROJ-00514,CHHATTISGARH,Surajpur,Surajpur,Mani,432573.0,Urban Infrastructure,RFCTLARR Act 2013,68.68,12,159,80,17,14,7,1,177587900,151966200,25621700,49298300,19341000,0.882,Scrutiny,213,0.0286,0,SYNTHETIC_DEMO,Prototype-only synthetic acquisition record linked to a real Survey of India village boundary; not a government acquisition record.
SYN-ACQ-00515,SYN-PROJ-00515,CHHATTISGARH,Bemetara,Bemetara,Rajkudi,442016.0,Railway,National Highways Act 1956,54.61,162,71,31,31,14,7,0,287752900,241436600,46316300,10947500,10947500,0.6994,R&R,527,0.393,0,SYNTHETIC_DEMO,Prototype-only synthetic acquisition record linked to a real Survey of India village boundary; not a government acquisition record.
SYN-ACQ-00516,SYN-PROJ-00516,CHHATTISGARH,Khairagarh-Chhuikhadan-Gandai,Chhuikhadan,Khaira Nawapara,440171.0,Industrial Corridor,National Highways Act 1956,9.8,25,86,15,15,16,15,2,108830200,86751400,22078900,10451500,9698300,0.9715,Completed,412,0.1869,0,SYNTHETIC_DEMO,Prototype-only synthetic acquisition record linked to a real Survey of India village boundary; not a government acquisition record.
SYN-ACQ-00517,SYN-PROJ-00517,CHHATTISGARH,Mungeli,Pathariya,Sendari,438444.0,Railway,RFCTLARR Act 2013,72.42,84,112,46,13,35,26,1,240853500,148506500,92347000,19940300,15063200,0.5586,Proposal,673,0.3803,0,SYNTHETIC_DEMO,Prototype-only synthetic acquisition record linked to a real Survey of India village boundary; not a government acquisition record.
SYN-ACQ-00518,SYN-PROJ-00518,CHHATTISGARH,Sarangarh-Bilaigarh,Sarangarh,Thengakot,435384.0,Power Transmission,RFCTLARR Act 2013,63.5,167,132,25,17,13,10,0,368440700,354420000,14020700,16519700,12976000,0.7089,Award,402,0.1417,0,SYNTHETIC_DEMO,Prototype-only synthetic acquisition record linked to a real Survey of India village boundary; not a government acquisition record.
SYN-ACQ-00519,SYN-PROJ-00519,CHHATTISGARH,Raigarh,Tamnar,Barkachar,434848.0,Irrigation,RFCTLARR Act 2013,28.68,192,76,38,33,23,18,1,132872900,87681500,45191300,15055700,12818600,0.6942,Compensation,435,0.1805,0,SYNTHETIC_DEMO,Prototype-only synthetic acquisition record linked to a real Survey of India village boundary; not a government acquisition record.
SYN-ACQ-00520,SYN-PROJ-00520,CHHATTISGARH,Khairagarh-Chhuikhadan-Gandai,Khairagarh,Mudhipar,440365.0,Power Transmission,RFCTLARR Act 2013,38.45,115,64,2,2,14,9,3,305882700,297739100,8143600,549100,515500,0.8412,Possession,467,0.196,0,SYNTHETIC_DEMO,Prototype-only synthetic acquisition record linked to a real Survey of India village boundary; not a government acquisition record.
SYN-ACQ-00521,SYN-PROJ-00521,CHHATTISGARH,Bilaspur,Bilaspur,Basiya,438760.0,Irrigation,Other applicable statute,14.38,152,36,13,13,5,4,0,75801100,28625400,47175700,8508800,3202800,0.7391,Compensation,310,0.3031,0,SYNTHETIC_DEMO,Prototype-only synthetic acquisition record linked to a real Survey of India village boundary; not a government acquisition record.
SYN-ACQ-00522,SYN-PROJ-00522,CHHATTISGARH,Bemetara,Nawagarh,Tingali Jeora,441783.0,National Highway,Other applicable statute,69.39,53,179,14,14,32,24,7,263607700,136803300,126804400,2398300,2306700,0.9171,Notification,480,0.3393,0,SYNTHETIC_DEMO,Prototype-only synthetic acquisition record linked to a real Survey of India village boundary; not a government acquisition record.
SYN-ACQ-00523,SYN-PROJ-00523,CHHATTISGARH,Raigarh,Dharamjaigarh,Gersa,434471.0,National Highway,Railways Act 1989,31.9,155,19,5,5,6,3,0,236725400,145963300,90762100,4238200,2668900,0.7375,Notification,374,0.304,0,SYNTHETIC_DEMO,Prototype-only synthetic acquisition record linked to a real Survey of India village boundary; not a government acquisition record.
SYN-ACQ-00524,SYN-PROJ-00524,CHHATTISGARH,Raigarh,Mukdega,Dhouradand,434599.0,Power Transmission,Other applicable statute,72.98,194,31,12,11,1,0,0,193904900,132606100,61298900,10628400,8139700,0.905,R&R,640,0.2779,0,SYNTHETIC_DEMO,Prototype-only synthetic acquisition record linked to a real Survey of India village boundary; not a government acquisition record.
SYN-ACQ-00525,SYN-PROJ-00525,CHHATTISGARH,Raigarh,Raigarh,FOREST,51.0,Industrial Corridor,Railways Act 1989,64.33,195,94,36,11,9,5,0,313855600,287009400,26846200,8987700,6344100,0.9685,GIS Verification,372,0.253,0,SYNTHETIC_DEMO,Prototype-only synthetic acquisition record linked to a real Survey of India village boundary; not a government acquisition record.
SYN-ACQ-00526,SYN-PROJ-00526,CHHATTISGARH,Mungeli,Mungeli,Bundeli,438263.0,Irrigation,National Highways Act 1956,66.73,52,133,58,4,23,15,0,489806300,414331500,75474800,19905600,12038700,0.8671,Scrutiny,452,0.0613,0,SYNTHETIC_DEMO,Prototype-only synthetic acquisition record linked to a real Survey of India village boundary; not a government acquisition record.
SYN-ACQ-00527,SYN-PROJ-00527,CHHATTISGARH,Bastar,Bastar,Kolchur,449343.0,National Highway,RFCTLARR Act 2013,51.12,148,17,3,3,5,2,0,105712300,58577000,47135300,1316200,592200,0.9906,Award,544,0.2185,0,SYNTHETIC_DEMO,Prototype-only synthetic acquisition record linked to a real Survey of India village boundary; not a government acquisition record.
SYN-ACQ-00528,SYN-PROJ-00528,CHHATTISGARH,Khairagarh-Chhuikhadan-Gandai,Salhewara,FOREST,51.0,Railway,Other applicable statute,2.92,17,7,3,3,0,0,0,9385400,7652400,1733000,2047100,1096000,0.6965,Objection/Hearing,195,0.015,0,SYNTHETIC_DEMO,Prototype-only synthetic acquisition record linked to a real Survey of India village boundary; not a government acquisition record.
SYN-ACQ-00529,SYN-PROJ-00529,CHHATTISGARH,Balod,Daundilohara,KHARKHARA DAM,46.0,Industrial Corridor,Other applicable statute,40.02,68,160,42,31,16,8,3,323054900,323054900,0,15510500,9846800,0.997,GIS Verification,277,0.02,0,SYNTHETIC_DEMO,Prototype-only synthetic acquisition record linked to a real Survey of India village boundary; not a government acquisition record.
SYN-ACQ-00530,SYN-PROJ-00530,CHHATTISGARH,Surajpur,Odgi,Chikni,432679.0,Power Transmission,RFCTLARR Act 2013,28.44,143,111,2,2,16,12,2,106785200,68109400,38675900,1081400,723100,0.7679,Objection/Hearing,542,0.2537,0,SYNTHETIC_DEMO,Prototype-only synthetic acquisition record linked to a real Survey of India village boundary; not a government acquisition record.
SYN-ACQ-00531,SYN-PROJ-00531,CHHATTISGARH,Gariyaband,Mainpur,Tarajhar,445515.0,Industrial Corridor,RFCTLARR Act 2013,74.19,71,18,6,0,4,2,1,347896300,322228300,25667900,1961800,374600,0.7837,Completed,470,0.2738,0,SYNTHETIC_DEMO,Prototype-only synthetic acquisition record linked to a real Survey of India village boundary; not a government acquisition record.
SYN-ACQ-00532,SYN-PROJ-00532,CHHATTISGARH,Bastar,Tokapal,Raikot,449551.0,National Highway,Other applicable statute,34.83,192,127,15,15,35,26,0,329068500,254688400,74380100,7146200,5905800,0.8506,R&R,487,0.3155,0,SYNTHETIC_DEMO,Prototype-only synthetic acquisition record linked to a real Survey of India village boundary; not a government acquisition record.
SYN-ACQ-00533,SYN-PROJ-00533,CHHATTISGARH,Bastar,Bastanar,Chhotekaklur,449278.0,National Highway,National Highways Act 1956,51.83,201,170,9,9,24,14,1,479253200,260457400,218795800,3381800,2894800,0.7573,Compensation,174,0.1259,0,SYNTHETIC_DEMO,Prototype-only synthetic acquisition record linked to a real Survey of India village boundary; not a government acquisition record.
SYN-ACQ-00534,SYN-PROJ-00534,CHHATTISGARH,Bijapur,Bhopalpattnam,Gilgicha,450847.0,National Highway,RFCTLARR Act 2013,71.32,33,162,10,10,17,15,2,417677600,400948100,16729500,8762800,6750100,0.6035,Notification,578,0.3362,0,SYNTHETIC_DEMO,Prototype-only synthetic acquisition record linked to a real Survey of India village boundary; not a government acquisition record.
SYN-ACQ-00535,SYN-PROJ-00535,CHHATTISGARH,Bastar,Bakavand,Borpadar,449455.0,Power Transmission,National Highways Act 1956,62.78,75,117,23,21,22,13,4,202118700,202118700,0,5485000,3148900,0.8557,Notification,448,0.1565,0,SYNTHETIC_DEMO,Prototype-only synthetic acquisition record linked to a real Survey of India village boundary; not a government acquisition record.
SYN-ACQ-00536,SYN-PROJ-00536,CHHATTISGARH,Uttar Bastar Kanker,Antagarh,Kuhche,448043.0,Urban Infrastructure,Railways Act 1989,41.88,99,140,46,21,28,18,5,143955800,112479900,31475900,11375000,10188100,0.682,R&R,676,0.2979,0,SYNTHETIC_DEMO,Prototype-only synthetic acquisition record linked to a real Survey of India village boundary; not a government acquisition record.
SYN-ACQ-00537,SYN-PROJ-00537,CHHATTISGARH,Rajnandgaon,Rajnandgaon,Dhodiya,440862.0,National Highway,Railways Act 1989,23.21,196,159,11,11,36,20,3,155035600,106134000,48901600,2968200,1211900,0.8402,Notification,340,0.2025,0,SYNTHETIC_DEMO,Prototype-only synthetic acquisition record linked to a real Survey of India village boundary; not a government acquisition record.
SYN-ACQ-00538,SYN-PROJ-00538,CHHATTISGARH,Surguja,Udaypur,Manoharpur,433185.0,Industrial Corridor,National Highways Act 1956,34.84,149,108,42,29,6,5,0,213127500,183392800,29734600,36405900,7431300,0.8287,Compensation,78,0.0765,0,SYNTHETIC_DEMO,Prototype-only synthetic acquisition record linked to a real Survey of India village boundary; not a government acquisition record.
SYN-ACQ-00539,SYN-PROJ-00539,CHHATTISGARH,Raigarh,Raigarh,Chitakakani,434969.0,Urban Infrastructure,Railways Act 1989,28.12,217,146,10,10,11,9,1,242300500,78022400,164278100,6240100,3850000,0.5782,Notification,490,0.2158,0,SYNTHETIC_DEMO,Prototype-only synthetic acquisition record linked to a real Survey of India village boundary; not a government acquisition record.
SYN-ACQ-00540,SYN-PROJ-00540,CHHATTISGARH,Korba,Barpali,Phuljhar,436437.0,Irrigation,Other applicable statute,74.64,111,77,2,2,18,7,1,338929800,185182200,153747500,478400,263100,0.9757,Possession,386,0.208,0,SYNTHETIC_DEMO,Prototype-only synthetic acquisition record linked to a real Survey of India village boundary; not a government acquisition record.
SYN-ACQ-00541,SYN-PROJ-00541,CHHATTISGARH,Gariyaband,Amlipadar,Kodobhatha,445439.0,National Highway,National Highways Act 1956,61.03,109,116,48,11,20,17,0,191133000,149126700,42006200,27590100,24904100,0.575,Notification,555,0.4528,0,SYNTHETIC_DEMO,Prototype-only synthetic acquisition record linked to a real Survey of India village boundary; not a government acquisition record.
SYN-ACQ-00542,SYN-PROJ-00542,CHHATTISGARH,Surguja,Darima,Shivpur,433001.0,Irrigation,Railways Act 1989,50.03,84,153,72,24,31,29,3,394429400,202455200,191974200,23883100,18119500,0.7399,R&R,643,0.2858,0,SYNTHETIC_DEMO,Prototype-only synthetic acquisition record linked to a real Survey of India village boundary; not a government acquisition record.
SYN-ACQ-00543,SYN-PROJ-00543,CHHATTISGARH,Balod,Daundi,Kande,443326.0,Irrigation,Railways Act 1989,1.43,9,82,17,17,22,18,1,27555100,7873200,19682000,11169400,6483300,0.8065,Notification,820,0.4552,0,SYNTHETIC_DEMO,Prototype-only synthetic acquisition record linked to a real Survey of India village boundary; not a government acquisition record.
SYN-ACQ-00544,SYN-PROJ-00544,CHHATTISGARH,Kabeerdham,Bodla,Lakhanpur Khurd,439369.0,Irrigation,National Highways Act 1956,47.55,141,5,3,3,0,0,0,156805700,98799100,58006500,631100,210800,0.8734,Completed,343,0.2054,0,SYNTHETIC_DEMO,Prototype-only synthetic acquisition record linked to a real Survey of India village boundary; not a government acquisition record.
SYN-ACQ-00545,SYN-PROJ-00545,CHHATTISGARH,Sarangarh-Bilaigarh,Baramkela,Semikot,435730.0,Railway,Other applicable statute,27.5,150,138,68,1,46,43,9,179168600,120679200,58489400,30047100,10335700,0.7914,Completed,593,0.391,0,SYNTHETIC_DEMO,Prototype-only synthetic acquisition record linked to a real Survey of India village boundary; not a government acquisition record.
SYN-ACQ-00546,SYN-PROJ-00546,CHHATTISGARH,Narayanpur,Orchha,Kodokal,450056.0,National Highway,Railways Act 1989,71.05,27,102,1,1,35,26,3,656569600,656569600,0,473800,291800,0.5594,Scrutiny,618,0.4982,0,SYNTHETIC_DEMO,Prototype-only synthetic acquisition record linked to a real Survey of India village boundary; not a government acquisition record.
SYN-ACQ-00547,SYN-PROJ-00547,CHHATTISGARH,Narayanpur,Orchha,Chihukapal,450052.0,Urban Infrastructure,RFCTLARR Act 2013,13.44,107,135,64,24,12,7,0,115384100,93693400,21690700,49856100,35730400,0.9652,Notification,483,0.2303,0,SYNTHETIC_DEMO,Prototype-only synthetic acquisition record linked to a real Survey of India village boundary; not a government acquisition record.
SYN-ACQ-00548,SYN-PROJ-00548,CHHATTISGARH,Bemetara,Devkar,Godmarra,442151.0,Railway,Other applicable statute,55.24,206,49,2,2,0,0,0,159018200,122490600,36527600,1225700,817500,0.7003,Possession,427,0.2355,0,SYNTHETIC_DEMO,Prototype-only synthetic acquisition record linked to a real Survey of India village boundary; not a government acquisition record.
SYN-ACQ-00549,SYN-PROJ-00549,CHHATTISGARH,Balodabazar-Bhatapara,Bhatapara,Bagbudwa,443657.0,Irrigation,National Highways Act 1956,3.88,213,138,50,31,35,32,2,31179700,25798000,5381800,10614700,5127500,0.6196,Possession,685,0.4016,0,SYNTHETIC_DEMO,Prototype-only synthetic acquisition record linked to a real Survey of India village boundary; not a government acquisition record.
SYN-ACQ-00550,SYN-PROJ-00550,CHHATTISGARH,Balod,Daundi,Dhobedand,443263.0,Railway,Railways Act 1989,19.62,132,50,15,14,13,12,0,185243800,159354100,25889800,4389900,1902000,0.6145,Award,373,0.1473,0,SYNTHETIC_DEMO,Prototype-only synthetic acquisition record linked to a real Survey of India village boundary; not a government acquisition record.
SYN-ACQ-00551,SYN-PROJ-00551,CHHATTISGARH,Manendragarh-Chirmiri-Bharatpur (MCB),Bharatpur,Tilauli,431240.0,Industrial Corridor,RFCTLARR Act 2013,48.09,116,157,65,3,53,45,4,348135500,286735900,61399500,51885400,34493500,0.9494,GIS Verification,331,0.2135,0,SYNTHETIC_DEMO,Prototype-only synthetic acquisition record linked to a real Survey of India village boundary; not a government acquisition record.
SYN-ACQ-00552,SYN-PROJ-00552,CHHATTISGARH,Khairagarh-Chhuikhadan-Gandai,Khairagarh,Bhimpuri,440491.0,Railway,National Highways Act 1956,4.67,4,179,67,2,9,4,0,90434800,69933700,20501100,55277700,24891500,0.6733,Notification,523,0.2867,0,SYNTHETIC_DEMO,Prototype-only synthetic acquisition record linked to a real Survey of India village boundary; not a government acquisition record.
SYN-ACQ-00553,SYN-PROJ-00553,CHHATTISGARH,Bemetara,Nawagarh,Andhiyar Khore,441775.0,Urban Infrastructure,Other applicable statute,68.25,117,161,67,28,33,24,6,204630300,123631000,80999300,45576100,45576100,0.725,Scrutiny,419,0.2232,0,SYNTHETIC_DEMO,Prototype-only synthetic acquisition record linked to a real Survey of India village boundary; not a government acquisition record.
SYN-ACQ-00554,SYN-PROJ-00554,CHHATTISGARH,Bastar,Lohandiguda,FOREST,51.0,Irrigation,National Highways Act 1956,37.77,180,146,72,21,39,25,4,331706400,316680300,15026100,28634400,13227600,0.5636,Notification,525,0.3658,0,SYNTHETIC_DEMO,Prototype-only synthetic acquisition record linked to a real Survey of India village boundary; not a government acquisition record.
SYN-ACQ-00555,SYN-PROJ-00555,CHHATTISGARH,Bijapur,Bhairamgarh,Niram,451298.0,Power Transmission,RFCTLARR Act 2013,56.35,13,127,53,27,23,10,0,318542400,225009600,93532900,35129600,12969100,0.8544,Notification,374,0.0876,0,SYNTHETIC_DEMO,Prototype-only synthetic acquisition record linked to a real Survey of India village boundary; not a government acquisition record.
SYN-ACQ-00556,SYN-PROJ-00556,CHHATTISGARH,Balodabazar-Bhatapara,Bhatapara,Lewai,443610.0,Urban Infrastructure,National Highways Act 1956,61.09,192,62,28,28,1,0,0,472387400,409105600,63281800,17175800,15851700,0.7466,R&R,230,0.0599,0,SYNTHETIC_DEMO,Prototype-only synthetic acquisition record linked to a real Survey of India village boundary; not a government acquisition record.
SYN-ACQ-00557,SYN-PROJ-00557,CHHATTISGARH,Balod,Daundi,Amadula,443338.0,Industrial Corridor,National Highways Act 1956,29.11,75,78,9,9,26,18,2,205862300,186161600,19700700,1350700,861000,0.8704,Scrutiny,472,0.2929,0,SYNTHETIC_DEMO,Prototype-only synthetic acquisition record linked to a real Survey of India village boundary; not a government acquisition record.
SYN-ACQ-00558,SYN-PROJ-00558,CHHATTISGARH,Mahasamund,Pithora,Jagdishpur,446448.0,National Highway,Other applicable statute,51.93,133,104,7,7,15,11,2,391426000,204583500,186842600,5444300,4563800,0.8289,Compensation,473,0.27,0,SYNTHETIC_DEMO,Prototype-only synthetic acquisition record linked to a real Survey of India village boundary; not a government acquisition record.
SYN-ACQ-00559,SYN-PROJ-00559,CHHATTISGARH,Korba,Katghora,Birkona,435894.0,Power Transmission,Railways Act 1989,21.7,29,137,9,9,10,5,0,148209000,112279900,35929100,7445900,7445900,0.8416,Award,260,0.1782,0,SYNTHETIC_DEMO,Prototype-only synthetic acquisition record linked to a real Survey of India village boundary; not a government acquisition record.
SYN-ACQ-00560,SYN-PROJ-00560,CHHATTISGARH,Sarangarh-Bilaigarh,Sarsiwa,Pipardih,444417.0,Urban Infrastructure,Other applicable statute,45.71,96,19,7,7,5,4,0,419608600,199669200,219939400,4607400,3111800,0.7102,Notification,744,0.4167,0,SYNTHETIC_DEMO,Prototype-only synthetic acquisition record linked to a real Survey of India village boundary; not a government acquisition record.
SYN-ACQ-00561,SYN-PROJ-00561,CHHATTISGARH,Durg,Patan,Surpa,442758.0,National Highway,RFCTLARR Act 2013,74.89,80,30,14,14,3,2,0,522558600,462577600,59980900,8125600,8125600,0.7708,GIS Verification,363,0.1928,0,SYNTHETIC_DEMO,Prototype-only synthetic acquisition record linked to a real Survey of India village boundary; not a government acquisition record.
SYN-ACQ-00562,SYN-PROJ-00562,CHHATTISGARH,Manendragarh-Chirmiri-Bharatpur (MCB),Kelhari,Bala,431671.0,Industrial Corridor,National Highways Act 1956,72.13,198,94,47,1,26,11,1,487716600,481971800,5744900,16811200,6010900,0.9535,R&R,328,0.1936,0,SYNTHETIC_DEMO,Prototype-only synthetic acquisition record linked to a real Survey of India village boundary; not a government acquisition record.
SYN-ACQ-00563,SYN-PROJ-00563,CHHATTISGARH,Janjgir-Champa,Baloda,Shanicharadih Malgujari,436666.0,Railway,Railways Act 1989,27.18,122,121,15,15,19,8,2,246395400,204222100,42173400,5792300,4969300,0.7318,R&R,715,0.2719,0,SYNTHETIC_DEMO,Prototype-only synthetic acquisition record linked to a real Survey of India village boundary; not a government acquisition record.
SYN-ACQ-00564,SYN-PROJ-00564,CHHATTISGARH,Bijapur,Kutru,Ambeli,451161.0,Power Transmission,RFCTLARR Act 2013,68.49,90,146,47,34,26,10,2,537861700,286911200,250950500,31727000,24444100,0.705,GIS Verification,276,0.181,0,SYNTHETIC_DEMO,Prototype-only synthetic acquisition record linked to a real Survey of India village boundary; not a government acquisition record.
SYN-ACQ-00565,SYN-PROJ-00565,CHHATTISGARH,Uttar Bastar Kanker,Koylibeda,FOREST,51.0,Industrial Corridor,National Highways Act 1956,21.63,147,166,14,14,16,11,5,172147500,93119700,79027800,4114400,3518100,0.5784,Award,552,0.3298,0,SYNTHETIC_DEMO,Prototype-only synthetic acquisition record linked to a real Survey of India village boundary; not a government acquisition record.
SYN-ACQ-00566,SYN-PROJ-00566,CHHATTISGARH,Balodabazar-Bhatapara,Kasdol,Bafra,444144.0,Power Transmission,Other applicable statute,73.55,34,131,33,24,9,5,0,503445600,449843800,53601800,18402000,4824300,0.8473,Award,478,0.216,0,SYNTHETIC_DEMO,Prototype-only synthetic acquisition record linked to a real Survey of India village boundary; not a government acquisition record.
SYN-ACQ-00567,SYN-PROJ-00567,CHHATTISGARH,Dhamtari,Dhamtari,Mategahan,447101.0,Urban Infrastructure,Other applicable statute,62.8,90,174,40,30,29,25,2,645142400,507012700,138129600,13035400,10094200,0.7943,Objection/Hearing,403,0.0175,0,SYNTHETIC_DEMO,Prototype-only synthetic acquisition record linked to a real Survey of India village boundary; not a government acquisition record.
SYN-ACQ-00568,SYN-PROJ-00568,CHHATTISGARH,Balod,Gunderdehi,Dania,442915.0,National Highway,Railways Act 1989,46.07,94,121,4,4,7,4,0,449075800,343477800,105598000,3428800,2012600,0.8148,Award,469,0.1111,0,SYNTHETIC_DEMO,Prototype-only synthetic acquisition record linked to a real Survey of India village boundary; not a government acquisition record.
SYN-ACQ-00569,SYN-PROJ-00569,CHHATTISGARH,Khairagarh-Chhuikhadan-Gandai,Salhewara,Chobhar,440073.0,Industrial Corridor,Other applicable statute,10.97,40,170,81,12,54,42,1,115457400,77371900,38085500,41528700,26254500,0.8353,GIS Verification,419,0.2216,0,SYNTHETIC_DEMO,Prototype-only synthetic acquisition record linked to a real Survey of India village boundary; not a government acquisition record.
SYN-ACQ-00570,SYN-PROJ-00570,CHHATTISGARH,Raigarh,Raigarh,Bhuiyapali,434990.0,Industrial Corridor,Other applicable statute,28.83,133,100,47,19,1,0,0,255492700,135041200,120451500,40256200,37205400,0.6059,Proposal,462,0.2917,0,SYNTHETIC_DEMO,Prototype-only synthetic acquisition record linked to a real Survey of India village boundary; not a government acquisition record.
SYN-ACQ-00571,SYN-PROJ-00571,CHHATTISGARH,Manendragarh-Chirmiri-Bharatpur (MCB),Kelhari,Salwa,431678.0,Power Transmission,National Highways Act 1956,39.35,48,63,8,8,15,13,1,184965800,154064200,30901700,3056000,1859300,0.7843,Objection/Hearing,336,0.164,0,SYNTHETIC_DEMO,Prototype-only synthetic acquisition record linked to a real Survey of India village boundary; not a government acquisition record.
SYN-ACQ-00572,SYN-PROJ-00572,CHHATTISGARH,Balodabazar-Bhatapara,Simga,Hathband,443534.0,Power Transmission,Railways Act 1989,64.67,202,161,6,5,43,20,0,378464300,378464300,0,4729000,2877400,0.93,Completed,332,0.2323,0,SYNTHETIC_DEMO,Prototype-only synthetic acquisition record linked to a real Survey of India village boundary; not a government acquisition record.
SYN-ACQ-00573,SYN-PROJ-00573,CHHATTISGARH,Bastar,Bakavand,Jharumargaon,449449.0,Urban Infrastructure,Railways Act 1989,26.31,40,55,11,11,5,3,0,203911200,157737500,46173700,8714200,5961900,0.5892,R&R,90,0.0228,0,SYNTHETIC_DEMO,Prototype-only synthetic acquisition record linked to a real Survey of India village boundary; not a government acquisition record.
SYN-ACQ-00574,SYN-PROJ-00574,CHHATTISGARH,Uttar Bastar Kanker,Sarona,Choriya,447978.0,Power Transmission,National Highways Act 1956,9.2,31,84,23,2,25,12,0,68565100,55786300,12778800,10687800,8183400,0.932,Objection/Hearing,480,0.1247,0,SYNTHETIC_DEMO,Prototype-only synthetic acquisition record linked to a real Survey of India village boundary; not a government acquisition record.
SYN-ACQ-00575,SYN-PROJ-00575,CHHATTISGARH,Bilaspur,Seepat,Nawagaon,438828.0,Railway,RFCTLARR Act 2013,28.0,114,101,14,14,13,9,0,262275500,202980300,59295100,10111700,7592300,0.8834,Compensation,463,0.2703,0,SYNTHETIC_DEMO,Prototype-only synthetic acquisition record linked to a real Survey of India village boundary; not a government acquisition record.
SYN-ACQ-00576,SYN-PROJ-00576,CHHATTISGARH,Manendragarh-Chirmiri-Bharatpur (MCB),Manendragarh,Chaughada,431721.0,Railway,Railways Act 1989,47.55,89,146,46,6,8,7,0,369916600,217904300,152012300,32399300,18298100,0.8189,Award,264,0.0309,0,SYNTHETIC_DEMO,Prototype-only synthetic acquisition record linked to a real Survey of India village boundary; not a government acquisition record.
SYN-ACQ-00577,SYN-PROJ-00577,CHHATTISGARH,Jashpur,Farsabahar,Bhalumunda,434196.0,Industrial Corridor,National Highways Act 1956,9.87,59,31,6,6,2,1,0,33624900,28884600,4740300,2167600,2167600,0.8411,Award,490,0.2469,0,SYNTHETIC_DEMO,Prototype-only synthetic acquisition record linked to a real Survey of India village boundary; not a government acquisition record.
SYN-ACQ-00578,SYN-PROJ-00578,CHHATTISGARH,Bijapur,Bhopalpattnam,Gollaguda,450756.0,Urban Infrastructure,Railways Act 1989,33.23,22,13,4,2,4,3,0,104844900,66837400,38007500,3492400,1153700,0.7485,Compensation,392,0.2243,0,SYNTHETIC_DEMO,Prototype-only synthetic acquisition record linked to a real Survey of India village boundary; not a government acquisition record.
SYN-ACQ-00579,SYN-PROJ-00579,CHHATTISGARH,Raigarh,Lailunga,Kondkel,434617.0,Industrial Corridor,National Highways Act 1956,56.41,167,95,39,4,25,10,2,457025000,387939500,69085600,22663400,10742400,0.7361,Notification,594,0.408,0,SYNTHETIC_DEMO,Prototype-only synthetic acquisition record linked to a real Survey of India village boundary; not a government acquisition record.
SYN-ACQ-00580,SYN-PROJ-00580,CHHATTISGARH,Balodabazar-Bhatapara,Palari,Konari,443944.0,Industrial Corridor,National Highways Act 1956,61.21,130,137,23,14,28,27,1,178715500,91217100,87498400,11686200,5295600,0.7258,R&R,633,0.3119,0,SYNTHETIC_DEMO,Prototype-only synthetic acquisition record linked to a real Survey of India village boundary; not a government acquisition record.
SYN-ACQ-00581,SYN-PROJ-00581,CHHATTISGARH,Korba,Pali,Chaitma,436151.0,National Highway,Other applicable statute,29.21,80,28,3,3,8,4,3,203847500,153169100,50678400,1560200,466700,0.8473,Proposal,516,0.2324,0,SYNTHETIC_DEMO,Prototype-only synthetic acquisition record linked to a real Survey of India village boundary; not a government acquisition record.
SYN-ACQ-00582,SYN-PROJ-00582,CHHATTISGARH,Bemetara,Berla,Nawagaon,442277.0,Irrigation,Railways Act 1989,52.43,84,76,5,5,22,19,0,149171600,149171600,0,4107100,3137800,0.9654,R&R,151,0.0,0,SYNTHETIC_DEMO,Prototype-only synthetic acquisition record linked to a real Survey of India village boundary; not a government acquisition record.
SYN-ACQ-00583,SYN-PROJ-00583,CHHATTISGARH,Surajpur,Pratappur,Nawadhakki,432210.0,Urban Infrastructure,Other applicable statute,31.32,165,132,18,18,53,42,1,252847300,232891900,19955400,4596800,3318400,0.8001,GIS Verification,485,0.1447,0,SYNTHETIC_DEMO,Prototype-only synthetic acquisition record linked to a real Survey of India village boundary; not a government acquisition record.
SYN-ACQ-00584,SYN-PROJ-00584,CHHATTISGARH,Korba,Pali,Dhanwa,436275.0,Industrial Corridor,Railways Act 1989,28.73,69,44,9,9,16,15,3,253356700,196025700,57330900,3578800,1690200,0.9223,R&R,397,0.2635,0,SYNTHETIC_DEMO,Prototype-only synthetic acquisition record linked to a real Survey of India village boundary; not a government acquisition record.
SYN-ACQ-00585,SYN-PROJ-00585,CHHATTISGARH,Kabeerdham,Sahaspur Lohara,Ragra,439740.0,Irrigation,Other applicable statute,44.42,7,113,35,33,19,14,1,160746000,103529200,57216800,18269200,11786900,0.9606,GIS Verification,512,0.211,0,SYNTHETIC_DEMO,Prototype-only synthetic acquisition record linked to a real Survey of India village boundary; not a government acquisition record.
SYN-ACQ-00586,SYN-PROJ-00586,CHHATTISGARH,Manendragarh-Chirmiri-Bharatpur (MCB),Bharatpur,Toji,431251.0,Industrial Corridor,Other applicable statute,57.17,151,34,2,2,12,7,0,129408100,90195200,39212900,991400,448300,0.7384,Possession,616,0.3527,0,SYNTHETIC_DEMO,Prototype-only synthetic acquisition record linked to a real Survey of India village boundary; not a government acquisition record.
SYN-ACQ-00587,SYN-PROJ-00587,CHHATTISGARH,Gariyaband,Gariyaband,Karidongri,445036.0,Urban Infrastructure,Other applicable statute,18.63,136,109,35,13,16,9,1,92315300,42413800,49901500,6484700,1890700,0.9458,Compensation,324,0.1421,0,SYNTHETIC_DEMO,Prototype-only synthetic acquisition record linked to a real Survey of India village boundary; not a government acquisition record.
SYN-ACQ-00588,SYN-PROJ-00588,CHHATTISGARH,Surguja,Udaypur,Keshma,433227.0,Irrigation,Railways Act 1989,10.95,68,170,41,31,45,36,3,128786300,98021900,30764400,34660800,34660800,0.6396,R&R,313,0.2258,0,SYNTHETIC_DEMO,Prototype-only synthetic acquisition record linked to a real Survey of India village boundary; not a government acquisition record.
SYN-ACQ-00589,SYN-PROJ-00589,CHHATTISGARH,Narayanpur,Kohkameta,Godelmarka,449842.0,Railway,RFCTLARR Act 2013,37.67,124,28,13,13,4,2,0,85806500,54882000,30924500,8889800,6840100,0.8617,Notification,309,0.1099,0,SYNTHETIC_DEMO,Prototype-only synthetic acquisition record linked to a real Survey of India village boundary; not a government acquisition record.
SYN-ACQ-00590,SYN-PROJ-00590,CHHATTISGARH,Kabeerdham,Kukdur,FOREST,51.0,Power Transmission,Other applicable statute,28.21,154,46,17,17,16,14,2,127511300,50014800,77496500,8493000,2573300,0.7379,Notification,437,0.3148,0,SYNTHETIC_DEMO,Prototype-only synthetic acquisition record linked to a real Survey of India village boundary; not a government acquisition record.
SYN-ACQ-00591,SYN-PROJ-00591,CHHATTISGARH,Surguja,Batouli,Ghoghra,433493.0,Irrigation,Railways Act 1989,7.05,137,21,6,6,5,2,0,32465500,28062400,4403100,4192900,890800,0.6813,Award,563,0.2701,0,SYNTHETIC_DEMO,Prototype-only synthetic acquisition record linked to a real Survey of India village boundary; not a government acquisition record.
SYN-ACQ-00592,SYN-PROJ-00592,CHHATTISGARH,Kabeerdham,Bodla,Sarang Pur Kalan,439386.0,National Highway,RFCTLARR Act 2013,70.74,36,34,3,3,6,3,0,373715600,131547600,242168000,2583500,2097700,0.7115,Notification,497,0.3973,0,SYNTHETIC_DEMO,Prototype-only synthetic acquisition record linked to a real Survey of India village boundary; not a government acquisition record.
SYN-ACQ-00593,SYN-PROJ-00593,CHHATTISGARH,Bemetara,Darhi,Banshapur,441957.0,Urban Infrastructure,Other applicable statute,36.98,143,14,5,5,2,0,0,126879600,111395400,15484200,4466800,2702200,0.6143,Completed,477,0.2161,0,SYNTHETIC_DEMO,Prototype-only synthetic acquisition record linked to a real Survey of India village boundary; not a government acquisition record.
SYN-ACQ-00594,SYN-PROJ-00594,CHHATTISGARH,Sakti,BARADWAR,Gatwa,436897.0,Urban Infrastructure,Railways Act 1989,26.42,195,112,54,33,13,10,1,102468400,67668200,34800200,41118900,26784400,0.6671,Award,496,0.4211,0,SYNTHETIC_DEMO,Prototype-only synthetic acquisition record linked to a real Survey of India village boundary; not a government acquisition record.
SYN-ACQ-00595,SYN-PROJ-00595,CHHATTISGARH,Dhamtari,Bhakhara,Kanamuka,446771.0,Urban Infrastructure,Other applicable statute,2.35,131,12,5,5,2,1,0,13555700,10304400,3251300,1046900,836200,0.6777,Award,509,0.4335,0,SYNTHETIC_DEMO,Prototype-only synthetic acquisition record linked to a real Survey of India village boundary; not a government acquisition record.
SYN-ACQ-00596,SYN-PROJ-00596,CHHATTISGARH,Balrampur-Ramanujganj,Rajpur,Ghorghadi,433267.0,Power Transmission,Other applicable statute,48.09,126,88,25,25,19,18,1,233274000,137908800,95365200,21087300,12913800,0.5821,Notification,699,0.5444,0,SYNTHETIC_DEMO,Prototype-only synthetic acquisition record linked to a real Survey of India village boundary; not a government acquisition record.
SYN-ACQ-00597,SYN-PROJ-00597,CHHATTISGARH,Korba,Ajgarbahar,Chhatan,436296.0,National Highway,Railways Act 1989,43.81,134,175,67,12,26,13,1,225118500,100295300,124823100,46962600,19860300,0.5886,R&R,582,0.2595,0,SYNTHETIC_DEMO,Prototype-only synthetic acquisition record linked to a real Survey of India village boundary; not a government acquisition record.
SYN-ACQ-00598,SYN-PROJ-00598,CHHATTISGARH,Mahasamund,Mahasamund,Bamhani,446262.0,National Highway,National Highways Act 1956,57.48,116,69,7,7,24,15,3,128163800,78996600,49167100,2933900,1951800,0.6554,Completed,244,0.272,0,SYNTHETIC_DEMO,Prototype-only synthetic acquisition record linked to a real Survey of India village boundary; not a government acquisition record.
SYN-ACQ-00599,SYN-PROJ-00599,CHHATTISGARH,Bijapur,Kutru,Chhotepotenar,451195.0,National Highway,Other applicable statute,63.45,177,14,8,8,4,3,0,315534600,105383500,210151000,1645800,1181300,0.8526,Award,562,0.2419,0,SYNTHETIC_DEMO,Prototype-only synthetic acquisition record linked to a real Survey of India village boundary; not a government acquisition record.
SYN-ACQ-00600,SYN-PROJ-00600,CHHATTISGARH,Dhamtari,Nagri,Umergaon,447256.0,Irrigation,Other applicable statute,27.22,13,152,27,27,9,6,1,210539100,130826800,79712300,12394300,7438900,0.6968,Notification,579,0.4467,0,SYNTHETIC_DEMO,Prototype-only synthetic acquisition record linked to a real Survey of India village boundary; not a government acquisition record.
SYN-ACQ-00601,SYN-PROJ-00601,CHHATTISGARH,Bastar,Bhanpuri,Chapka,449330.0,Urban Infrastructure,Railways Act 1989,62.33,128,82,31,10,24,13,3,460349000,276224900,184124100,16737700,9902000,0.9272,Compensation,458,0.4281,0,SYNTHETIC_DEMO,Prototype-only synthetic acquisition record linked to a real Survey of India village boundary; not a government acquisition record.
SYN-ACQ-00602,SYN-PROJ-00602,CHHATTISGARH,Dakshin Bastar Dantewada,Katekalyan,Marjum,450221.0,Power Transmission,Other applicable statute,6.87,200,161,62,12,18,12,1,83907700,71175700,12732000,10382000,10062100,0.6268,Objection/Hearing,475,0.2423,0,SYNTHETIC_DEMO,Prototype-only synthetic acquisition record linked to a real Survey of India village boundary; not a government acquisition record.
SYN-ACQ-00603,SYN-PROJ-00603,CHHATTISGARH,Mahasamund,Komakhan,Kocharra,446535.0,Urban Infrastructure,RFCTLARR Act 2013,19.88,12,66,8,8,9,4,2,100455700,90110500,10345200,1392500,108700,0.8469,Award,377,0.1799,0,SYNTHETIC_DEMO,Prototype-only synthetic acquisition record linked to a real Survey of India village boundary; not a government acquisition record.
SYN-ACQ-00604,SYN-PROJ-00604,CHHATTISGARH,Mungeli,Pathariya,Pendri,438399.0,Urban Infrastructure,RFCTLARR Act 2013,7.5,37,177,8,8,47,35,9,110781700,69915600,40866100,4686000,4341000,0.6859,Scrutiny,386,0.4478,0,SYNTHETIC_DEMO,Prototype-only synthetic acquisition record linked to a real Survey of India village boundary; not a government acquisition record.
SYN-ACQ-00605,SYN-PROJ-00605,CHHATTISGARH,Bastar,Bhanpuri,Mandlapal,449314.0,Industrial Corridor,RFCTLARR Act 2013,13.63,72,32,12,12,10,6,3,92636500,18860500,73775900,5177100,3545300,0.9537,Scrutiny,610,0.4751,0,SYNTHETIC_DEMO,Prototype-only synthetic acquisition record linked to a real Survey of India village boundary; not a government acquisition record.
SYN-ACQ-00606,SYN-PROJ-00606,CHHATTISGARH,Surguja,Darima,Kalyanpur,433034.0,Railway,National Highways Act 1956,6.2,151,132,33,17,7,3,0,38879800,23124700,15755100,8223800,7796200,0.8742,Notification,250,0.059,0,SYNTHETIC_DEMO,Prototype-only synthetic acquisition record linked to a real Survey of India village boundary; not a government acquisition record.
SYN-ACQ-00607,SYN-PROJ-00607,CHHATTISGARH,Bastar,Bhanpuri,Munjla,449329.0,Power Transmission,Other applicable statute,0.84,198,41,13,13,9,5,0,17467100,12775100,4692000,4645100,3105400,0.7903,GIS Verification,417,0.2111,0,SYNTHETIC_DEMO,Prototype-only synthetic acquisition record linked to a real Survey of India village boundary; not a government acquisition record.
SYN-ACQ-00608,SYN-PROJ-00608,CHHATTISGARH,Dhamtari,Magarlod,Kewaradih,446910.0,National Highway,Other applicable statute,66.4,131,35,3,3,5,2,2,142061600,142061600,0,1076100,837100,0.7801,Award,369,0.1483,0,SYNTHETIC_DEMO,Prototype-only synthetic acquisition record linked to a real Survey of India village boundary; not a government acquisition record.
SYN-ACQ-00609,SYN-PROJ-00609,CHHATTISGARH,Surguja,Darima,Kalgasa,433014.0,Industrial Corridor,Other applicable statute,25.46,181,19,8,8,6,5,0,61712100,60039100,1673000,3551100,1849700,0.6817,Objection/Hearing,635,0.303,0,SYNTHETIC_DEMO,Prototype-only synthetic acquisition record linked to a real Survey of India village boundary; not a government acquisition record.
SYN-ACQ-00610,SYN-PROJ-00610,CHHATTISGARH,Bijapur,Bhairamgarh,Patarpara,451213.0,Railway,Other applicable statute,68.14,12,169,29,10,15,6,1,596313400,234404100,361909300,22645100,14531900,0.7541,Proposal,378,0.2934,0,SYNTHETIC_DEMO,Prototype-only synthetic acquisition record linked to a real Survey of India village boundary; not a government acquisition record.
SYN-ACQ-00611,SYN-PROJ-00611,CHHATTISGARH,Sarangarh-Bilaigarh,Bilaigarh,Sutiurkuli,444258.0,National Highway,RFCTLARR Act 2013,71.09,103,78,34,10,15,7,1,205521900,166152400,39369500,6788200,5129000,0.6158,Notification,346,0.1364,0,SYNTHETIC_DEMO,Prototype-only synthetic acquisition record linked to a real Survey of India village boundary; not a government acquisition record.
SYN-ACQ-00612,SYN-PROJ-00612,CHHATTISGARH,Kabeerdham,Bodla,Mandi Bhatha Kalan,439323.0,Irrigation,Other applicable statute,59.66,28,144,43,33,18,12,2,571140700,381235800,189904900,18489700,13750400,0.6388,Award,481,0.1143,0,SYNTHETIC_DEMO,Prototype-only synthetic acquisition record linked to a real Survey of India village boundary; not a government acquisition record.
SYN-ACQ-00613,SYN-PROJ-00613,CHHATTISGARH,Surguja,Udaypur,Rakeli,433149.0,Power Transmission,Other applicable statute,12.95,187,160,49,35,51,34,1,182592500,122222100,60370500,30802900,27371900,0.8719,Scrutiny,368,0.1644,0,SYNTHETIC_DEMO,Prototype-only synthetic acquisition record linked to a real Survey of India village boundary; not a government acquisition record.
SYN-ACQ-00614,SYN-PROJ-00614,CHHATTISGARH,Mohla-Manpur-Ambagarh Chouki,Ambagarh Chouki,Pandki,441678.0,National Highway,National Highways Act 1956,14.94,130,179,37,37,7,6,0,119569900,100588100,18981800,13082700,12767600,0.644,Award,411,0.2687,0,SYNTHETIC_DEMO,Prototype-only synthetic acquisition record linked to a real Survey of India village boundary; not a government acquisition record.
SYN-ACQ-00615,SYN-PROJ-00615,CHHATTISGARH,Raigarh,Kapu,Rajida,434371.0,Power Transmission,National Highways Act 1956,12.2,37,114,33,33,28,18,0,120167500,120167500,0,24228600,24228600,0.759,Completed,156,0.0,0,SYNTHETIC_DEMO,Prototype-only synthetic acquisition record linked to a real Survey of India village boundary; not a government acquisition record.
SYN-ACQ-00616,SYN-PROJ-00616,CHHATTISGARH,Mahasamund,Pithora,Badetemri Nakti Nala Tukda,446521.0,Urban Infrastructure,Other applicable statute,61.23,104,117,31,31,22,11,1,318955000,318955000,0,7188100,3041900,0.8823,Award,516,0.1461,0,SYNTHETIC_DEMO,Prototype-only synthetic acquisition record linked to a real Survey of India village boundary; not a government acquisition record.
SYN-ACQ-00617,SYN-PROJ-00617,CHHATTISGARH,Jashpur,Duldula,Jud Wain,434084.0,Urban Infrastructure,Other applicable statute,48.58,191,5,2,2,0,0,0,351701700,238878400,112823300,1623300,1623300,0.6279,Compensation,323,0.2729,0,SYNTHETIC_DEMO,Prototype-only synthetic acquisition record linked to a real Survey of India village boundary; not a government acquisition record.
SYN-ACQ-00618,SYN-PROJ-00618,CHHATTISGARH,Bilaspur,Masturi,Pali,438859.0,National Highway,RFCTLARR Act 2013,31.17,51,137,3,3,5,2,0,243191400,151560500,91630900,1977100,1471100,0.7012,Completed,417,0.2693,0,SYNTHETIC_DEMO,Prototype-only synthetic acquisition record linked to a real Survey of India village boundary; not a government acquisition record.
SYN-ACQ-00619,SYN-PROJ-00619,CHHATTISGARH,Mahasamund,Saraipali,Khaparidih,445999.0,Industrial Corridor,Other applicable statute,60.99,207,66,16,16,16,7,1,428779200,269479800,159299500,7505100,7012200,0.6756,Scrutiny,531,0.3133,0,SYNTHETIC_DEMO,Prototype-only synthetic acquisition record linked to a real Survey of India village boundary; not a government acquisition record.
SYN-ACQ-00620,SYN-PROJ-00620,CHHATTISGARH,Sarangarh-Bilaigarh,Sarangarh,Bhatakona,435440.0,Power Transmission,RFCTLARR Act 2013,69.11,33,173,10,10,10,4,1,465118300,341852200,123266100,1824500,606200,0.9228,Compensation,436,0.1048,0,SYNTHETIC_DEMO,Prototype-only synthetic acquisition record linked to a real Survey of India village boundary; not a government acquisition record.
SYN-ACQ-00621,SYN-PROJ-00621,CHHATTISGARH,Rajnandgaon,Kumarda,Charbhatha,441023.0,Railway,Railways Act 1989,16.3,102,54,15,15,8,5,0,165346300,56611300,108735000,3021500,2384000,0.8145,Possession,492,0.2984,0,SYNTHETIC_DEMO,Prototype-only synthetic acquisition record linked to a real Survey of India village boundary; not a government acquisition record.
SYN-ACQ-00622,SYN-PROJ-00622,CHHATTISGARH,Bemetara,Bemetara,Bemetara (M),801997.0,National Highway,National Highways Act 1956,54.42,30,81,11,11,24,15,1,284286000,227558400,56727600,1826400,855600,0.7774,Possession,222,0.0094,0,SYNTHETIC_DEMO,Prototype-only synthetic acquisition record linked to a real Survey of India village boundary; not a government acquisition record.
SYN-ACQ-00623,SYN-PROJ-00623,CHHATTISGARH,Raipur,Kharora,Mohadi 2,444987.0,Irrigation,National Highways Act 1956,68.11,191,100,48,1,0,0,0,524667900,447956000,76711900,8385600,5862800,0.594,Scrutiny,424,0.1242,0,SYNTHETIC_DEMO,Prototype-only synthetic acquisition record linked to a real Survey of India village boundary; not a government acquisition record.
SYN-ACQ-00624,SYN-PROJ-00624,CHHATTISGARH,Balrampur-Ramanujganj,Samri,Charahat Kalan,432336.0,Irrigation,RFCTLARR Act 2013,6.21,67,169,81,32,54,42,0,75520800,62413600,13107200,58281000,38201100,0.5576,Completed,354,0.2316,0,SYNTHETIC_DEMO,Prototype-only synthetic acquisition record linked to a real Survey of India village boundary; not a government acquisition record.
SYN-ACQ-00625,SYN-PROJ-00625,CHHATTISGARH,Khairagarh-Chhuikhadan-Gandai,Chhuikhadan,FOREST,51.0,Railway,Railways Act 1989,44.6,61,39,6,6,4,2,1,422429700,365628900,56800700,3710600,2182100,0.5652,Award,599,0.3967,0,SYNTHETIC_DEMO,Prototype-only synthetic acquisition record linked to a real Survey of India village boundary; not a government acquisition record.
SYN-ACQ-00626,SYN-PROJ-00626,CHHATTISGARH,Kabeerdham,Kukdur,Deosara,439820.0,Irrigation,Other applicable statute,49.55,218,21,1,1,4,2,0,405953000,158505000,247448000,794400,457900,0.9574,Scrutiny,621,0.3502,0,SYNTHETIC_DEMO,Prototype-only synthetic acquisition record linked to a real Survey of India village boundary; not a government acquisition record.
SYN-ACQ-00627,SYN-PROJ-00627,CHHATTISGARH,Bijapur,Bhopalpattnam,Chinnavelee,450721.0,Irrigation,Railways Act 1989,11.93,23,121,51,38,40,24,2,107174700,97087800,10086900,43690000,34602700,0.8547,GIS Verification,380,0.1934,0,SYNTHETIC_DEMO,Prototype-only synthetic acquisition record linked to a real Survey of India village boundary; not a government acquisition record.
SYN-ACQ-00628,SYN-PROJ-00628,CHHATTISGARH,Raigarh,Lailunga,Piparahi,434611.0,Railway,National Highways Act 1956,3.83,173,15,3,2,6,2,1,15437300,15437300,0,1286600,958000,0.9968,Possession,490,0.2566,0,SYNTHETIC_DEMO,Prototype-only synthetic acquisition record linked to a real Survey of India village boundary; not a government acquisition record.
SYN-ACQ-00629,SYN-PROJ-00629,CHHATTISGARH,Durg,Bori,Nawagaon,442472.0,Urban Infrastructure,RFCTLARR Act 2013,33.75,151,28,9,9,1,0,0,205090000,195966700,9123400,4847300,347300,0.6791,Compensation,406,0.2332,0,SYNTHETIC_DEMO,Prototype-only synthetic acquisition record linked to a real Survey of India village boundary; not a government acquisition record.
SYN-ACQ-00630,SYN-PROJ-00630,CHHATTISGARH,Kabeerdham,Sahaspur Lohara,Karahi,439561.0,Railway,Other applicable statute,68.25,83,40,10,7,8,5,1,201084700,113526900,87557800,6143200,4042000,0.5682,Compensation,262,0.1072,0,SYNTHETIC_DEMO,Prototype-only synthetic acquisition record linked to a real Survey of India village boundary; not a government acquisition record.
SYN-ACQ-00631,SYN-PROJ-00631,CHHATTISGARH,Jashpur,Kansabel,FOREST,51.0,Urban Infrastructure,National Highways Act 1956,38.16,191,115,44,30,38,24,1,272471300,272471300,0,35180100,24787300,0.7512,Award,548,0.2897,0,SYNTHETIC_DEMO,Prototype-only synthetic acquisition record linked to a real Survey of India village boundary; not a government acquisition record.
SYN-ACQ-00632,SYN-PROJ-00632,CHHATTISGARH,Bemetara,Nandghat,Enamshahi,441863.0,Railway,Other applicable statute,46.76,205,104,42,20,9,7,0,387627500,210864100,176763400,10834500,6770600,0.8447,Possession,455,0.3407,0,SYNTHETIC_DEMO,Prototype-only synthetic acquisition record linked to a real Survey of India village boundary; not a government acquisition record.
SYN-ACQ-00633,SYN-PROJ-00633,CHHATTISGARH,Korea,Baikunthpur,Karildhowa,431401.0,Railway,RFCTLARR Act 2013,42.8,13,105,16,16,9,4,0,178088100,117769200,60318900,13403100,9723000,0.5551,Completed,179,0.0,0,SYNTHETIC_DEMO,Prototype-only synthetic acquisition record linked to a real Survey of India village boundary; not a government acquisition record.
SYN-ACQ-00634,SYN-PROJ-00634,CHHATTISGARH,Balod,Gurur,Nahanda,443442.0,Irrigation,National Highways Act 1956,64.64,27,110,10,10,22,15,3,245293700,192353700,52940000,5872000,2189500,0.9598,Proposal,382,0.2225,0,SYNTHETIC_DEMO,Prototype-only synthetic acquisition record linked to a real Survey of India village boundary; not a government acquisition record.
SYN-ACQ-00635,SYN-PROJ-00635,CHHATTISGARH,Gariyaband,Amlipadar,Potapara,445457.0,Irrigation,Other applicable statute,26.71,30,46,17,17,5,2,2,64388900,37177800,27211100,5711200,5711200,0.9634,Objection/Hearing,617,0.3682,0,SYNTHETIC_DEMO,Prototype-only synthetic acquisition record linked to a real Survey of India village boundary; not a government acquisition record.
SYN-ACQ-00636,SYN-PROJ-00636,CHHATTISGARH,Sarangarh-Bilaigarh,Sarsiwa,Samariya,444337.0,Industrial Corridor,National Highways Act 1956,44.18,218,83,37,4,19,18,0,162523600,141051000,21472600,19366100,5409800,0.8689,Compensation,656,0.4491,0,SYNTHETIC_DEMO,Prototype-only synthetic acquisition record linked to a real Survey of India village boundary; not a government acquisition record.
SYN-ACQ-00637,SYN-PROJ-00637,CHHATTISGARH,Balodabazar-Bhatapara,Bhatapara,Kholwa,443618.0,Railway,Other applicable statute,19.49,94,5,1,1,0,0,0,52712000,39788600,12923400,580700,563000,0.7775,Notification,638,0.3243,0,SYNTHETIC_DEMO,Prototype-only synthetic acquisition record linked to a real Survey of India village boundary; not a government acquisition record.
SYN-ACQ-00638,SYN-PROJ-00638,CHHATTISGARH,Korea,Sonhat,Amratpur,431518.0,National Highway,RFCTLARR Act 2013,10.47,4,26,9,6,10,9,0,58904000,49937800,8966200,4993000,2758900,0.5775,Compensation,529,0.3421,0,SYNTHETIC_DEMO,Prototype-only synthetic acquisition record linked to a real Survey of India village boundary; not a government acquisition record.
SYN-ACQ-00639,SYN-PROJ-00639,CHHATTISGARH,Surguja,Lakhanpur,Keora,433104.0,National Highway,National Highways Act 1956,1.19,54,94,2,2,11,5,0,14886800,7329200,7557500,497600,290000,0.9427,Scrutiny,313,0.1955,0,SYNTHETIC_DEMO,Prototype-only synthetic acquisition record linked to a real Survey of India village boundary; not a government acquisition record.
SYN-ACQ-00640,SYN-PROJ-00640,CHHATTISGARH,Mahasamund,Basna,Mednipur,445809.0,National Highway,Railways Act 1989,55.75,159,153,21,21,42,25,0,342419700,159610000,182809700,11890700,7327600,0.7255,Compensation,511,0.2491,0,SYNTHETIC_DEMO,Prototype-only synthetic acquisition record linked to a real Survey of India village boundary; not a government acquisition record.
SYN-ACQ-00641,SYN-PROJ-00641,CHHATTISGARH,Kabeerdham,Bodla,Pachrahi,439273.0,Power Transmission,Railways Act 1989,50.78,139,79,39,4,22,15,0,173553500,163179500,10374000,32535300,32535300,0.8364,Notification,260,0.1054,0,SYNTHETIC_DEMO,Prototype-only synthetic acquisition record linked to a real Survey of India village boundary; not a government acquisition record.
SYN-ACQ-00642,SYN-PROJ-00642,CHHATTISGARH,Sukma,Konta,Gorkha,450384.0,Urban Infrastructure,RFCTLARR Act 2013,67.99,93,156,2,2,40,36,9,427234900,329140600,98094300,1027400,758000,0.8407,Objection/Hearing,366,0.2542,0,SYNTHETIC_DEMO,Prototype-only synthetic acquisition record linked to a real Survey of India village boundary; not a government acquisition record.
SYN-ACQ-00643,SYN-PROJ-00643,CHHATTISGARH,Uttar Bastar Kanker,Sarona,Khajrawan,447962.0,National Highway,Other applicable statute,60.15,80,178,40,22,44,30,0,371104200,237921700,133182500,22623100,22623100,0.9662,Objection/Hearing,607,0.3546,0,SYNTHETIC_DEMO,Prototype-only synthetic acquisition record linked to a real Survey of India village boundary; not a government acquisition record.
SYN-ACQ-00644,SYN-PROJ-00644,CHHATTISGARH,Khairagarh-Chhuikhadan-Gandai,Khairagarh,Gendra,440461.0,National Highway,Railways Act 1989,8.0,166,86,16,2,22,10,0,97876100,97876100,0,12606600,4510600,0.883,GIS Verification,374,0.1978,0,SYNTHETIC_DEMO,Prototype-only synthetic acquisition record linked to a real Survey of India village boundary; not a government acquisition record.
SYN-ACQ-00645,SYN-PROJ-00645,CHHATTISGARH,Raipur,Abhanpur,Sakari-4 (Sakari),444604.0,Industrial Corridor,Railways Act 1989,17.33,90,137,41,26,5,3,0,87410500,47377800,40032700,23413100,19842300,0.9558,Compensation,336,0.1368,0,SYNTHETIC_DEMO,Prototype-only synthetic acquisition record linked to a real Survey of India village boundary; not a government acquisition record.
SYN-ACQ-00646,SYN-PROJ-00646,CHHATTISGARH,Gariyaband,Fingeshwar,Sonasili,444792.0,National Highway,Other applicable statute,48.32,82,134,68,8,40,22,1,378778800,281376200,97402600,32697900,12530100,0.9968,Compensation,347,0.2093,0,SYNTHETIC_DEMO,Prototype-only synthetic acquisition record linked to a real Survey of India village boundary; not a government acquisition record.
SYN-ACQ-00647,SYN-PROJ-00647,CHHATTISGARH,Dakshin Bastar Dantewada,Kuakonda,Doriras,450241.0,National Highway,National Highways Act 1956,72.44,95,15,5,5,4,2,0,219323300,116478300,102845000,1562000,594000,0.8746,Completed,351,0.1761,0,SYNTHETIC_DEMO,Prototype-only synthetic acquisition record linked to a real Survey of India village boundary; not a government acquisition record.
SYN-ACQ-00648,SYN-PROJ-00648,CHHATTISGARH,Surguja,Mainpat,Pent,433575.0,Railway,RFCTLARR Act 2013,50.24,82,43,14,14,5,2,0,416340900,236796900,179544000,6341300,4683800,0.6319,GIS Verification,719,0.3658,0,SYNTHETIC_DEMO,Prototype-only synthetic acquisition record linked to a real Survey of India village boundary; not a government acquisition record.
SYN-ACQ-00649,SYN-PROJ-00649,CHHATTISGARH,Sarangarh-Bilaigarh,Bilaigarh,Bharatpur,444211.0,Irrigation,Railways Act 1989,31.48,215,41,6,6,6,2,0,132311700,98666500,33645200,2748300,1910800,0.6378,GIS Verification,433,0.1826,0,SYNTHETIC_DEMO,Prototype-only synthetic acquisition record linked to a real Survey of India village boundary; not a government acquisition record.
SYN-ACQ-00650,SYN-PROJ-00650,CHHATTISGARH,Bemetara,Nawagarh,Kawra Kanpa,441764.0,Railway,Other applicable statute,62.54,213,98,35,16,26,16,3,269565000,176620700,92944300,29796100,14284300,0.5923,Award,462,0.2622,0,SYNTHETIC_DEMO,Prototype-only synthetic acquisition record linked to a real Survey of India village boundary; not a government acquisition record.
SYN-ACQ-00651,SYN-PROJ-00651,CHHATTISGARH,Jashpur,Bagicha,Ramsama,433652.0,Urban Infrastructure,National Highways Act 1956,42.42,106,98,7,7,9,5,2,123217400,101777600,21439800,2689600,2205100,0.8532,Notification,541,0.1896,0,SYNTHETIC_DEMO,Prototype-only synthetic acquisition record linked to a real Survey of India village boundary; not a government acquisition record.
SYN-ACQ-00652,SYN-PROJ-00652,CHHATTISGARH,Kabeerdham,Bodla,Chehta,439356.0,Railway,Other applicable statute,38.59,116,54,2,2,9,4,0,218657400,147872200,70785200,709300,626200,0.6014,Award,555,0.2789,0,SYNTHETIC_DEMO,Prototype-only synthetic acquisition record linked to a real Survey of India village boundary; not a government acquisition record.
SYN-ACQ-00653,SYN-PROJ-00653,CHHATTISGARH,Janjgir-Champa,Baloda,Jhharradih,436711.0,Urban Infrastructure,Other applicable statute,74.73,38,155,46,14,14,7,0,337599100,191888100,145711000,14163700,12436600,0.5884,Completed,567,0.3009,0,SYNTHETIC_DEMO,Prototype-only synthetic acquisition record linked to a real Survey of India village boundary; not a government acquisition record.
SYN-ACQ-00654,SYN-PROJ-00654,CHHATTISGARH,Korba,Dipka,Japeli,435915.0,Power Transmission,RFCTLARR Act 2013,62.69,123,164,37,1,41,27,3,605472900,407440100,198032800,33040700,28873700,0.9506,Scrutiny,611,0.3405,0,SYNTHETIC_DEMO,Prototype-only synthetic acquisition record linked to a real Survey of India village boundary; not a government acquisition record.
SYN-ACQ-00655,SYN-PROJ-00655,CHHATTISGARH,Manendragarh-Chirmiri-Bharatpur (MCB),Khadganva,Bahalpur,431828.0,National Highway,Railways Act 1989,68.1,135,155,26,26,25,19,2,418284800,290668500,127616300,5644000,4875200,0.983,Compensation,387,0.1445,0,SYNTHETIC_DEMO,Prototype-only synthetic acquisition record linked to a real Survey of India village boundary; not a government acquisition record.
SYN-ACQ-00656,SYN-PROJ-00656,CHHATTISGARH,Bastar,Bakavand,Bakawand,449474.0,Power Transmission,Other applicable statute,36.83,11,83,6,6,11,10,1,98392500,55175700,43216700,3375500,1229500,0.8748,Scrutiny,618,0.2894,0,SYNTHETIC_DEMO,Prototype-only synthetic acquisition record linked to a real Survey of India village boundary; not a government acquisition record.
SYN-ACQ-00657,SYN-PROJ-00657,CHHATTISGARH,Bastar,Lohandiguda,Bodali,449155.0,Industrial Corridor,Railways Act 1989,58.15,184,75,36,0,17,14,2,335791800,218221200,117570500,12819500,4732300,0.8043,Completed,530,0.3472,0,SYNTHETIC_DEMO,Prototype-only synthetic acquisition record linked to a real Survey of India village boundary; not a government acquisition record.
SYN-ACQ-00658,SYN-PROJ-00658,CHHATTISGARH,Sakti,Jaijaipur,Amgaon,437355.0,Railway,Other applicable statute,38.75,48,151,45,30,11,6,2,273975600,124274900,149700700,35946600,27085800,0.9413,Notification,530,0.3588,0,SYNTHETIC_DEMO,Prototype-only synthetic acquisition record linked to a real Survey of India village boundary; not a government acquisition record.
SYN-ACQ-00659,SYN-PROJ-00659,CHHATTISGARH,Bastar,Nangur,Alkuralis Taipadar,449081.0,National Highway,Other applicable statute,22.42,106,92,40,3,7,3,2,219683600,187352000,32331600,11278600,4350700,0.6581,Notification,495,0.1336,0,SYNTHETIC_DEMO,Prototype-only synthetic acquisition record linked to a real Survey of India village boundary; not a government acquisition record.
SYN-ACQ-00660,SYN-PROJ-00660,CHHATTISGARH,Balod,Marri Bangla (Deori),Suregaon,443001.0,Urban Infrastructure,RFCTLARR Act 2013,27.29,99,142,46,38,13,8,1,182448500,152458600,29989900,18042600,16819200,0.5948,Objection/Hearing,500,0.2598,0,SYNTHETIC_DEMO,Prototype-only synthetic acquisition record linked to a real Survey of India village boundary; not a government acquisition record.
SYN-ACQ-00661,SYN-PROJ-00661,CHHATTISGARH,Mahasamund,Mahasamund,Salihabhatha,446146.0,Railway,RFCTLARR Act 2013,10.62,50,80,34,16,19,17,1,38367000,13463800,24903200,14175600,7336300,0.9064,Completed,501,0.3459,0,SYNTHETIC_DEMO,Prototype-only synthetic acquisition record linked to a real Survey of India village boundary; not a government acquisition record.
SYN-ACQ-00662,SYN-PROJ-00662,CHHATTISGARH,Balrampur-Ramanujganj,Shankargarh,Tikni,432449.0,National Highway,National Highways Act 1956,28.91,37,102,21,12,12,7,0,162482700,135023400,27459300,12047700,2412800,0.8975,Compensation,300,0.1982,0,SYNTHETIC_DEMO,Prototype-only synthetic acquisition record linked to a real Survey of India village boundary; not a government acquisition record.
SYN-ACQ-00663,SYN-PROJ-00663,CHHATTISGARH,Bilaspur,Kota,Dhuma,438017.0,Urban Infrastructure,National Highways Act 1956,40.76,170,131,60,21,12,11,0,423457300,228014600,195442600,11839800,7531600,0.8259,Objection/Hearing,607,0.4269,0,SYNTHETIC_DEMO,Prototype-only synthetic acquisition record linked to a real Survey of India village boundary; not a government acquisition record.
SYN-ACQ-00664,SYN-PROJ-00664,CHHATTISGARH,Bemetara,Bemetara,Khairi ( Balsumund ),442043.0,National Highway,RFCTLARR Act 2013,3.62,83,43,5,5,15,14,2,43330700,36031700,7298900,2024800,1098300,0.5566,Completed,575,0.289,0,SYNTHETIC_DEMO,Prototype-only synthetic acquisition record linked to a real Survey of India village boundary; not a government acquisition record.
SYN-ACQ-00665,SYN-PROJ-00665,CHHATTISGARH,Uttar Bastar Kanker,Durgkondal,FOREST,51.0,Irrigation,RFCTLARR Act 2013,28.4,129,94,35,34,7,5,0,94797100,85020400,9776700,12194500,7455000,0.6773,Notification,359,0.1463,0,SYNTHETIC_DEMO,Prototype-only synthetic acquisition record linked to a real Survey of India village boundary; not a government acquisition record.
SYN-ACQ-00666,SYN-PROJ-00666,CHHATTISGARH,Mungeli,Mungeli,Lachhanpur,438277.0,Urban Infrastructure,National Highways Act 1956,24.03,70,14,3,3,5,2,0,201754100,182834500,18919600,2217600,1894700,0.8299,GIS Verification,335,0.1072,0,SYNTHETIC_DEMO,Prototype-only synthetic acquisition record linked to a real Survey of India village boundary; not a government acquisition record.
SYN-ACQ-00667,SYN-PROJ-00667,CHHATTISGARH,Balrampur-Ramanujganj,Balrampur,Putsura,432060.0,Railway,National Highways Act 1956,47.72,100,64,25,22,14,10,0,241757600,150199500,91558100,10966300,10541100,0.961,Scrutiny,509,0.2789,0,SYNTHETIC_DEMO,Prototype-only synthetic acquisition record linked to a real Survey of India village boundary; not a government acquisition record.
SYN-ACQ-00668,SYN-PROJ-00668,CHHATTISGARH,Balod,Daundi,Bhaisbor,443244.0,National Highway,RFCTLARR Act 2013,44.63,63,78,16,15,19,13,1,241275200,103232500,138042700,5899600,3327700,0.5945,Scrutiny,629,0.4328,0,SYNTHETIC_DEMO,Prototype-only synthetic acquisition record linked to a real Survey of India village boundary; not a government acquisition record.
SYN-ACQ-00669,SYN-PROJ-00669,CHHATTISGARH,Sarangarh-Bilaigarh,Bilaigarh,Jogidipa,444261.0,Irrigation,National Highways Act 1956,67.54,66,76,23,23,20,10,0,390944400,341257300,49687100,9400400,7620000,0.885,Possession,408,0.1787,0,SYNTHETIC_DEMO,Prototype-only synthetic acquisition record linked to a real Survey of India village boundary; not a government acquisition record.
SYN-ACQ-00670,SYN-PROJ-00670,CHHATTISGARH,Balod,Daundi,Kopedera,443305.0,Railway,Railways Act 1989,8.52,157,55,17,17,15,9,0,64565900,55879100,8686700,10927600,10564100,0.9651,Award,225,0.1585,0,SYNTHETIC_DEMO,Prototype-only synthetic acquisition record linked to a real Survey of India village boundary; not a government acquisition record.
SYN-ACQ-00671,SYN-PROJ-00671,CHHATTISGARH,Balodabazar-Bhatapara,Bhatapara,Dhurrabandha,443644.0,Railway,Other applicable statute,66.36,59,60,12,0,16,14,1,148466200,83708000,64758200,7054400,5804300,0.9967,Objection/Hearing,576,0.1893,0,SYNTHETIC_DEMO,Prototype-only synthetic acquisition record linked to a real Survey of India village boundary; not a government acquisition record.
SYN-ACQ-00672,SYN-PROJ-00672,CHHATTISGARH,Rajnandgaon,Chhuriya,FOREST,51.0,Irrigation,Other applicable statute,3.93,155,150,71,16,41,23,0,34121600,27039700,7081900,45241800,40844700,0.5649,R&R,562,0.281,0,SYNTHETIC_DEMO,Prototype-only synthetic acquisition record linked to a real Survey of India village boundary; not a government acquisition record.
SYN-ACQ-00673,SYN-PROJ-00673,CHHATTISGARH,Mahasamund,Mahasamund,Sukul Bai,446095.0,Railway,National Highways Act 1956,66.88,136,45,23,2,13,8,2,411004500,318403000,92601400,9344200,7179600,0.8396,Scrutiny,413,0.2099,0,SYNTHETIC_DEMO,Prototype-only synthetic acquisition record linked to a real Survey of India village boundary; not a government acquisition record.
SYN-ACQ-00674,SYN-PROJ-00674,CHHATTISGARH,Jashpur,Jashpur,FOREST,51.0,Industrial Corridor,Other applicable statute,15.65,53,103,22,19,21,10,2,86675800,67124900,19550900,14092600,4209800,0.6799,Completed,378,0.233,0,SYNTHETIC_DEMO,Prototype-only synthetic acquisition record linked to a real Survey of India village boundary; not a government acquisition record.
SYN-ACQ-00675,SYN-PROJ-00675,CHHATTISGARH,Khairagarh-Chhuikhadan-Gandai,Gandai,Khaira Nawapara,440108.0,Industrial Corridor,National Highways Act 1956,10.26,182,30,8,5,7,3,0,94392600,77916000,16476600,3175200,1814200,0.8793,Possession,452,0.3416,0,SYNTHETIC_DEMO,Prototype-only synthetic acquisition record linked to a real Survey of India village boundary; not a government acquisition record.
SYN-ACQ-00676,SYN-PROJ-00676,CHHATTISGARH,Mahasamund,Komakhan,Chingariya,446559.0,Urban Infrastructure,National Highways Act 1956,46.13,79,179,45,23,19,10,0,275956400,275956400,0,15169700,15169700,0.603,Completed,429,0.1186,0,SYNTHETIC_DEMO,Prototype-only synthetic acquisition record linked to a real Survey of India village boundary; not a government acquisition record.
SYN-ACQ-00677,SYN-PROJ-00677,CHHATTISGARH,Durg,Durg,Utai (NP),802010.0,Irrigation,Railways Act 1989,25.77,206,110,42,2,14,13,0,129092700,98533600,30559100,15347400,11115600,0.7754,GIS Verification,283,0.1122,0,SYNTHETIC_DEMO,Prototype-only synthetic acquisition record linked to a real Survey of India village boundary; not a government acquisition record.
SYN-ACQ-00678,SYN-PROJ-00678,CHHATTISGARH,Raipur,Abhanpur,Julum,444589.0,Railway,RFCTLARR Act 2013,25.88,129,36,11,11,6,4,2,69586800,50556000,19030800,8454700,5080600,0.9302,Compensation,356,0.0703,0,SYNTHETIC_DEMO,Prototype-only synthetic acquisition record linked to a real Survey of India village boundary; not a government acquisition record.
SYN-ACQ-00679,SYN-PROJ-00679,CHHATTISGARH,Sarangarh-Bilaigarh,Sarangarh,Pikri,435368.0,Urban Infrastructure,Other applicable statute,73.24,60,128,36,17,32,24,1,304423400,278251400,26172000,19477800,16446700,0.6491,Scrutiny,402,0.2032,0,SYNTHETIC_DEMO,Prototype-only synthetic acquisition record linked to a real Survey of India village boundary; not a government acquisition record.
SYN-ACQ-00680,SYN-PROJ-00680,CHHATTISGARH,Mungeli,Pathariya,Chandragadhi,438407.0,Irrigation,RFCTLARR Act 2013,13.96,217,19,9,7,6,3,0,127494000,87959600,39534400,7004300,5980600,0.8158,Compensation,465,0.3043,0,SYNTHETIC_DEMO,Prototype-only synthetic acquisition record linked to a real Survey of India village boundary; not a government acquisition record.
SYN-ACQ-00681,SYN-PROJ-00681,CHHATTISGARH,Sakti,Dabhra,Rambhatha,437130.0,Irrigation,RFCTLARR Act 2013,5.01,153,174,15,15,40,35,4,70450300,59750700,10699600,2915800,2915800,0.9502,GIS Verification,264,0.0,0,SYNTHETIC_DEMO,Prototype-only synthetic acquisition record linked to a real Survey of India village boundary; not a government acquisition record.
SYN-ACQ-00682,SYN-PROJ-00682,CHHATTISGARH,Kabeerdham,Sahaspur Lohara,Kauhapani,439599.0,National Highway,RFCTLARR Act 2013,37.98,158,19,3,3,10,5,1,243407400,157552700,85854700,2407000,1714700,0.6191,Proposal,498,0.2059,0,SYNTHETIC_DEMO,Prototype-only synthetic acquisition record linked to a real Survey of India village boundary; not a government acquisition record.
SYN-ACQ-00683,SYN-PROJ-00683,CHHATTISGARH,Surguja,Lakhanpur,Jama,433068.0,Power Transmission,National Highways Act 1956,10.47,126,6,1,1,3,2,0,80118900,53593300,26525600,192900,122900,0.7049,Possession,799,0.4391,0,SYNTHETIC_DEMO,Prototype-only synthetic acquisition record linked to a real Survey of India village boundary; not a government acquisition record.
SYN-ACQ-00684,SYN-PROJ-00684,CHHATTISGARH,Korea,Baikunthpur,Badgaon,431428.0,Industrial Corridor,National Highways Act 1956,18.15,186,123,51,10,37,26,0,180650000,109557100,71092900,18447200,15109100,0.8899,Objection/Hearing,364,0.0823,0,SYNTHETIC_DEMO,Prototype-only synthetic acquisition record linked to a real Survey of India village boundary; not a government acquisition record.
SYN-ACQ-00685,SYN-PROJ-00685,CHHATTISGARH,Sukma,Konta,Nulkatong,450408.0,Power Transmission,Railways Act 1989,21.02,122,73,24,8,29,14,0,185281600,157306300,27975400,14268500,9230700,0.5641,Compensation,347,0.1632,0,SYNTHETIC_DEMO,Prototype-only synthetic acquisition record linked to a real Survey of India village boundary; not a government acquisition record.
SYN-ACQ-00686,SYN-PROJ-00686,CHHATTISGARH,Raigarh,Gharghoda,FOREST,51.0,Urban Infrastructure,National Highways Act 1956,35.55,47,178,60,28,21,19,1,214952600,193458200,21494500,53623500,36263700,0.7252,Scrutiny,167,0.0,0,SYNTHETIC_DEMO,Prototype-only synthetic acquisition record linked to a real Survey of India village boundary; not a government acquisition record.
SYN-ACQ-00687,SYN-PROJ-00687,CHHATTISGARH,Uttar Bastar Kanker,Aamabeda,Alanar,448136.0,Industrial Corridor,Railways Act 1989,50.21,91,97,37,37,24,11,3,218772300,140217600,78554800,16181800,16181800,0.7289,Completed,429,0.3711,0,SYNTHETIC_DEMO,Prototype-only synthetic acquisition record linked to a real Survey of India village boundary; not a government acquisition record.
SYN-ACQ-00688,SYN-PROJ-00688,CHHATTISGARH,Korea,Baikunthpur,Bhakhar,431427.0,National Highway,Railways Act 1989,67.88,70,179,76,26,11,7,2,335338200,204085500,131252700,42672000,42672000,0.7893,Possession,161,0.0944,0,SYNTHETIC_DEMO,Prototype-only synthetic acquisition record linked to a real Survey of India village boundary; not a government acquisition record.
SYN-ACQ-00689,SYN-PROJ-00689,CHHATTISGARH,Dhamtari,Dhamtari,Ranwa,447020.0,Industrial Corridor,Railways Act 1989,61.7,191,53,22,22,10,8,2,132029800,76052500,55977300,10592100,5834500,0.7501,Compensation,346,0.1346,0,SYNTHETIC_DEMO,Prototype-only synthetic acquisition record linked to a real Survey of India village boundary; not a government acquisition record.
SYN-ACQ-00690,SYN-PROJ-00690,CHHATTISGARH,Jashpur,Duldula,FOREST,51.0,Railway,Other applicable statute,54.21,154,23,7,4,6,5,0,258623000,198662800,59960300,6197600,3932100,0.6151,Completed,472,0.1408,0,SYNTHETIC_DEMO,Prototype-only synthetic acquisition record linked to a real Survey of India village boundary; not a government acquisition record.
SYN-ACQ-00691,SYN-PROJ-00691,CHHATTISGARH,Surguja,Ambikapur,Hansuli,432934.0,Industrial Corridor,Other applicable statute,15.53,154,43,22,6,2,1,0,118542200,75213700,43328500,9296300,3003100,0.7909,Objection/Hearing,227,0.0782,0,SYNTHETIC_DEMO,Prototype-only synthetic acquisition record linked to a real Survey of India village boundary; not a government acquisition record.
SYN-ACQ-00692,SYN-PROJ-00692,CHHATTISGARH,Uttar Bastar Kanker,Kanker,Tultuli,447825.0,Power Transmission,RFCTLARR Act 2013,12.64,218,92,37,11,23,22,1,133108000,100220000,32888000,21959100,12992000,0.8627,Compensation,169,0.0772,0,SYNTHETIC_DEMO,Prototype-only synthetic acquisition record linked to a real Survey of India village boundary; not a government acquisition record.
SYN-ACQ-00693,SYN-PROJ-00693,CHHATTISGARH,Mungeli,Mungeli,Keshali Kala,438084.0,Industrial Corridor,National Highways Act 1956,37.92,52,23,7,7,9,5,0,146009800,94112700,51897000,4247100,3900200,0.9306,Compensation,235,0.2128,0,SYNTHETIC_DEMO,Prototype-only synthetic acquisition record linked to a real Survey of India village boundary; not a government acquisition record.
SYN-ACQ-00694,SYN-PROJ-00694,CHHATTISGARH,Balodabazar-Bhatapara,Palari,Khaira,443884.0,Urban Infrastructure,RFCTLARR Act 2013,16.65,56,56,29,24,11,6,1,82679700,70338600,12341100,20324800,12947100,0.6056,Scrutiny,491,0.3255,0,SYNTHETIC_DEMO,Prototype-only synthetic acquisition record linked to a real Survey of India village boundary; not a government acquisition record.
SYN-ACQ-00695,SYN-PROJ-00695,CHHATTISGARH,Bijapur,Kutru,Tungeli,451162.0,Urban Infrastructure,National Highways Act 1956,51.51,102,26,7,7,4,2,0,281768900,187309300,94459600,2393800,1041400,0.7069,Objection/Hearing,392,0.3662,0,SYNTHETIC_DEMO,Prototype-only synthetic acquisition record linked to a real Survey of India village boundary; not a government acquisition record.
SYN-ACQ-00696,SYN-PROJ-00696,CHHATTISGARH,Bijapur,Bhopalpattnam,Kondapadgu,450722.0,Urban Infrastructure,RFCTLARR Act 2013,40.3,43,167,64,16,7,5,0,350203700,339836200,10367500,29242200,21987600,0.6062,Possession,264,0.1214,0,SYNTHETIC_DEMO,Prototype-only synthetic acquisition record linked to a real Survey of India village boundary; not a government acquisition record.
SYN-ACQ-00697,SYN-PROJ-00697,CHHATTISGARH,Gariyaband,Rajim,Sahaspur,444860.0,Power Transmission,Other applicable statute,69.11,197,27,6,6,2,1,0,654506400,464820800,189685600,3167500,2161200,0.695,Award,350,0.1754,0,SYNTHETIC_DEMO,Prototype-only synthetic acquisition record linked to a real Survey of India village boundary; not a government acquisition record.
SYN-ACQ-00698,SYN-PROJ-00698,CHHATTISGARH,Mahasamund,Pithora,Chatamauha,446512.0,Industrial Corridor,National Highways Act 1956,42.01,47,158,33,32,31,19,0,417235000,255267500,161967400,21250600,8257600,0.7879,Possession,358,0.084,0,SYNTHETIC_DEMO,Prototype-only synthetic acquisition record linked to a real Survey of India village boundary; not a government acquisition record.
SYN-ACQ-00699,SYN-PROJ-00699,CHHATTISGARH,Mohla-Manpur-Ambagarh Chouki,Manpur,Tumdikasa,441455.0,Industrial Corridor,Railways Act 1989,68.72,197,135,2,2,29,14,3,155574200,126513600,29060600,1548900,1531100,0.7158,Scrutiny,523,0.1923,0,SYNTHETIC_DEMO,Prototype-only synthetic acquisition record linked to a real Survey of India village boundary; not a government acquisition record.
SYN-ACQ-00700,SYN-PROJ-00700,CHHATTISGARH,Dakshin Bastar Dantewada,Gidam,Faraspal,450161.0,Power Transmission,Other applicable statute,40.69,49,136,17,17,26,14,1,184348600,135360900,48987700,2759200,2488800,0.7808,Compensation,592,0.214,0,SYNTHETIC_DEMO,Prototype-only synthetic acquisition record linked to a real Survey of India village boundary; not a government acquisition record.
SYN-ACQ-00701,SYN-PROJ-00701,CHHATTISGARH,Kabeerdham,Rengakharkala,Sarai Patera,439511.0,Power Transmission,Other applicable statute,14.82,66,156,37,29,33,26,4,138157500,100006500,38151000,15452800,14253800,0.7521,Award,510,0.1469,0,SYNTHETIC_DEMO,Prototype-only synthetic acquisition record linked to a real Survey of India village boundary; not a government acquisition record.
SYN-ACQ-00702,SYN-PROJ-00702,CHHATTISGARH,Narayanpur,Narayanpur,Bawadi,449727.0,National Highway,Railways Act 1989,20.33,39,52,27,24,8,3,0,122851400,87357900,35493500,4655400,2818900,0.9019,Completed,744,0.3238,0,SYNTHETIC_DEMO,Prototype-only synthetic acquisition record linked to a real Survey of India village boundary; not a government acquisition record.
SYN-ACQ-00703,SYN-PROJ-00703,CHHATTISGARH,Balrampur-Ramanujganj,Wadrafnagar,Premnagar,432136.0,Irrigation,RFCTLARR Act 2013,24.9,27,87,31,12,26,15,1,89208600,59087900,30120700,15413600,11736500,0.7647,Notification,702,0.4558,0,SYNTHETIC_DEMO,Prototype-only synthetic acquisition record linked to a real Survey of India village boundary; not a government acquisition record.
SYN-ACQ-00704,SYN-PROJ-00704,CHHATTISGARH,Dhamtari,Magarlod,Dabha,446926.0,Irrigation,Railways Act 1989,34.54,110,22,9,1,1,0,0,119202800,85385200,33817600,3735300,1695000,0.5972,Completed,518,0.1969,0,SYNTHETIC_DEMO,Prototype-only synthetic acquisition record linked to a real Survey of India village boundary; not a government acquisition record.
SYN-ACQ-00705,SYN-PROJ-00705,CHHATTISGARH,Raipur,Tilda,Bemta,444883.0,Urban Infrastructure,Other applicable statute,58.39,183,137,25,23,39,21,3,414677400,404956300,9721100,13835800,3133500,0.7049,Proposal,355,0.095,0,SYNTHETIC_DEMO,Prototype-only synthetic acquisition record linked to a real Survey of India village boundary; not a government acquisition record.
SYN-ACQ-00706,SYN-PROJ-00706,CHHATTISGARH,Surajpur,Surajpur,Pidha,432612.0,Power Transmission,Railways Act 1989,18.07,128,52,10,10,18,16,3,185512400,142505300,43007100,8325600,2034300,0.9077,Possession,64,0.0553,0,SYNTHETIC_DEMO,Prototype-only synthetic acquisition record linked to a real Survey of India village boundary; not a government acquisition record.
SYN-ACQ-00707,SYN-PROJ-00707,CHHATTISGARH,Rajnandgaon,Dongargaon,Ganeri,441137.0,Irrigation,National Highways Act 1956,44.44,154,175,19,9,6,5,0,240321700,123196700,117125000,3528000,3528000,0.5617,GIS Verification,512,0.1951,0,SYNTHETIC_DEMO,Prototype-only synthetic acquisition record linked to a real Survey of India village boundary; not a government acquisition record.
SYN-ACQ-00708,SYN-PROJ-00708,CHHATTISGARH,Mahasamund,Pithora,Sawitripur,446443.0,Power Transmission,Railways Act 1989,47.84,178,24,8,8,3,1,0,186378000,109344200,77033800,1514200,1446300,0.7234,Award,228,0.1268,0,SYNTHETIC_DEMO,Prototype-only synthetic acquisition record linked to a real Survey of India village boundary; not a government acquisition record.
SYN-ACQ-00709,SYN-PROJ-00709,CHHATTISGARH,Bijapur,Bhairamgarh,Toynar,451319.0,Railway,Other applicable statute,57.58,66,177,48,38,45,41,6,500996700,420089400,80907400,40489100,28985100,0.6824,Compensation,399,0.1288,0,SYNTHETIC_DEMO,Prototype-only synthetic acquisition record linked to a real Survey of India village boundary; not a government acquisition record.
SYN-ACQ-00710,SYN-PROJ-00710,CHHATTISGARH,Bemetara,Berla,Chatuwa,442325.0,Railway,Railways Act 1989,46.48,77,107,5,5,21,16,3,135886300,76049800,59836500,1929500,743800,0.9136,Possession,686,0.2449,0,SYNTHETIC_DEMO,Prototype-only synthetic acquisition record linked to a real Survey of India village boundary; not a government acquisition record.
SYN-ACQ-00711,SYN-PROJ-00711,CHHATTISGARH,Surajpur,Biharpur,Deodhi,432650.0,Power Transmission,Railways Act 1989,14.2,197,28,1,1,11,5,1,50193700,37552700,12641000,845600,559500,0.7268,Proposal,634,0.4345,0,SYNTHETIC_DEMO,Prototype-only synthetic acquisition record linked to a real Survey of India village boundary; not a government acquisition record.
SYN-ACQ-00712,SYN-PROJ-00712,CHHATTISGARH,Korba,Katghora,Kasaipali,435899.0,Irrigation,National Highways Act 1956,62.26,158,13,3,3,5,4,0,474140100,325477600,148662600,2243100,1405400,0.7954,Completed,446,0.3654,0,SYNTHETIC_DEMO,Prototype-only synthetic acquisition record linked to a real Survey of India village boundary; not a government acquisition record.
SYN-ACQ-00713,SYN-PROJ-00713,CHHATTISGARH,Sarangarh-Bilaigarh,Sarsiwa,Shitalpur,444366.0,Industrial Corridor,Railways Act 1989,31.62,192,12,1,1,0,0,0,225237400,211290400,13947000,724000,425600,0.7903,Notification,302,0.1637,0,SYNTHETIC_DEMO,Prototype-only synthetic acquisition record linked to a real Survey of India village boundary; not a government acquisition record.
SYN-ACQ-00714,SYN-PROJ-00714,CHHATTISGARH,Sarangarh-Bilaigarh,Sarangarh,Tilaipali,435459.0,Urban Infrastructure,Railways Act 1989,25.02,168,98,48,10,4,3,0,167976700,159342600,8634200,19848800,10279100,0.8592,GIS Verification,577,0.4272,0,SYNTHETIC_DEMO,Prototype-only synthetic acquisition record linked to a real Survey of India village boundary; not a government acquisition record.
SYN-ACQ-00715,SYN-PROJ-00715,CHHATTISGARH,Balod,Daundilohara,Markam Tola,443139.0,Power Transmission,National Highways Act 1956,20.6,191,51,18,18,6,5,0,95950300,77198700,18751600,11384200,7476900,0.9488,Objection/Hearing,256,0.1903,0,SYNTHETIC_DEMO,Prototype-only synthetic acquisition record linked to a real Survey of India village boundary; not a government acquisition record.
SYN-ACQ-00716,SYN-PROJ-00716,CHHATTISGARH,Surajpur,Surajpur,Ramnagar,432587.0,National Highway,Railways Act 1989,50.99,21,75,1,1,12,9,2,403804100,365743000,38061200,562600,280600,0.8902,Compensation,531,0.2173,0,SYNTHETIC_DEMO,Prototype-only synthetic acquisition record linked to a real Survey of India village boundary; not a government acquisition record.
SYN-ACQ-00717,SYN-PROJ-00717,CHHATTISGARH,Bilaspur,Belgahna,Khairjhiti,437977.0,Railway,RFCTLARR Act 2013,25.03,167,102,34,13,35,32,0,136395400,105492800,30902600,5853900,5149100,0.722,Possession,195,0.0594,0,SYNTHETIC_DEMO,Prototype-only synthetic acquisition record linked to a real Survey of India village boundary; not a government acquisition record.
SYN-ACQ-00718,SYN-PROJ-00718,CHHATTISGARH,Mohla-Manpur-Ambagarh Chouki,Mohla,Madhopur,441230.0,Irrigation,National Highways Act 1956,17.01,118,123,21,21,22,12,1,60229300,47621500,12607700,8829300,6082000,0.9864,Completed,662,0.2829,0,SYNTHETIC_DEMO,Prototype-only synthetic acquisition record linked to a real Survey of India village boundary; not a government acquisition record.
SYN-ACQ-00719,SYN-PROJ-00719,CHHATTISGARH,Durg,Dhamdha,Achholi,442440.0,Urban Infrastructure,Railways Act 1989,24.32,69,68,7,7,18,17,0,65548500,48917100,16631300,1278400,767600,0.6353,Notification,470,0.2368,0,SYNTHETIC_DEMO,Prototype-only synthetic acquisition record linked to a real Survey of India village boundary; not a government acquisition record.
SYN-ACQ-00720,SYN-PROJ-00720,CHHATTISGARH,Manendragarh-Chirmiri-Bharatpur (MCB),Bharatpur,Dhobatal,431287.0,Irrigation,Railways Act 1989,1.35,106,63,25,11,18,10,1,13763600,10690000,3073700,6496500,5021000,0.5946,Compensation,253,0.1497,0,SYNTHETIC_DEMO,Prototype-only synthetic acquisition record linked to a real Survey of India village boundary; not a government acquisition record.
SYN-ACQ-00721,SYN-PROJ-00721,CHHATTISGARH,Balodabazar-Bhatapara,Simga,Kareli,443544.0,Railway,RFCTLARR Act 2013,73.92,120,126,36,26,36,24,7,451449000,321908500,129540500,11793500,10692300,0.9943,Completed,467,0.1709,0,SYNTHETIC_DEMO,Prototype-only synthetic acquisition record linked to a real Survey of India village boundary; not a government acquisition record.
SYN-ACQ-00722,SYN-PROJ-00722,CHHATTISGARH,Surajpur,Bhatgaon,Taiya,432765.0,Irrigation,Railways Act 1989,54.61,20,41,10,7,8,4,1,242157200,214663600,27493600,7416600,6542800,0.7722,Completed,430,0.3106,0,SYNTHETIC_DEMO,Prototype-only synthetic acquisition record linked to a real Survey of India village boundary; not a government acquisition record.
SYN-ACQ-00723,SYN-PROJ-00723,CHHATTISGARH,Narayanpur,Kohkameta,Tadohur,449951.0,Railway,National Highways Act 1956,52.03,56,33,10,10,2,1,0,154765400,86977900,67787500,4069500,3848100,0.695,Notification,337,0.1137,0,SYNTHETIC_DEMO,Prototype-only synthetic acquisition record linked to a real Survey of India village boundary; not a government acquisition record.
SYN-ACQ-00724,SYN-PROJ-00724,CHHATTISGARH,Jashpur,Farsabahar,Uparghicha,434148.0,Industrial Corridor,RFCTLARR Act 2013,21.77,31,74,28,26,7,5,0,194689300,91931900,102757400,9431700,3927200,0.6418,Completed,489,0.2922,0,SYNTHETIC_DEMO,Prototype-only synthetic acquisition record linked to a real Survey of India village boundary; not a government acquisition record.
SYN-ACQ-00725,SYN-PROJ-00725,CHHATTISGARH,Korba,Poundi-Uproda,Paturiyadand,436097.0,Irrigation,Railways Act 1989,28.05,5,145,64,6,36,24,1,95720600,48769700,46950900,14661100,7584300,0.7522,R&R,667,0.3032,0,SYNTHETIC_DEMO,Prototype-only synthetic acquisition record linked to a real Survey of India village boundary; not a government acquisition record.
SYN-ACQ-00726,SYN-PROJ-00726,CHHATTISGARH,Khairagarh-Chhuikhadan-Gandai,Khairagarh,Bikrampur,440324.0,Irrigation,National Highways Act 1956,20.33,76,125,19,19,29,13,4,159934900,86008600,73926300,15736200,14961500,0.7708,GIS Verification,447,0.2205,0,SYNTHETIC_DEMO,Prototype-only synthetic acquisition record linked to a real Survey of India village boundary; not a government acquisition record.
SYN-ACQ-00727,SYN-PROJ-00727,CHHATTISGARH,Sarangarh-Bilaigarh,Sarangarh,Ichchha,435553.0,National Highway,Railways Act 1989,73.38,210,137,49,37,30,19,1,528674000,265582400,263091600,14117400,5954300,0.5502,Compensation,382,0.1313,0,SYNTHETIC_DEMO,Prototype-only synthetic acquisition record linked to a real Survey of India village boundary; not a government acquisition record.
SYN-ACQ-00728,SYN-PROJ-00728,CHHATTISGARH,Manendragarh-Chirmiri-Bharatpur (MCB),Bharatpur,Naudhiya,431213.0,National Highway,National Highways Act 1956,50.18,61,14,2,2,3,1,0,255410100,198686600,56723400,829400,459100,0.8522,Objection/Hearing,392,0.2235,0,SYNTHETIC_DEMO,Prototype-only synthetic acquisition record linked to a real Survey of India village boundary; not a government acquisition record.
SYN-ACQ-00729,SYN-PROJ-00729,CHHATTISGARH,Dhamtari,Nagri,Nawagaon (Sankra),447255.0,Irrigation,Railways Act 1989,64.81,129,123,7,7,13,12,0,393591400,281595400,111996000,4405700,3182300,0.6464,Proposal,482,0.0741,0,SYNTHETIC_DEMO,Prototype-only synthetic acquisition record linked to a real Survey of India village boundary; not a government acquisition record.
SYN-ACQ-00730,SYN-PROJ-00730,CHHATTISGARH,Korba,Katghora,Singhali,435858.0,Power Transmission,National Highways Act 1956,38.64,104,22,6,6,3,1,0,336971300,231065300,105906000,5216300,4283800,0.8994,Scrutiny,418,0.2013,0,SYNTHETIC_DEMO,Prototype-only synthetic acquisition record linked to a real Survey of India village boundary; not a government acquisition record.
SYN-ACQ-00731,SYN-PROJ-00731,CHHATTISGARH,Rajnandgaon,Lal Bahadur Nagar,Gundri,440642.0,National Highway,Railways Act 1989,34.79,21,38,19,19,4,1,2,258056600,203131400,54925200,11041400,1809400,0.806,Notification,574,0.3355,0,SYNTHETIC_DEMO,Prototype-only synthetic acquisition record linked to a real Survey of India village boundary; not a government acquisition record.
SYN-ACQ-00732,SYN-PROJ-00732,CHHATTISGARH,Bastar,Bastanar,Burgum,449244.0,Urban Infrastructure,National Highways Act 1956,36.41,165,178,10,10,31,16,4,235892600,235892600,0,5923600,4935800,0.6304,GIS Verification,537,0.2797,0,SYNTHETIC_DEMO,Prototype-only synthetic acquisition record linked to a real Survey of India village boundary; not a government acquisition record.
SYN-ACQ-00733,SYN-PROJ-00733,CHHATTISGARH,Gariyaband,Amlipadar,Saraipani,445486.0,Industrial Corridor,National Highways Act 1956,53.52,39,129,63,20,4,3,1,164771500,164771500,0,32170400,29851600,0.7302,Compensation,294,0.118,0,SYNTHETIC_DEMO,Prototype-only synthetic acquisition record linked to a real Survey of India village boundary; not a government acquisition record.
SYN-ACQ-00734,SYN-PROJ-00734,CHHATTISGARH,Surajpur,Premnagar,Sarastal,432915.0,Railway,RFCTLARR Act 2013,28.44,3,82,1,1,25,15,1,181349400,150772700,30576700,785800,675000,0.8629,Compensation,243,0.069,0,SYNTHETIC_DEMO,Prototype-only synthetic acquisition record linked to a real Survey of India village boundary; not a government acquisition record.
SYN-ACQ-00735,SYN-PROJ-00735,CHHATTISGARH,Raigarh,Raigarh,Raigarh (M.Corp.) (Part),801939.0,Railway,Other applicable statute,23.61,215,46,15,15,17,10,0,114257800,53439600,60818200,6594300,3476200,0.9513,Possession,461,0.215,0,SYNTHETIC_DEMO,Prototype-only synthetic acquisition record linked to a real Survey of India village boundary; not a government acquisition record.
SYN-ACQ-00736,SYN-PROJ-00736,CHHATTISGARH,Sarangarh-Bilaigarh,Sariya,Nadigaon,435592.0,Urban Infrastructure,Other applicable statute,44.77,50,57,21,20,22,10,3,339688100,276339500,63348600,5703300,4247800,0.6377,Completed,584,0.2238,0,SYNTHETIC_DEMO,Prototype-only synthetic acquisition record linked to a real Survey of India village boundary; not a government acquisition record.
SYN-ACQ-00737,SYN-PROJ-00737,CHHATTISGARH,Mahasamund,Mahasamund,Sindhrupali (Sidhrupali),446168.0,Urban Infrastructure,Other applicable statute,2.49,43,95,13,13,13,8,1,42319600,26704000,15615600,3922000,2684000,0.7125,Completed,587,0.3023,0,SYNTHETIC_DEMO,Prototype-only synthetic acquisition record linked to a real Survey of India village boundary; not a government acquisition record.
SYN-ACQ-00738,SYN-PROJ-00738,CHHATTISGARH,Balodabazar-Bhatapara,Palari,Sisdeori,443899.0,National Highway,Railways Act 1989,12.26,90,99,44,31,24,17,1,80305900,61196500,19109400,11017200,9472300,0.7029,Proposal,418,0.2426,0,SYNTHETIC_DEMO,Prototype-only synthetic acquisition record linked to a real Survey of India village boundary; not a government acquisition record.
SYN-ACQ-00739,SYN-PROJ-00739,CHHATTISGARH,Raipur,Kharora,Ghibra,445004.0,Irrigation,Railways Act 1989,52.75,197,8,5,5,0,0,0,122641800,67793000,54848700,3249000,2130000,0.8983,Scrutiny,490,0.2962,0,SYNTHETIC_DEMO,Prototype-only synthetic acquisition record linked to a real Survey of India village boundary; not a government acquisition record.
SYN-ACQ-00740,SYN-PROJ-00740,CHHATTISGARH,Mungeli,Pathariya,Pida,438415.0,Irrigation,National Highways Act 1956,73.24,182,25,3,3,2,1,0,263341700,190764200,72577400,1199700,772000,0.7725,GIS Verification,567,0.2807,0,SYNTHETIC_DEMO,Prototype-only synthetic acquisition record linked to a real Survey of India village boundary; not a government acquisition record.
SYN-ACQ-00741,SYN-PROJ-00741,CHHATTISGARH,Jashpur,Sanna,FOREST,51.0,National Highway,National Highways Act 1956,65.27,48,90,21,21,30,24,1,518534000,254729300,263804800,4002400,3063500,0.7645,Objection/Hearing,452,0.2877,0,SYNTHETIC_DEMO,Prototype-only synthetic acquisition record linked to a real Survey of India village boundary; not a government acquisition record.
SYN-ACQ-00742,SYN-PROJ-00742,CHHATTISGARH,Mungeli,Mungeli,Chironjpur,438223.0,Urban Infrastructure,National Highways Act 1956,49.87,179,41,2,2,3,2,1,296418200,223931500,72486600,668100,568200,0.7128,Objection/Hearing,657,0.4197,0,SYNTHETIC_DEMO,Prototype-only synthetic acquisition record linked to a real Survey of India village boundary; not a government acquisition record.
SYN-ACQ-00743,SYN-PROJ-00743,CHHATTISGARH,Sukma,Dornapal,Tetrai,450373.0,Power Transmission,RFCTLARR Act 2013,57.05,95,58,3,3,5,2,1,142676100,142676100,0,1216500,962700,0.5723,Compensation,379,0.0334,0,SYNTHETIC_DEMO,Prototype-only synthetic acquisition record linked to a real Survey of India village boundary; not a government acquisition record.
SYN-ACQ-00744,SYN-PROJ-00744,CHHATTISGARH,Raigarh,Lailunga,Pahadludeg,434556.0,Power Transmission,National Highways Act 1956,61.1,98,168,78,8,60,32,4,236059900,236059900,0,43022900,35319100,0.904,Objection/Hearing,563,0.2042,0,SYNTHETIC_DEMO,Prototype-only synthetic acquisition record linked to a real Survey of India village boundary; not a government acquisition record.
SYN-ACQ-00745,SYN-PROJ-00745,CHHATTISGARH,Korba,Katghora,Chakabuda,435902.0,Urban Infrastructure,Other applicable statute,74.84,204,65,6,6,15,6,0,303981200,247719000,56262200,4613700,3099000,0.8692,GIS Verification,333,0.0146,0,SYNTHETIC_DEMO,Prototype-only synthetic acquisition record linked to a real Survey of India village boundary; not a government acquisition record.
SYN-ACQ-00746,SYN-PROJ-00746,CHHATTISGARH,Balodabazar-Bhatapara,Sonakhan,Chhatwan,444117.0,National Highway,Other applicable statute,17.67,121,50,11,11,10,4,2,169455600,124984300,44471300,1820400,1799400,0.9304,Possession,188,0.0,0,SYNTHETIC_DEMO,Prototype-only synthetic acquisition record linked to a real Survey of India village boundary; not a government acquisition record.
SYN-ACQ-00747,SYN-PROJ-00747,CHHATTISGARH,Mahasamund,Komakhan,Saraipali,446715.0,Urban Infrastructure,RFCTLARR Act 2013,57.59,129,152,41,12,50,29,7,447532400,447532400,0,21579700,3428000,0.8699,Objection/Hearing,364,0.1429,0,SYNTHETIC_DEMO,Prototype-only synthetic acquisition record linked to a real Survey of India village boundary; not a government acquisition record.
SYN-ACQ-00748,SYN-PROJ-00748,CHHATTISGARH,Bastar,Nangur,Kakarwada,449113.0,Power Transmission,National Highways Act 1956,16.08,148,160,35,35,29,25,3,117271200,70915300,46355800,20177400,16557300,0.8256,Notification,630,0.3057,0,SYNTHETIC_DEMO,Prototype-only synthetic acquisition record linked to a real Survey of India village boundary; not a government acquisition record.
SYN-ACQ-00749,SYN-PROJ-00749,CHHATTISGARH,Raigarh,Tamnar,Kenani Bahra,434840.0,Urban Infrastructure,Railways Act 1989,55.37,135,97,30,7,14,7,1,538733400,404717700,134015600,24551700,21192400,0.5629,R&R,428,0.3051,0,SYNTHETIC_DEMO,Prototype-only synthetic acquisition record linked to a real Survey of India village boundary; not a government acquisition record.
SYN-ACQ-00750,SYN-PROJ-00750,CHHATTISGARH,Uttar Bastar Kanker,Antagarh,Taralkatta,448054.0,Railway,RFCTLARR Act 2013,63.51,72,13,1,1,5,4,0,356676500,128810900,227865700,541400,354600,0.8116,Scrutiny,186,0.197,0,SYNTHETIC_DEMO,Prototype-only synthetic acquisition record linked to a real Survey of India village boundary; not a government acquisition record.
SYN-ACQ-00751,SYN-PROJ-00751,CHHATTISGARH,Khairagarh-Chhuikhadan-Gandai,Khairagarh,Sankara,440350.0,Power Transmission,Railways Act 1989,16.16,13,72,21,21,6,5,0,103848500,35403200,68445300,3252000,1153800,0.6775,Proposal,532,0.2416,0,SYNTHETIC_DEMO,Prototype-only synthetic acquisition record linked to a real Survey of India village boundary; not a government acquisition record.
SYN-ACQ-00752,SYN-PROJ-00752,CHHATTISGARH,Durg,Patan,Sankra,442644.0,Industrial Corridor,Railways Act 1989,59.75,145,9,3,3,2,1,0,552937400,357328700,195608700,2248600,1536800,0.9881,Notification,121,0.0,0,SYNTHETIC_DEMO,Prototype-only synthetic acquisition record linked to a real Survey of India village boundary; not a government acquisition record.
SYN-ACQ-00753,SYN-PROJ-00753,CHHATTISGARH,Raigarh,Dharamjaigarh,Dharamjaigarh (NP),801935.0,National Highway,Other applicable statute,72.08,130,36,10,10,9,5,0,392368000,203854900,188513100,5935600,2128300,0.7975,Objection/Hearing,479,0.1912,0,SYNTHETIC_DEMO,Prototype-only synthetic acquisition record linked to a real Survey of India village boundary; not a government acquisition record.
SYN-ACQ-00754,SYN-PROJ-00754,CHHATTISGARH,Bilaspur,Bilaspur,Farhada,438752.0,Industrial Corridor,RFCTLARR Act 2013,48.36,14,101,28,23,11,5,0,304902800,271408900,33493900,24765400,15661300,0.5965,Compensation,617,0.4295,0,SYNTHETIC_DEMO,Prototype-only synthetic acquisition record linked to a real Survey of India village boundary; not a government acquisition record.
SYN-ACQ-00755,SYN-PROJ-00755,CHHATTISGARH,Rajnandgaon,Ghumka,Mahrum Khurd,440755.0,National Highway,Railways Act 1989,50.74,7,163,30,16,17,16,0,170099100,111878600,58220500,24144400,20140300,0.6937,Scrutiny,540,0.4074,0,SYNTHETIC_DEMO,Prototype-only synthetic acquisition record linked to a real Survey of India village boundary; not a government acquisition record.
SYN-ACQ-00756,SYN-PROJ-00756,CHHATTISGARH,Rajnandgaon,Dongargaon,Bendarkatta,441159.0,Urban Infrastructure,Railways Act 1989,21.69,96,170,20,20,24,11,1,210751400,120290800,90460600,3387500,1999100,0.6542,Award,382,0.215,0,SYNTHETIC_DEMO,Prototype-only synthetic acquisition record linked to a real Survey of India village boundary; not a government acquisition record.
SYN-ACQ-00757,SYN-PROJ-00757,CHHATTISGARH,Khairagarh-Chhuikhadan-Gandai,Salhewara,Khamhi,440228.0,Industrial Corridor,Railways Act 1989,41.58,167,75,34,7,9,6,1,165657100,119208500,46448700,29702400,19311300,0.8407,Completed,704,0.3913,0,SYNTHETIC_DEMO,Prototype-only synthetic acquisition record linked to a real Survey of India village boundary; not a government acquisition record.
SYN-ACQ-00758,SYN-PROJ-00758,CHHATTISGARH,Janjgir-Champa,Baloda,Ponch,436707.0,Urban Infrastructure,Other applicable statute,6.42,48,171,83,10,46,39,0,71174800,67256700,3918100,55649100,41753100,0.6238,Possession,550,0.3179,0,SYNTHETIC_DEMO,Prototype-only synthetic acquisition record linked to a real Survey of India village boundary; not a government acquisition record.
SYN-ACQ-00759,SYN-PROJ-00759,CHHATTISGARH,Korea,Patna,Khairi,431466.0,Industrial Corridor,Railways Act 1989,38.28,151,64,22,22,12,9,2,362529600,187118900,175410700,4233000,211700,0.5573,Scrutiny,673,0.4116,0,SYNTHETIC_DEMO,Prototype-only synthetic acquisition record linked to a real Survey of India village boundary; not a government acquisition record.
SYN-ACQ-00760,SYN-PROJ-00760,CHHATTISGARH,Rajnandgaon,Ghumka,Temri,440746.0,Irrigation,Railways Act 1989,19.49,109,66,10,10,17,16,1,58261100,58261100,0,3257200,621500,0.5958,Proposal,476,0.1883,0,SYNTHETIC_DEMO,Prototype-only synthetic acquisition record linked to a real Survey of India village boundary; not a government acquisition record.
SYN-ACQ-00761,SYN-PROJ-00761,CHHATTISGARH,Kondagaon,Keshkal,Aawarabhata,650886.0,Irrigation,Railways Act 1989,60.61,158,109,23,23,22,20,5,561744300,480821400,80922900,8303900,5802600,0.6108,Scrutiny,500,0.28,0,SYNTHETIC_DEMO,Prototype-only synthetic acquisition record linked to a real Survey of India village boundary; not a government acquisition record.
SYN-ACQ-00762,SYN-PROJ-00762,CHHATTISGARH,Kondagaon,BADERAJPUR,Tenwasa,448603.0,Urban Infrastructure,Other applicable statute,29.38,139,5,3,3,2,1,0,224265500,191827900,32437600,1784800,1335400,0.7596,GIS Verification,284,0.3074,0,SYNTHETIC_DEMO,Prototype-only synthetic acquisition record linked to a real Survey of India village boundary; not a government acquisition record.
SYN-ACQ-00763,SYN-PROJ-00763,CHHATTISGARH,Surguja,Lakhanpur,Hansdand,433086.0,Railway,National Highways Act 1956,3.15,105,120,47,4,34,30,1,29937200,15903200,14034000,31082400,22239600,0.6388,Notification,418,0.2929,0,SYNTHETIC_DEMO,Prototype-only synthetic acquisition record linked to a real Survey of India village boundary; not a government acquisition record.
SYN-ACQ-00764,SYN-PROJ-00764,CHHATTISGARH,Sukma,Chhindgarh,Kikirpal,450575.0,Power Transmission,National Highways Act 1956,43.21,58,25,5,4,5,4,0,359956400,123864800,236091500,3605100,2631500,0.6934,Compensation,373,0.309,0,SYNTHETIC_DEMO,Prototype-only synthetic acquisition record linked to a real Survey of India village boundary; not a government acquisition record.
SYN-ACQ-00765,SYN-PROJ-00765,CHHATTISGARH,Jashpur,Duldula,FOREST,51.0,Power Transmission,Railways Act 1989,65.71,161,119,49,9,37,29,2,657185200,566589100,90596100,16835600,12801700,0.6427,Award,375,0.2492,0,SYNTHETIC_DEMO,Prototype-only synthetic acquisition record linked to a real Survey of India village boundary; not a government acquisition record.
SYN-ACQ-00766,SYN-PROJ-00766,CHHATTISGARH,Mahasamund,Mahasamund,Ulba,446154.0,Power Transmission,Railways Act 1989,23.5,216,120,7,7,25,20,0,208531900,176354800,32177100,5736500,3774100,0.8093,GIS Verification,452,0.0837,0,SYNTHETIC_DEMO,Prototype-only synthetic acquisition record linked to a real Survey of India village boundary; not a government acquisition record.
SYN-ACQ-00767,SYN-PROJ-00767,CHHATTISGARH,Dhamtari,Kukrel,Bagroomnala,447208.0,Industrial Corridor,National Highways Act 1956,74.07,29,46,1,1,11,9,0,275848000,275848000,0,859600,608600,0.5649,Notification,374,0.0705,0,SYNTHETIC_DEMO,Prototype-only synthetic acquisition record linked to a real Survey of India village boundary; not a government acquisition record.
SYN-ACQ-00768,SYN-PROJ-00768,CHHATTISGARH,Bemetara,Nawagarh,Darri,441697.0,Industrial Corridor,RFCTLARR Act 2013,52.64,45,82,12,12,26,11,4,277202900,277202900,0,2169700,1778200,0.9805,Award,319,0.0694,0,SYNTHETIC_DEMO,Prototype-only synthetic acquisition record linked to a real Survey of India village boundary; not a government acquisition record.
SYN-ACQ-00769,SYN-PROJ-00769,CHHATTISGARH,Durg,Bori,Arsi,442448.0,Power Transmission,Railways Act 1989,13.41,89,6,2,2,2,0,0,35089000,21567700,13521400,389200,256900,0.5985,Proposal,546,0.2565,0,SYNTHETIC_DEMO,Prototype-only synthetic acquisition record linked to a real Survey of India village boundary; not a government acquisition record.
SYN-ACQ-00770,SYN-PROJ-00770,CHHATTISGARH,Surajpur,Pratappur,Barbaspur,432275.0,Urban Infrastructure,National Highways Act 1956,74.42,195,69,29,23,10,9,0,194637300,194637300,0,11886500,6097300,0.9479,Compensation,617,0.276,0,SYNTHETIC_DEMO,Prototype-only synthetic acquisition record linked to a real Survey of India village boundary; not a government acquisition record.
SYN-ACQ-00771,SYN-PROJ-00771,CHHATTISGARH,Jashpur,Kansabel,FOREST,51.0,Industrial Corridor,Other applicable statute,31.4,15,159,41,9,28,21,4,180333500,53392300,126941200,19203200,6146600,0.5638,R&R,681,0.5999,1,SYNTHETIC_DEMO,Prototype-only synthetic acquisition record linked to a real Survey of India village boundary; not a government acquisition record.
SYN-ACQ-00772,SYN-PROJ-00772,CHHATTISGARH,Raigarh,Raigarh,Dumarpali,434868.0,Power Transmission,RFCTLARR Act 2013,64.29,124,119,34,34,23,18,0,250389700,149624300,100765400,9380200,4803000,0.9833,Award,456,0.2415,0,SYNTHETIC_DEMO,Prototype-only synthetic acquisition record linked to a real Survey of India village boundary; not a government acquisition record.
SYN-ACQ-00773,SYN-PROJ-00773,CHHATTISGARH,Durg,Durg,Bharda,442612.0,Power Transmission,RFCTLARR Act 2013,10.9,138,63,31,7,17,14,2,69578700,34890700,34688000,4915500,1314600,0.7865,Notification,542,0.2606,0,SYNTHETIC_DEMO,Prototype-only synthetic acquisition record linked to a real Survey of India village boundary; not a government acquisition record.
SYN-ACQ-00774,SYN-PROJ-00774,CHHATTISGARH,Bijapur,Usur,Komatpalli,450947.0,Power Transmission,Other applicable statute,1.57,202,70,20,12,18,10,0,27614400,25778300,1836100,3565700,1500600,0.9949,Possession,351,0.0566,0,SYNTHETIC_DEMO,Prototype-only synthetic acquisition record linked to a real Survey of India village boundary; not a government acquisition record.
SYN-ACQ-00775,SYN-PROJ-00775,CHHATTISGARH,Bijapur,Kutru,Chhindwaya,451172.0,Power Transmission,RFCTLARR Act 2013,54.96,85,112,6,0,20,19,0,437528100,349557600,87970500,2953800,2107500,0.8398,R&R,212,0.0237,0,SYNTHETIC_DEMO,Prototype-only synthetic acquisition record linked to a real Survey of India village boundary; not a government acquisition record.
SYN-ACQ-00776,SYN-PROJ-00776,CHHATTISGARH,Surguja,Darima,Nawapara Khurd,433039.0,National Highway,RFCTLARR Act 2013,20.89,156,24,5,5,1,0,0,91688400,64684400,27003900,2697700,2269600,0.9029,R&R,311,0.0632,0,SYNTHETIC_DEMO,Prototype-only synthetic acquisition record linked to a real Survey of India village boundary; not a government acquisition record.
SYN-ACQ-00777,SYN-PROJ-00777,CHHATTISGARH,Gaurela-Pendra-Marwahi,Pendra Road,Jogisar,437495.0,Irrigation,Other applicable statute,14.68,212,6,4,4,1,0,0,97550300,85076100,12474100,945800,767300,0.8657,Award,163,0.1214,0,SYNTHETIC_DEMO,Prototype-only synthetic acquisition record linked to a real Survey of India village boundary; not a government acquisition record.
SYN-ACQ-00778,SYN-PROJ-00778,CHHATTISGARH,Bijapur,Bhairamgarh,Yehkali,451305.0,Industrial Corridor,Other applicable statute,22.65,75,52,20,20,7,4,0,213841400,212175800,1665600,9151000,8098600,0.9545,GIS Verification,157,0.0,0,SYNTHETIC_DEMO,Prototype-only synthetic acquisition record linked to a real Survey of India village boundary; not a government acquisition record.
SYN-ACQ-00779,SYN-PROJ-00779,CHHATTISGARH,Mahasamund,Bagbahra,Charoda Keshwa Reservoir,46.0,Urban Infrastructure,Railways Act 1989,57.14,146,49,11,11,13,10,0,523136700,169036800,354099900,3660900,2053800,0.9937,Completed,445,0.1646,0,SYNTHETIC_DEMO,Prototype-only synthetic acquisition record linked to a real Survey of India village boundary; not a government acquisition record.
SYN-ACQ-00780,SYN-PROJ-00780,CHHATTISGARH,Raigarh,Raigarh,Sardamal,434880.0,Power Transmission,RFCTLARR Act 2013,72.83,152,160,25,22,35,23,2,555072200,467497500,87574800,18969900,12874500,0.6474,Completed,406,0.2731,0,SYNTHETIC_DEMO,Prototype-only synthetic acquisition record linked to a real Survey of India village boundary; not a government acquisition record.
SYN-ACQ-00781,SYN-PROJ-00781,CHHATTISGARH,Dakshin Bastar Dantewada,Dantewada,Balood,450063.0,Railway,Other applicable statute,43.84,131,5,3,3,0,0,0,285925100,155003600,130921500,1359900,960300,0.7052,R&R,395,0.2098,0,SYNTHETIC_DEMO,Prototype-only synthetic acquisition record linked to a real Survey of India village boundary; not a government acquisition record.
SYN-ACQ-00782,SYN-PROJ-00782,CHHATTISGARH,Rajnandgaon,Rajnandgaon,Litiya,440851.0,Urban Infrastructure,Railways Act 1989,4.8,161,118,19,11,22,16,0,56348200,45019100,11329000,15825200,10353700,0.7748,GIS Verification,258,0.0788,0,SYNTHETIC_DEMO,Prototype-only synthetic acquisition record linked to a real Survey of India village boundary; not a government acquisition record.
SYN-ACQ-00783,SYN-PROJ-00783,CHHATTISGARH,Balodabazar-Bhatapara,Kasdol,Baigandabari,444021.0,Urban Infrastructure,Railways Act 1989,6.08,214,162,81,11,34,26,2,75685100,45119400,30565700,24354900,15789100,0.7373,Objection/Hearing,507,0.3038,0,SYNTHETIC_DEMO,Prototype-only synthetic acquisition record linked to a real Survey of India village boundary; not a government acquisition record.
SYN-ACQ-00784,SYN-PROJ-00784,CHHATTISGARH,Kabeerdham,Sahaspur Lohara,Bamhantola,439677.0,Industrial Corridor,National Highways Act 1956,13.47,65,92,26,0,14,7,2,141622200,113820200,27802000,4261900,3177800,0.7423,Scrutiny,494,0.3658,0,SYNTHETIC_DEMO,Prototype-only synthetic acquisition record linked to a real Survey of India village boundary; not a government acquisition record.
SYN-ACQ-00785,SYN-PROJ-00785,CHHATTISGARH,Gariyaband,Chhura,Kandagadhi,445217.0,Urban Infrastructure,National Highways Act 1956,11.99,157,111,10,10,31,18,1,91300600,62886300,28414300,7562800,3007800,0.7867,Objection/Hearing,610,0.3502,0,SYNTHETIC_DEMO,Prototype-only synthetic acquisition record linked to a real Survey of India village boundary; not a government acquisition record.
SYN-ACQ-00786,SYN-PROJ-00786,CHHATTISGARH,Korba,Pasan,FOREST,51.0,Irrigation,National Highways Act 1956,53.64,20,32,5,5,1,0,0,285804100,263367800,22436300,2069500,1446000,0.8403,Notification,479,0.165,0,SYNTHETIC_DEMO,Prototype-only synthetic acquisition record linked to a real Survey of India village boundary; not a government acquisition record.
SYN-ACQ-00787,SYN-PROJ-00787,CHHATTISGARH,Mahasamund,Pithora,FOREST,51.0,National Highway,National Highways Act 1956,4.17,170,40,20,12,17,8,4,26297200,22243700,4053500,13346000,12182100,0.8296,Completed,529,0.3223,0,SYNTHETIC_DEMO,Prototype-only synthetic acquisition record linked to a real Survey of India village boundary; not a government acquisition record.
SYN-ACQ-00788,SYN-PROJ-00788,CHHATTISGARH,Mohla-Manpur-Ambagarh Chouki,Mohla,Mohla,441275.0,Railway,Railways Act 1989,26.02,60,146,60,4,36,30,3,171423000,102106100,69316900,10622300,7256500,0.7989,Award,675,0.4747,0,SYNTHETIC_DEMO,Prototype-only synthetic acquisition record linked to a real Survey of India village boundary; not a government acquisition record.
SYN-ACQ-00789,SYN-PROJ-00789,CHHATTISGARH,Bilaspur,Pachpedi,Salheghori,438899.0,National Highway,National Highways Act 1956,18.89,62,48,25,8,6,5,0,95211800,95211800,0,4133100,3410600,0.6157,Objection/Hearing,586,0.2091,0,SYNTHETIC_DEMO,Prototype-only synthetic acquisition record linked to a real Survey of India village boundary; not a government acquisition record.
SYN-ACQ-00790,SYN-PROJ-00790,CHHATTISGARH,Dhamtari,Magarlod,Sonewara,446902.0,National Highway,Railways Act 1989,36.25,43,131,49,11,31,25,6,243995200,243995200,0,30953600,14403100,0.6579,Award,672,0.4831,0,SYNTHETIC_DEMO,Prototype-only synthetic acquisition record linked to a real Survey of India village boundary; not a government acquisition record.
SYN-ACQ-00791,SYN-PROJ-00791,CHHATTISGARH,Rajnandgaon,Ghumka,Batgaon,440726.0,Railway,RFCTLARR Act 2013,8.34,202,164,17,17,7,6,1,49627600,47625800,2001800,12221700,10590200,0.8075,Scrutiny,224,0.0291,0,SYNTHETIC_DEMO,Prototype-only synthetic acquisition record linked to a real Survey of India village boundary; not a government acquisition record.
SYN-ACQ-00792,SYN-PROJ-00792,CHHATTISGARH,Durg,Durg,Durg (M.Corp.),802009.0,Urban Infrastructure,RFCTLARR Act 2013,60.91,73,99,38,26,9,8,0,576415600,461462800,114952800,17146900,3196200,0.6731,Award,264,0.0761,0,SYNTHETIC_DEMO,Prototype-only synthetic acquisition record linked to a real Survey of India village boundary; not a government acquisition record.
SYN-ACQ-00793,SYN-PROJ-00793,CHHATTISGARH,Balrampur-Ramanujganj,Shankargarh,Ghughari Khurd,432413.0,Urban Infrastructure,Other applicable statute,5.02,155,24,1,1,3,2,0,41546100,20139200,21406900,328100,172000,0.6498,Objection/Hearing,425,0.2511,0,SYNTHETIC_DEMO,Prototype-only synthetic acquisition record linked to a real Survey of India village boundary; not a government acquisition record.
SYN-ACQ-00794,SYN-PROJ-00794,CHHATTISGARH,Balodabazar-Bhatapara,Lavan,Bitkuli,443782.0,Power Transmission,Other applicable statute,5.96,195,131,13,4,16,12,0,99788300,74893500,24894800,7979200,3641300,0.912,Award,108,0.0329,0,SYNTHETIC_DEMO,Prototype-only synthetic acquisition record linked to a real Survey of India village boundary; not a government acquisition record.
SYN-ACQ-00795,SYN-PROJ-00795,CHHATTISGARH,Kabeerdham,Sahaspur Lohara,Singhauri,439565.0,Power Transmission,National Highways Act 1956,42.42,50,89,25,8,2,1,0,393821800,273810500,120011300,18455900,15016400,0.5999,Proposal,495,0.1678,0,SYNTHETIC_DEMO,Prototype-only synthetic acquisition record linked to a real Survey of India village boundary; not a government acquisition record.
SYN-ACQ-00796,SYN-PROJ-00796,CHHATTISGARH,Mahasamund,Saraipali,Palsapali,445882.0,National Highway,National Highways Act 1956,64.7,104,156,28,21,18,11,0,598936600,338907200,260029400,22326900,13517700,0.846,Notification,433,0.2174,0,SYNTHETIC_DEMO,Prototype-only synthetic acquisition record linked to a real Survey of India village boundary; not a government acquisition record.
SYN-ACQ-00797,SYN-PROJ-00797,CHHATTISGARH,Mohla-Manpur-Ambagarh Chouki,Mohla,Jangaltola,441262.0,Railway,RFCTLARR Act 2013,54.85,208,75,33,22,13,5,3,423667400,294776000,128891500,27617400,27617400,0.5764,Compensation,680,0.3808,0,SYNTHETIC_DEMO,Prototype-only synthetic acquisition record linked to a real Survey of India village boundary; not a government acquisition record.
SYN-ACQ-00798,SYN-PROJ-00798,CHHATTISGARH,Bemetara,Bemetara,Bhainsa,441985.0,Industrial Corridor,Other applicable statute,67.58,157,160,37,10,46,35,1,170218200,170218200,0,8582600,2098300,0.7766,Possession,585,0.2068,0,SYNTHETIC_DEMO,Prototype-only synthetic acquisition record linked to a real Survey of India village boundary; not a government acquisition record.
SYN-ACQ-00799,SYN-PROJ-00799,CHHATTISGARH,Mungeli,Lalpur Thana,Piparkhunti,437824.0,Irrigation,Other applicable statute,42.16,40,125,7,7,39,30,3,360767100,240007600,120759500,1109600,701700,0.7363,Completed,385,0.2499,0,SYNTHETIC_DEMO,Prototype-only synthetic acquisition record linked to a real Survey of India village boundary; not a government acquisition record.
SYN-ACQ-00800,SYN-PROJ-00800,CHHATTISGARH,Gaurela-Pendra-Marwahi,Sakola,Padariya,437637.0,Urban Infrastructure,RFCTLARR Act 2013,22.72,157,20,6,6,9,8,2,86018500,57309800,28708700,4067600,4067600,0.6778,Compensation,477,0.2667,0,SYNTHETIC_DEMO,Prototype-only synthetic acquisition record linked to a real Survey of India village boundary; not a government acquisition record.
SYN-ACQ-00801,SYN-PROJ-00801,CHHATTISGARH,Mahasamund,Saraipali,Jogidipa,445881.0,Urban Infrastructure,RFCTLARR Act 2013,54.71,79,54,28,9,10,8,1,164957800,68722600,96235100,25158600,19963900,0.5662,Compensation,706,0.3973,0,SYNTHETIC_DEMO,Prototype-only synthetic acquisition record linked to a real Survey of India village boundary; not a government acquisition record.
SYN-ACQ-00802,SYN-PROJ-00802,CHHATTISGARH,Bilaspur,Masturi,Jaitpur,438870.0,Urban Infrastructure,National Highways Act 1956,26.44,194,28,12,12,3,2,1,89555500,48813900,40741600,5790600,2336500,0.8488,Notification,459,0.1405,0,SYNTHETIC_DEMO,Prototype-only synthetic acquisition record linked to a real Survey of India village boundary; not a government acquisition record.
SYN-ACQ-00803,SYN-PROJ-00803,CHHATTISGARH,Balodabazar-Bhatapara,Suhela,Babariya,443590.0,Urban Infrastructure,RFCTLARR Act 2013,63.33,20,169,78,24,55,39,5,202494700,100662000,101832700,47119600,47119600,0.7066,Compensation,510,0.4183,0,SYNTHETIC_DEMO,Prototype-only synthetic acquisition record linked to a real Survey of India village boundary; not a government acquisition record.
SYN-ACQ-00804,SYN-PROJ-00804,CHHATTISGARH,Bijapur,Bhairamgarh,Medpal,451184.0,National Highway,National Highways Act 1956,57.57,44,132,3,3,20,17,2,582265700,387106000,195159700,1995600,1372200,0.7219,Completed,367,0.1573,0,SYNTHETIC_DEMO,Prototype-only synthetic acquisition record linked to a real Survey of India village boundary; not a government acquisition record.
SYN-ACQ-00805,SYN-PROJ-00805,CHHATTISGARH,Bemetara,Nawagarh,Gopalpur,441754.0,Irrigation,RFCTLARR Act 2013,18.38,44,82,37,14,10,5,1,189508400,175999600,13508800,20504500,14061800,0.6184,Scrutiny,385,0.1838,0,SYNTHETIC_DEMO,Prototype-only synthetic acquisition record linked to a real Survey of India village boundary; not a government acquisition record.
SYN-ACQ-00806,SYN-PROJ-00806,CHHATTISGARH,Janjgir-Champa,Bamhnidih,Naktidih,436875.0,Industrial Corridor,RFCTLARR Act 2013,1.25,95,46,17,4,7,3,2,11934700,7650800,4283900,11965300,11862100,0.6531,Award,581,0.455,0,SYNTHETIC_DEMO,Prototype-only synthetic acquisition record linked to a real Survey of India village boundary; not a government acquisition record.
SYN-ACQ-00807,SYN-PROJ-00807,CHHATTISGARH,Raigarh,Tamnar,Sakta,434745.0,Railway,RFCTLARR Act 2013,43.32,25,22,2,1,1,0,0,414381400,395904600,18476800,1521700,1010500,0.9616,GIS Verification,157,0.0,0,SYNTHETIC_DEMO,Prototype-only synthetic acquisition record linked to a real Survey of India village boundary; not a government acquisition record.
SYN-ACQ-00808,SYN-PROJ-00808,CHHATTISGARH,Sarangarh-Bilaigarh,Sarangarh,Amethi,435496.0,Urban Infrastructure,Railways Act 1989,0.51,176,87,32,32,13,12,1,34035100,25878600,8156500,5980100,5062500,0.6277,R&R,404,0.0495,0,SYNTHETIC_DEMO,Prototype-only synthetic acquisition record linked to a real Survey of India village boundary; not a government acquisition record.
SYN-ACQ-00809,SYN-PROJ-00809,CHHATTISGARH,Uttar Bastar Kanker,Bande,Durgapur,448399.0,Railway,RFCTLARR Act 2013,31.08,156,37,18,18,9,6,0,122880700,82377200,40503500,12422100,8199400,0.9352,Award,446,0.2429,0,SYNTHETIC_DEMO,Prototype-only synthetic acquisition record linked to a real Survey of India village boundary; not a government acquisition record.
SYN-ACQ-00810,SYN-PROJ-00810,CHHATTISGARH,Jashpur,Kunkuri,Rajauti,433981.0,National Highway,Railways Act 1989,7.52,199,163,60,11,46,28,4,80402200,51192500,29209700,13050600,11274300,0.6324,Compensation,374,0.3306,0,SYNTHETIC_DEMO,Prototype-only synthetic acquisition record linked to a real Survey of India village boundary; not a government acquisition record.
SYN-ACQ-00811,SYN-PROJ-00811,CHHATTISGARH,Mohla-Manpur-Ambagarh Chouki,Ambagarh Chouki,Barar Mundi,441599.0,Urban Infrastructure,National Highways Act 1956,72.56,72,150,21,8,6,4,0,576032300,336510900,239521300,16794500,9223400,0.9796,Notification,629,0.2933,0,SYNTHETIC_DEMO,Prototype-only synthetic acquisition record linked to a real Survey of India village boundary; not a government acquisition record.
SYN-ACQ-00812,SYN-PROJ-00812,CHHATTISGARH,Balodabazar-Bhatapara,Balodabazar,Jhonka,443716.0,National Highway,RFCTLARR Act 2013,71.93,195,9,4,4,0,0,0,521178800,229343000,291835800,2968300,1372400,0.7632,Objection/Hearing,675,0.4146,0,SYNTHETIC_DEMO,Prototype-only synthetic acquisition record linked to a real Survey of India village boundary; not a government acquisition record.
SYN-ACQ-00813,SYN-PROJ-00813,CHHATTISGARH,Jashpur,Kansabel,FOREST,51.0,Irrigation,Railways Act 1989,51.37,90,83,33,33,11,6,0,287015600,281775300,5240300,19529800,4318800,0.7154,GIS Verification,497,0.1574,0,SYNTHETIC_DEMO,Prototype-only synthetic acquisition record linked to a real Survey of India village boundary; not a government acquisition record.
SYN-ACQ-00814,SYN-PROJ-00814,CHHATTISGARH,Gariyaband,Mainpur,INDAGAON R.F.,51.0,Urban Infrastructure,National Highways Act 1956,58.07,161,142,68,19,22,12,3,498034000,220304900,277729200,31631300,20658300,0.9688,Objection/Hearing,777,0.3947,0,SYNTHETIC_DEMO,Prototype-only synthetic acquisition record linked to a real Survey of India village boundary; not a government acquisition record.
SYN-ACQ-00815,SYN-PROJ-00815,CHHATTISGARH,Mohla-Manpur-Ambagarh Chouki,Ambagarh Chouki,Bharritola,441581.0,Power Transmission,Other applicable statute,18.52,26,71,9,9,17,8,3,87420900,71886900,15534000,7134300,6086000,0.5808,Compensation,436,0.1851,0,SYNTHETIC_DEMO,Prototype-only synthetic acquisition record linked to a real Survey of India village boundary; not a government acquisition record.
SYN-ACQ-00816,SYN-PROJ-00816,CHHATTISGARH,Jashpur,Pathalgaon,Bildegi,434285.0,National Highway,National Highways Act 1956,59.86,189,124,53,35,24,16,3,328883500,195367000,133516500,8607600,6371700,0.728,Scrutiny,509,0.3259,0,SYNTHETIC_DEMO,Prototype-only synthetic acquisition record linked to a real Survey of India village boundary; not a government acquisition record.
SYN-ACQ-00817,SYN-PROJ-00817,CHHATTISGARH,Bastar,Bhanpuri,Guriya,449301.0,National Highway,RFCTLARR Act 2013,45.9,76,56,8,8,17,7,0,212969500,147904200,65065300,5014000,2289100,0.787,GIS Verification,667,0.3894,0,SYNTHETIC_DEMO,Prototype-only synthetic acquisition record linked to a real Survey of India village boundary; not a government acquisition record.
SYN-ACQ-00818,SYN-PROJ-00818,CHHATTISGARH,Kabeerdham,Kukdur,FOREST,51.0,Urban Infrastructure,RFCTLARR Act 2013,37.15,182,167,81,22,27,25,1,140484200,99885100,40599100,43810300,34950600,0.7909,Completed,537,0.2156,0,SYNTHETIC_DEMO,Prototype-only synthetic acquisition record linked to a real Survey of India village boundary; not a government acquisition record.
SYN-ACQ-00819,SYN-PROJ-00819,CHHATTISGARH,Sakti,Jaijaipur,Jarwe,437399.0,Industrial Corridor,National Highways Act 1956,57.25,35,94,4,4,27,20,4,200255900,97678300,102577600,1739200,1172700,0.8243,Proposal,306,0.2107,0,SYNTHETIC_DEMO,Prototype-only synthetic acquisition record linked to a real Survey of India village boundary; not a government acquisition record.
SYN-ACQ-00820,SYN-PROJ-00820,CHHATTISGARH,Korba,Poundi-Uproda,Pandripani,436132.0,National Highway,RFCTLARR Act 2013,44.2,164,93,18,18,13,11,1,429559400,334630900,94928500,11671500,8193800,0.6165,Notification,349,0.1634,0,SYNTHETIC_DEMO,Prototype-only synthetic acquisition record linked to a real Survey of India village boundary; not a government acquisition record.
SYN-ACQ-00821,SYN-PROJ-00821,CHHATTISGARH,Korba,Dipka,Jhabar,435840.0,Irrigation,Railways Act 1989,26.92,21,142,27,27,47,22,0,180066600,161962300,18104300,19429900,9768900,0.9633,Award,45,0.118,0,SYNTHETIC_DEMO,Prototype-only synthetic acquisition record linked to a real Survey of India village boundary; not a government acquisition record.
SYN-ACQ-00822,SYN-PROJ-00822,CHHATTISGARH,Kabeerdham,Bodla,Komo,439286.0,National Highway,Other applicable statute,52.26,172,56,28,15,3,1,1,150384300,113915600,36468700,23931900,17650400,0.59,Scrutiny,706,0.4062,0,SYNTHETIC_DEMO,Prototype-only synthetic acquisition record linked to a real Survey of India village boundary; not a government acquisition record.
SYN-ACQ-00823,SYN-PROJ-00823,CHHATTISGARH,Narayanpur,Narayanpur,Karalkha,449670.0,Railway,National Highways Act 1956,4.68,130,23,4,4,3,2,0,16648500,13440200,3208300,3479100,3479100,0.8531,Award,392,0.1292,0,SYNTHETIC_DEMO,Prototype-only synthetic acquisition record linked to a real Survey of India village boundary; not a government acquisition record.
SYN-ACQ-00824,SYN-PROJ-00824,CHHATTISGARH,Rajnandgaon,Chhuriya,Bital,440999.0,National Highway,RFCTLARR Act 2013,11.32,62,179,60,3,33,16,4,79461400,66215400,13246000,50156100,31646600,0.8513,Proposal,305,0.0916,0,SYNTHETIC_DEMO,Prototype-only synthetic acquisition record linked to a real Survey of India village boundary; not a government acquisition record.
SYN-ACQ-00825,SYN-PROJ-00825,CHHATTISGARH,Gariyaband,Amlipadar,Gurjibhata,445504.0,Industrial Corridor,Other applicable statute,51.0,71,5,3,3,2,0,0,417923700,302078700,115845000,2489800,1591900,0.8484,Possession,702,0.371,0,SYNTHETIC_DEMO,Prototype-only synthetic acquisition record linked to a real Survey of India village boundary; not a government acquisition record.
SYN-ACQ-00826,SYN-PROJ-00826,CHHATTISGARH,Narayanpur,Narayanpur,Tirdul,449739.0,Industrial Corridor,RFCTLARR Act 2013,13.81,94,122,50,13,24,12,0,59351400,59351400,0,27545600,18442400,0.6409,Compensation,582,0.1012,0,SYNTHETIC_DEMO,Prototype-only synthetic acquisition record linked to a real Survey of India village boundary; not a government acquisition record.
SYN-ACQ-00827,SYN-PROJ-00827,CHHATTISGARH,Bemetara,Darhi,Majgaon,441963.0,Railway,Railways Act 1989,0.89,153,15,3,3,3,2,2,10158200,10158200,0,1273100,525100,0.9341,Notification,440,0.1871,0,SYNTHETIC_DEMO,Prototype-only synthetic acquisition record linked to a real Survey of India village boundary; not a government acquisition record.
SYN-ACQ-00828,SYN-PROJ-00828,CHHATTISGARH,Bijapur,Usur,Chilkapalli,450884.0,Urban Infrastructure,RFCTLARR Act 2013,15.19,28,158,52,24,45,36,2,68068400,58909400,9159000,35839300,22603900,0.8784,Possession,54,0.0845,0,SYNTHETIC_DEMO,Prototype-only synthetic acquisition record linked to a real Survey of India village boundary; not a government acquisition record.
SYN-ACQ-00829,SYN-PROJ-00829,CHHATTISGARH,Dhamtari,Nagri,FOREST,51.0,National Highway,National Highways Act 1956,40.9,38,141,23,23,36,20,2,128472200,89058500,39413800,7095900,3431000,0.9374,Scrutiny,384,0.1904,0,SYNTHETIC_DEMO,Prototype-only synthetic acquisition record linked to a real Survey of India village boundary; not a government acquisition record.
SYN-ACQ-00830,SYN-PROJ-00830,CHHATTISGARH,Surajpur,Bhatgaon,Narkalo,432781.0,Railway,RFCTLARR Act 2013,32.56,24,85,5,5,16,13,1,135664300,110948800,24715500,2048800,1648000,0.6155,Proposal,434,0.1988,0,SYNTHETIC_DEMO,Prototype-only synthetic acquisition record linked to a real Survey of India village boundary; not a government acquisition record.
SYN-ACQ-00831,SYN-PROJ-00831,CHHATTISGARH,Korba,Pali,Lafa,436185.0,National Highway,National Highways Act 1956,59.02,114,12,7,7,0,0,0,541375400,439799600,101575800,3227100,3227100,0.7286,Notification,493,0.379,0,SYNTHETIC_DEMO,Prototype-only synthetic acquisition record linked to a real Survey of India village boundary; not a government acquisition record.
SYN-ACQ-00832,SYN-PROJ-00832,CHHATTISGARH,Sakti,Dabhra,Katekoni Chhote,437144.0,Railway,Railways Act 1989,42.02,56,53,5,5,13,5,1,286902400,239154700,47747700,1100800,967900,0.8318,Possession,390,0.2325,0,SYNTHETIC_DEMO,Prototype-only synthetic acquisition record linked to a real Survey of India village boundary; not a government acquisition record.
SYN-ACQ-00833,SYN-PROJ-00833,CHHATTISGARH,Surajpur,Surajpur,Girwarganj,432585.0,Railway,Railways Act 1989,41.08,40,29,10,10,8,4,0,289104400,236385800,52718500,3471700,2232100,0.7706,Objection/Hearing,487,0.2765,0,SYNTHETIC_DEMO,Prototype-only synthetic acquisition record linked to a real Survey of India village boundary; not a government acquisition record.
SYN-ACQ-00834,SYN-PROJ-00834,CHHATTISGARH,Janjgir-Champa,Baloda,FOREST,51.0,Power Transmission,Other applicable statute,50.04,68,7,4,4,3,2,0,471434900,269710500,201724400,931100,294200,0.8752,Award,661,0.429,0,SYNTHETIC_DEMO,Prototype-only synthetic acquisition record linked to a real Survey of India village boundary; not a government acquisition record.
SYN-ACQ-00835,SYN-PROJ-00835,CHHATTISGARH,Balodabazar-Bhatapara,Sonakhan,Deogaon,444111.0,Urban Infrastructure,Railways Act 1989,10.32,48,113,14,4,18,10,2,31491500,22083300,9408200,6587600,3488800,0.953,Award,478,0.2253,0,SYNTHETIC_DEMO,Prototype-only synthetic acquisition record linked to a real Survey of India village boundary; not a government acquisition record.
SYN-ACQ-00836,SYN-PROJ-00836,CHHATTISGARH,Balrampur-Ramanujganj,Wadrafnagar,Basantpur,432130.0,Power Transmission,RFCTLARR Act 2013,68.22,141,32,5,5,1,0,0,351697300,248329500,103367900,2268800,1915700,0.811,Award,343,0.17,0,SYNTHETIC_DEMO,Prototype-only synthetic acquisition record linked to a real Survey of India village boundary; not a government acquisition record.
SYN-ACQ-00837,SYN-PROJ-00837,CHHATTISGARH,Surguja,Mainpat,Sarbhanja,433546.0,Power Transmission,Railways Act 1989,68.95,74,135,53,9,31,26,2,276201500,166446800,109754700,24380600,21463800,0.9921,GIS Verification,507,0.3481,0,SYNTHETIC_DEMO,Prototype-only synthetic acquisition record linked to a real Survey of India village boundary; not a government acquisition record.
SYN-ACQ-00838,SYN-PROJ-00838,CHHATTISGARH,Gariyaband,Mainpur,Chhotegobara,445401.0,Power Transmission,National Highways Act 1956,28.11,42,72,36,17,18,11,2,128284300,59244800,69039600,17839300,5274900,0.9664,Proposal,660,0.4267,0,SYNTHETIC_DEMO,Prototype-only synthetic acquisition record linked to a real Survey of India village boundary; not a government acquisition record.
SYN-ACQ-00839,SYN-PROJ-00839,CHHATTISGARH,Kabeerdham,Sahaspur Lohara,Kholwa,439614.0,Industrial Corridor,National Highways Act 1956,6.19,64,105,15,15,15,7,2,58546900,40646200,17900700,3767400,2650600,0.6816,Compensation,539,0.3452,0,SYNTHETIC_DEMO,Prototype-only synthetic acquisition record linked to a real Survey of India village boundary; not a government acquisition record.
SYN-ACQ-00840,SYN-PROJ-00840,CHHATTISGARH,Kondagaon,Mardapal,Madanar,448764.0,Power Transmission,RFCTLARR Act 2013,74.07,111,167,13,0,51,42,3,512409200,304947100,207462100,10118800,4171200,0.7869,Notification,682,0.2856,0,SYNTHETIC_DEMO,Prototype-only synthetic acquisition record linked to a real Survey of India village boundary; not a government acquisition record.
SYN-ACQ-00841,SYN-PROJ-00841,CHHATTISGARH,Uttar Bastar Kanker,Kanker,Dhanelikanhar,447792.0,Railway,Other applicable statute,20.53,101,127,18,14,42,27,6,184580700,102350500,82230300,13432700,12277000,0.679,Scrutiny,669,0.3759,0,SYNTHETIC_DEMO,Prototype-only synthetic acquisition record linked to a real Survey of India village boundary; not a government acquisition record.
SYN-ACQ-00842,SYN-PROJ-00842,CHHATTISGARH,Surguja,Lundra,Amgaon,433411.0,Power Transmission,National Highways Act 1956,12.76,68,86,11,3,5,2,0,118967200,62354700,56612500,3921600,3181200,0.5714,Objection/Hearing,642,0.241,0,SYNTHETIC_DEMO,Prototype-only synthetic acquisition record linked to a real Survey of India village boundary; not a government acquisition record.
SYN-ACQ-00843,SYN-PROJ-00843,CHHATTISGARH,Balrampur-Ramanujganj,Samri,Gopatu,432351.0,National Highway,Other applicable statute,34.66,78,24,9,9,9,4,2,288156200,288156200,0,4373100,2108200,0.9937,Completed,360,0.2223,0,SYNTHETIC_DEMO,Prototype-only synthetic acquisition record linked to a real Survey of India village boundary; not a government acquisition record.
SYN-ACQ-00844,SYN-PROJ-00844,CHHATTISGARH,Sakti,BARADWAR,Paladi Kalan,437014.0,Irrigation,Other applicable statute,23.43,82,120,34,17,28,14,0,162071600,146108000,15963600,5893300,3357600,0.7664,Compensation,438,0.2078,0,SYNTHETIC_DEMO,Prototype-only synthetic acquisition record linked to a real Survey of India village boundary; not a government acquisition record.
SYN-ACQ-00845,SYN-PROJ-00845,CHHATTISGARH,Korea,Baikunthpur,FOREST,51.0,Railway,Railways Act 1989,26.26,55,156,49,0,35,24,1,230080000,178673700,51406300,35446400,24861500,0.9062,Objection/Hearing,528,0.2896,0,SYNTHETIC_DEMO,Prototype-only synthetic acquisition record linked to a real Survey of India village boundary; not a government acquisition record.
SYN-ACQ-00846,SYN-PROJ-00846,CHHATTISGARH,Durg,Durg,Siloda,442583.0,Industrial Corridor,Railways Act 1989,53.42,52,61,31,31,15,14,0,158450800,81843900,76606900,5323000,3769200,0.577,Award,562,0.414,0,SYNTHETIC_DEMO,Prototype-only synthetic acquisition record linked to a real Survey of India village boundary; not a government acquisition record.
SYN-ACQ-00847,SYN-PROJ-00847,CHHATTISGARH,Bemetara,Nandghat,Bhilauni,441840.0,Power Transmission,RFCTLARR Act 2013,9.43,176,7,2,2,3,1,1,46375800,19584700,26791100,909300,473700,0.6002,Objection/Hearing,719,0.4471,0,SYNTHETIC_DEMO,Prototype-only synthetic acquisition record linked to a real Survey of India village boundary; not a government acquisition record.
SYN-ACQ-00848,SYN-PROJ-00848,CHHATTISGARH,Jashpur,Sanna,Pandrapat,433623.0,Urban Infrastructure,Other applicable statute,7.57,114,172,85,12,5,4,1,74744400,73951900,792500,45132400,29064700,0.9863,Compensation,348,0.0802,0,SYNTHETIC_DEMO,Prototype-only synthetic acquisition record linked to a real Survey of India village boundary; not a government acquisition record.
SYN-ACQ-00849,SYN-PROJ-00849,CHHATTISGARH,Sakti,Sakti,Asonda,436999.0,National Highway,National Highways Act 1956,62.15,17,18,1,1,7,5,1,455649500,235434300,220215200,164200,161800,0.8004,Objection/Hearing,477,0.3299,0,SYNTHETIC_DEMO,Prototype-only synthetic acquisition record linked to a real Survey of India village boundary; not a government acquisition record.
SYN-ACQ-00850,SYN-PROJ-00850,CHHATTISGARH,Gariyaband,Devbhog,Thirliguda,445595.0,Railway,Other applicable statute,4.64,96,56,24,24,13,10,3,35564400,32751300,2813100,16577000,7752900,0.7411,Compensation,367,0.2027,0,SYNTHETIC_DEMO,Prototype-only synthetic acquisition record linked to a real Survey of India village boundary; not a government acquisition record.
SYN-ACQ-00851,SYN-PROJ-00851,CHHATTISGARH,Mohla-Manpur-Ambagarh Chouki,Ambagarh Chouki,Chhachan Pahari,441603.0,National Highway,National Highways Act 1956,2.4,186,153,26,0,35,19,2,75015200,40438000,34577200,13372900,11302000,0.8084,Notification,401,0.2944,0,SYNTHETIC_DEMO,Prototype-only synthetic acquisition record linked to a real Survey of India village boundary; not a government acquisition record.
SYN-ACQ-00852,SYN-PROJ-00852,CHHATTISGARH,Bastar,Tokapal,Errakot,449546.0,Railway,National Highways Act 1956,66.47,66,153,40,14,10,8,3,575712500,341330500,234382100,24009300,16180000,0.5767,Scrutiny,357,0.2439,0,SYNTHETIC_DEMO,Prototype-only synthetic acquisition record linked to a real Survey of India village boundary; not a government acquisition record.
SYN-ACQ-00853,SYN-PROJ-00853,CHHATTISGARH,Bilaspur,Beltara,Bamhu,438704.0,National Highway,National Highways Act 1956,60.63,55,151,61,23,38,18,0,155516100,155516100,0,18837300,13775900,0.8671,Compensation,169,0.09,0,SYNTHETIC_DEMO,Prototype-only synthetic acquisition record linked to a real Survey of India village boundary; not a government acquisition record.
SYN-ACQ-00854,SYN-PROJ-00854,CHHATTISGARH,Sarangarh-Bilaigarh,Sarsiwa,Senduras,444367.0,National Highway,Railways Act 1989,68.51,132,151,28,8,18,15,0,433164900,363268400,69896500,22398800,14478100,0.5772,Compensation,176,0.051,0,SYNTHETIC_DEMO,Prototype-only synthetic acquisition record linked to a real Survey of India village boundary; not a government acquisition record.
SYN-ACQ-00855,SYN-PROJ-00855,CHHATTISGARH,Balodabazar-Bhatapara,Tundara,Turkindih,444063.0,Power Transmission,National Highways Act 1956,52.12,84,163,17,17,54,38,10,529656700,445403600,84253100,4725800,4338800,0.6403,Completed,659,0.282,0,SYNTHETIC_DEMO,Prototype-only synthetic acquisition record linked to a real Survey of India village boundary; not a government acquisition record.
SYN-ACQ-00856,SYN-PROJ-00856,CHHATTISGARH,Kabeerdham,Kunda,Bamaipur,440040.0,Railway,Railways Act 1989,24.73,80,96,7,7,29,25,1,239976300,102008300,137968000,3557100,2642000,0.8211,R&R,377,0.243,0,SYNTHETIC_DEMO,Prototype-only synthetic acquisition record linked to a real Survey of India village boundary; not a government acquisition record.
SYN-ACQ-00857,SYN-PROJ-00857,CHHATTISGARH,Raigarh,Raigarh,Kosampali,434975.0,Railway,National Highways Act 1956,58.08,12,123,15,15,6,3,2,357741000,276090400,81650600,7487900,6601500,0.8814,Objection/Hearing,698,0.3753,0,SYNTHETIC_DEMO,Prototype-only synthetic acquisition record linked to a real Survey of India village boundary; not a government acquisition record.
SYN-ACQ-00858,SYN-PROJ-00858,CHHATTISGARH,Uttar Bastar Kanker,Kanker,Turakhar,447845.0,Railway,RFCTLARR Act 2013,71.82,91,101,4,4,28,13,2,464236200,424333300,39902900,2134000,1662700,0.9619,Notification,528,0.1074,0,SYNTHETIC_DEMO,Prototype-only synthetic acquisition record linked to a real Survey of India village boundary; not a government acquisition record.
SYN-ACQ-00859,SYN-PROJ-00859,CHHATTISGARH,Manendragarh-Chirmiri-Bharatpur (MCB),Bharatpur,Bharatpur,431224.0,Urban Infrastructure,Railways Act 1989,11.1,76,56,28,28,17,15,0,37723800,18651200,19072600,20019400,8379400,0.8525,Completed,509,0.2635,0,SYNTHETIC_DEMO,Prototype-only synthetic acquisition record linked to a real Survey of India village boundary; not a government acquisition record.
SYN-ACQ-00860,SYN-PROJ-00860,CHHATTISGARH,Kabeerdham,Bodla,Durajanpur,439259.0,Urban Infrastructure,National Highways Act 1956,34.73,153,173,81,37,19,12,1,173584500,166695500,6889000,29372500,16363200,0.927,Award,486,0.1792,0,SYNTHETIC_DEMO,Prototype-only synthetic acquisition record linked to a real Survey of India village boundary; not a government acquisition record.
SYN-ACQ-00861,SYN-PROJ-00861,CHHATTISGARH,Bijapur,Bhopalpattnam,Hirapuram,450714.0,Industrial Corridor,Railways Act 1989,72.98,81,21,1,1,6,3,1,395829100,274274900,121554200,670100,670100,0.9418,Award,288,0.0,0,SYNTHETIC_DEMO,Prototype-only synthetic acquisition record linked to a real Survey of India village boundary; not a government acquisition record.
SYN-ACQ-00862,SYN-PROJ-00862,CHHATTISGARH,Sukma,Jagargunda,FOREST,51.0,Power Transmission,National Highways Act 1956,51.22,35,12,2,2,4,3,0,484291700,264195000,220096700,1629600,545800,0.7145,Award,465,0.3102,0,SYNTHETIC_DEMO,Prototype-only synthetic acquisition record linked to a real Survey of India village boundary; not a government acquisition record.
SYN-ACQ-00863,SYN-PROJ-00863,CHHATTISGARH,Rajnandgaon,Dongargaon,Jamsararkalan,441142.0,National Highway,National Highways Act 1956,59.13,156,138,58,6,20,18,2,291195700,269064700,22131100,45962800,35040900,0.6451,Award,532,0.3301,0,SYNTHETIC_DEMO,Prototype-only synthetic acquisition record linked to a real Survey of India village boundary; not a government acquisition record.
SYN-ACQ-00864,SYN-PROJ-00864,CHHATTISGARH,Mungeli,Jarhagaon,Pachotia,438319.0,National Highway,Railways Act 1989,69.95,21,97,22,18,18,7,1,668167200,513054600,155112600,11082700,6357100,0.8551,Notification,231,0.1031,0,SYNTHETIC_DEMO,Prototype-only synthetic acquisition record linked to a real Survey of India village boundary; not a government acquisition record.
SYN-ACQ-00865,SYN-PROJ-00865,CHHATTISGARH,Mahasamund,Basna,FOREST,51.0,Urban Infrastructure,Railways Act 1989,2.72,206,82,14,1,15,8,0,31327700,31327700,0,11894100,8007500,0.6629,Completed,552,0.3452,0,SYNTHETIC_DEMO,Prototype-only synthetic acquisition record linked to a real Survey of India village boundary; not a government acquisition record.
SYN-ACQ-00866,SYN-PROJ-00866,CHHATTISGARH,Kabeerdham,Sahaspur Lohara,Talpur,439660.0,Irrigation,Other applicable statute,35.3,162,98,13,13,30,24,3,195154900,81592300,113562600,2970400,1641600,0.7696,Objection/Hearing,596,0.3501,0,SYNTHETIC_DEMO,Prototype-only synthetic acquisition record linked to a real Survey of India village boundary; not a government acquisition record.
SYN-ACQ-00867,SYN-PROJ-00867,CHHATTISGARH,Jashpur,Farsabahar,Birhipani,434157.0,Urban Infrastructure,Railways Act 1989,62.01,208,128,54,22,29,21,1,491504400,461712500,29791800,45010400,16588200,0.6268,Compensation,516,0.0679,0,SYNTHETIC_DEMO,Prototype-only synthetic acquisition record linked to a real Survey of India village boundary; not a government acquisition record.
SYN-ACQ-00868,SYN-PROJ-00868,CHHATTISGARH,Surajpur,Latori,Shivnandanpur Alias Omkarbahara (CT),432614.0,Urban Infrastructure,Other applicable statute,40.34,187,27,8,8,9,4,0,182903300,109436800,73466500,4580900,3331900,0.6619,Award,760,0.4006,0,SYNTHETIC_DEMO,Prototype-only synthetic acquisition record linked to a real Survey of India village boundary; not a government acquisition record.
SYN-ACQ-00869,SYN-PROJ-00869,CHHATTISGARH,Raigarh,Pusour,Ekatal,435062.0,National Highway,RFCTLARR Act 2013,18.87,140,31,8,8,0,0,0,160528100,91531400,68996700,6482900,4489400,0.6752,Compensation,480,0.2284,0,SYNTHETIC_DEMO,Prototype-only synthetic acquisition record linked to a real Survey of India village boundary; not a government acquisition record.
SYN-ACQ-00870,SYN-PROJ-00870,CHHATTISGARH,Uttar Bastar Kanker,Antagarh,Murnarkhurd,448084.0,Power Transmission,Other applicable statute,66.31,19,31,9,9,5,2,0,332224900,183534000,148690900,2608500,1438300,0.9669,GIS Verification,489,0.27,0,SYNTHETIC_DEMO,Prototype-only synthetic acquisition record linked to a real Survey of India village boundary; not a government acquisition record.
SYN-ACQ-00871,SYN-PROJ-00871,CHHATTISGARH,Balrampur-Ramanujganj,Shankargarh,Asanpani,432481.0,Industrial Corridor,Other applicable statute,25.93,156,125,25,0,14,10,0,119508600,107428800,12079800,8232800,6921400,0.8225,Notification,260,0.1346,0,SYNTHETIC_DEMO,Prototype-only synthetic acquisition record linked to a real Survey of India village boundary; not a government acquisition record.
SYN-ACQ-00872,SYN-PROJ-00872,CHHATTISGARH,Bijapur,Kutru,Salepalli,451099.0,Power Transmission,National Highways Act 1956,34.76,138,15,4,4,6,5,0,106764500,76843100,29921400,2189900,2189900,0.7863,Possession,515,0.3118,0,SYNTHETIC_DEMO,Prototype-only synthetic acquisition record linked to a real Survey of India village boundary; not a government acquisition record.
SYN-ACQ-00873,SYN-PROJ-00873,CHHATTISGARH,Bemetara,Bemetara,Keshtara,442059.0,Irrigation,Railways Act 1989,46.21,194,20,5,2,7,5,1,398070800,170422000,227648700,4385100,3203700,0.8903,Possession,413,0.1758,0,SYNTHETIC_DEMO,Prototype-only synthetic acquisition record linked to a real Survey of India village boundary; not a government acquisition record.
SYN-ACQ-00874,SYN-PROJ-00874,CHHATTISGARH,Mungeli,Lormi,New Jalda,437901.0,Power Transmission,Other applicable statute,18.84,107,167,78,22,56,35,9,102989600,69970900,33018700,29073500,15578800,0.6701,Notification,490,0.1485,0,SYNTHETIC_DEMO,Prototype-only synthetic acquisition record linked to a real Survey of India village boundary; not a government acquisition record.
SYN-ACQ-00875,SYN-PROJ-00875,CHHATTISGARH,Raigarh,Kharsia,Chhirpani,435173.0,Railway,National Highways Act 1956,51.45,136,108,7,2,25,11,3,450169300,404659200,45510100,1817600,1217700,0.5796,Award,354,0.1178,0,SYNTHETIC_DEMO,Prototype-only synthetic acquisition record linked to a real Survey of India village boundary; not a government acquisition record.
SYN-ACQ-00876,SYN-PROJ-00876,CHHATTISGARH,Bijapur,Bijapur,Aded,451064.0,National Highway,National Highways Act 1956,73.7,121,145,46,29,4,2,2,576989600,381747200,195242400,35093200,33464800,0.8685,Objection/Hearing,569,0.386,0,SYNTHETIC_DEMO,Prototype-only synthetic acquisition record linked to a real Survey of India village boundary; not a government acquisition record.
SYN-ACQ-00877,SYN-PROJ-00877,CHHATTISGARH,Jashpur,Manora,Ghatgaon,433929.0,Urban Infrastructure,Railways Act 1989,5.48,52,88,28,25,14,8,3,62058300,44164900,17893400,10393200,6387400,0.8819,Award,605,0.2233,0,SYNTHETIC_DEMO,Prototype-only synthetic acquisition record linked to a real Survey of India village boundary; not a government acquisition record.
SYN-ACQ-00878,SYN-PROJ-00878,CHHATTISGARH,Gariyaband,Amlipadar,Dhuirajhola,445438.0,National Highway,National Highways Act 1956,55.94,13,12,4,4,2,1,0,509828900,368472900,141356000,1821300,1230900,0.9623,Completed,410,0.1626,0,SYNTHETIC_DEMO,Prototype-only synthetic acquisition record linked to a real Survey of India village boundary; not a government acquisition record.
SYN-ACQ-00879,SYN-PROJ-00879,CHHATTISGARH,Surajpur,Odgi,Gangapur,432711.0,Power Transmission,RFCTLARR Act 2013,21.74,187,113,9,9,32,27,0,136032300,136032300,0,5941900,4088400,0.7652,R&R,491,0.269,0,SYNTHETIC_DEMO,Prototype-only synthetic acquisition record linked to a real Survey of India village boundary; not a government acquisition record.
SYN-ACQ-00880,SYN-PROJ-00880,CHHATTISGARH,Mungeli,Lormi,Bisauni,650916.0,Urban Infrastructure,Other applicable statute,60.06,72,155,78,22,32,18,1,226215400,158761300,67454100,51088500,34237300,0.5948,Objection/Hearing,313,0.1898,0,SYNTHETIC_DEMO,Prototype-only synthetic acquisition record linked to a real Survey of India village boundary; not a government acquisition record.
SYN-ACQ-00881,SYN-PROJ-00881,CHHATTISGARH,Janjgir-Champa,Pamgarh,Sasha,437048.0,Power Transmission,National Highways Act 1956,35.02,79,100,48,37,17,13,0,198682400,130926200,67756200,38441500,25584400,0.9294,Proposal,435,0.062,0,SYNTHETIC_DEMO,Prototype-only synthetic acquisition record linked to a real Survey of India village boundary; not a government acquisition record.
SYN-ACQ-00882,SYN-PROJ-00882,CHHATTISGARH,Uttar Bastar Kanker,Antagarh,Siksod,448023.0,National Highway,Railways Act 1989,50.03,17,126,42,29,37,30,2,199642400,105560100,94082300,32976400,26560900,0.5728,Possession,559,0.3755,0,SYNTHETIC_DEMO,Prototype-only synthetic acquisition record linked to a real Survey of India village boundary; not a government acquisition record.
SYN-ACQ-00883,SYN-PROJ-00883,CHHATTISGARH,Kondagaon,Kondagaon,Marwabeda,448820.0,Urban Infrastructure,National Highways Act 1956,9.42,94,156,47,36,35,14,3,99663100,73022600,26640500,36604100,14284400,0.9999,Notification,386,0.0887,0,SYNTHETIC_DEMO,Prototype-only synthetic acquisition record linked to a real Survey of India village boundary; not a government acquisition record.
SYN-ACQ-00884,SYN-PROJ-00884,CHHATTISGARH,Balodabazar-Bhatapara,Kasdol,Sabar,444037.0,Industrial Corridor,RFCTLARR Act 2013,19.39,137,64,10,10,17,15,0,105674500,87438600,18235900,4466600,3494200,0.6088,Award,464,0.2887,0,SYNTHETIC_DEMO,Prototype-only synthetic acquisition record linked to a real Survey of India village boundary; not a government acquisition record.
SYN-ACQ-00885,SYN-PROJ-00885,CHHATTISGARH,Uttar Bastar Kanker,Antagarh,FOREST,51.0,Industrial Corridor,Railways Act 1989,55.1,61,49,9,9,14,13,0,508879700,451306800,57572900,7491200,2657100,0.9246,Compensation,297,0.0602,0,SYNTHETIC_DEMO,Prototype-only synthetic acquisition record linked to a real Survey of India village boundary; not a government acquisition record.
SYN-ACQ-00886,SYN-PROJ-00886,CHHATTISGARH,Janjgir-Champa,Bamhnidih,Sonaidih,436868.0,Power Transmission,RFCTLARR Act 2013,24.36,23,151,56,11,39,19,2,147548200,147548200,0,16967000,9533800,0.8987,Possession,321,0.0184,0,SYNTHETIC_DEMO,Prototype-only synthetic acquisition record linked to a real Survey of India village boundary; not a government acquisition record.
SYN-ACQ-00887,SYN-PROJ-00887,CHHATTISGARH,Sarangarh-Bilaigarh,Sarangarh,Jognipali,435548.0,Industrial Corridor,Railways Act 1989,36.15,98,6,2,2,3,2,0,182373700,128223300,54150400,1467700,886400,0.7834,Award,527,0.3027,0,SYNTHETIC_DEMO,Prototype-only synthetic acquisition record linked to a real Survey of India village boundary; not a government acquisition record.
SYN-ACQ-00888,SYN-PROJ-00888,CHHATTISGARH,Balod,Balod,Tandula Dam,45.0,Power Transmission,National Highways Act 1956,69.24,182,113,32,14,2,1,0,302436400,254658000,47778400,14644400,5563300,0.7181,Completed,486,0.2835,0,SYNTHETIC_DEMO,Prototype-only synthetic acquisition record linked to a real Survey of India village boundary; not a government acquisition record.
SYN-ACQ-00889,SYN-PROJ-00889,CHHATTISGARH,Raigarh,Pusour,Jakela,435051.0,Power Transmission,Railways Act 1989,17.81,204,104,20,20,14,8,0,126118400,77181000,48937400,17578900,6990600,0.7396,Scrutiny,518,0.1547,0,SYNTHETIC_DEMO,Prototype-only synthetic acquisition record linked to a real Survey of India village boundary; not a government acquisition record.
SYN-ACQ-00890,SYN-PROJ-00890,CHHATTISGARH,Bijapur,Usur,Saped,450958.0,Railway,Railways Act 1989,64.03,197,33,6,2,9,8,1,602830200,479527400,123302800,1901800,1410200,0.7914,Notification,579,0.2529,0,SYNTHETIC_DEMO,Prototype-only synthetic acquisition record linked to a real Survey of India village boundary; not a government acquisition record.
SYN-ACQ-00891,SYN-PROJ-00891,CHHATTISGARH,Gaurela-Pendra-Marwahi,Sakola,Tilora,437617.0,National Highway,Other applicable statute,59.57,154,177,38,35,7,5,0,322600700,272853100,49747600,6930200,3842100,0.8816,Completed,370,0.0537,0,SYNTHETIC_DEMO,Prototype-only synthetic acquisition record linked to a real Survey of India village boundary; not a government acquisition record.
SYN-ACQ-00892,SYN-PROJ-00892,CHHATTISGARH,Manendragarh-Chirmiri-Bharatpur (MCB),Bharatpur,Ramgarh,431262.0,National Highway,Railways Act 1989,6.92,100,141,23,23,23,18,4,64708300,35021700,29686600,18741400,12495000,0.6103,Scrutiny,548,0.3993,0,SYNTHETIC_DEMO,Prototype-only synthetic acquisition record linked to a real Survey of India village boundary; not a government acquisition record.
SYN-ACQ-00893,SYN-PROJ-00893,CHHATTISGARH,Uttar Bastar Kanker,Durgkondal,Pujari Para,447633.0,Industrial Corridor,Other applicable statute,18.15,212,111,32,3,24,10,4,162606100,157084600,5521500,28755800,18502600,0.8002,Possession,298,0.1757,0,SYNTHETIC_DEMO,Prototype-only synthetic acquisition record linked to a real Survey of India village boundary; not a government acquisition record.
SYN-ACQ-00894,SYN-PROJ-00894,CHHATTISGARH,Jashpur,Farsabahar,Kersai,434135.0,National Highway,National Highways Act 1956,26.79,160,16,7,7,5,3,0,134469700,65302100,69167600,2173200,987500,0.6347,GIS Verification,634,0.4676,0,SYNTHETIC_DEMO,Prototype-only synthetic acquisition record linked to a real Survey of India village boundary; not a government acquisition record.
SYN-ACQ-00895,SYN-PROJ-00895,CHHATTISGARH,Kabeerdham,Pandariya,Dalpi,439857.0,Urban Infrastructure,Other applicable statute,5.53,196,145,36,35,42,35,7,51844900,34404600,17440300,30845900,10342200,0.552,Compensation,467,0.2431,0,SYNTHETIC_DEMO,Prototype-only synthetic acquisition record linked to a real Survey of India village boundary; not a government acquisition record.
SYN-ACQ-00896,SYN-PROJ-00896,CHHATTISGARH,Korba,Poundi-Uproda,Kapubahra,436120.0,Railway,RFCTLARR Act 2013,53.85,84,69,1,1,4,2,1,393191900,325677300,67514600,488900,385000,0.5586,Objection/Hearing,583,0.3177,0,SYNTHETIC_DEMO,Prototype-only synthetic acquisition record linked to a real Survey of India village boundary; not a government acquisition record.
SYN-ACQ-00897,SYN-PROJ-00897,CHHATTISGARH,Sarangarh-Bilaigarh,Sarangarh,Nunpani,435344.0,Power Transmission,Railways Act 1989,15.81,91,90,43,26,15,9,1,129581400,111052600,18528900,8391600,4418700,0.8827,Award,630,0.3513,0,SYNTHETIC_DEMO,Prototype-only synthetic acquisition record linked to a real Survey of India village boundary; not a government acquisition record.
SYN-ACQ-00898,SYN-PROJ-00898,CHHATTISGARH,Mohla-Manpur-Ambagarh Chouki,Manpur,Dhodhari,441415.0,Industrial Corridor,Railways Act 1989,13.28,198,162,50,37,11,7,0,108143500,83562200,24581300,9688300,7527400,0.7667,Award,629,0.188,0,SYNTHETIC_DEMO,Prototype-only synthetic acquisition record linked to a real Survey of India village boundary; not a government acquisition record.
SYN-ACQ-00899,SYN-PROJ-00899,CHHATTISGARH,Bijapur,Bhairamgarh,Patliguda,451323.0,Industrial Corridor,RFCTLARR Act 2013,72.81,203,150,67,31,37,33,3,481189400,481189400,0,52242700,33018000,0.7205,GIS Verification,321,0.328,0,SYNTHETIC_DEMO,Prototype-only synthetic acquisition record linked to a real Survey of India village boundary; not a government acquisition record.
SYN-ACQ-00900,SYN-PROJ-00900,CHHATTISGARH,Bemetara,Nawagarh,Ghontha,441720.0,Industrial Corridor,RFCTLARR Act 2013,39.44,6,135,38,33,21,10,1,194322200,131199000,63123200,7830400,3818200,0.6564,Objection/Hearing,453,0.3697,0,SYNTHETIC_DEMO,Prototype-only synthetic acquisition record linked to a real Survey of India village boundary; not a government acquisition record.
SYN-ACQ-00901,SYN-PROJ-00901,CHHATTISGARH,Gariyaband,Gariyaband,Baghmar,445041.0,Industrial Corridor,National Highways Act 1956,56.24,9,132,40,12,11,4,4,436316000,436316000,0,33098000,19989500,0.8715,GIS Verification,235,0.0979,0,SYNTHETIC_DEMO,Prototype-only synthetic acquisition record linked to a real Survey of India village boundary; not a government acquisition record.
SYN-ACQ-00902,SYN-PROJ-00902,CHHATTISGARH,Sarangarh-Bilaigarh,Sarangarh,Jharpali,435498.0,Railway,RFCTLARR Act 2013,2.85,92,154,52,21,28,16,2,65820400,25482600,40337800,8060900,5247100,0.903,Award,401,0.2498,0,SYNTHETIC_DEMO,Prototype-only synthetic acquisition record linked to a real Survey of India village boundary; not a government acquisition record.
SYN-ACQ-00903,SYN-PROJ-00903,CHHATTISGARH,Mohla-Manpur-Ambagarh Chouki,Mohla,Gidhali,441329.0,Power Transmission,RFCTLARR Act 2013,35.83,77,117,39,16,38,19,1,256350500,171104100,85246300,32763800,2380800,0.8382,Completed,677,0.4563,0,SYNTHETIC_DEMO,Prototype-only synthetic acquisition record linked to a real Survey of India village boundary; not a government acquisition record.
SYN-ACQ-00904,SYN-PROJ-00904,CHHATTISGARH,Bilaspur,Sankari,Gokulpur,438670.0,Power Transmission,National Highways Act 1956,1.99,69,50,12,12,10,5,0,20752300,7170400,13581900,8381600,3131900,0.6161,GIS Verification,396,0.3264,0,SYNTHETIC_DEMO,Prototype-only synthetic acquisition record linked to a real Survey of India village boundary; not a government acquisition record.
SYN-ACQ-00905,SYN-PROJ-00905,CHHATTISGARH,Sarangarh-Bilaigarh,Bilaigarh,Dewarbod,444250.0,Power Transmission,National Highways Act 1956,11.37,10,126,49,17,40,37,5,63396200,63396200,0,17064200,10789700,0.6913,Notification,314,0.0798,0,SYNTHETIC_DEMO,Prototype-only synthetic acquisition record linked to a real Survey of India village boundary; not a government acquisition record.
SYN-ACQ-00906,SYN-PROJ-00906,CHHATTISGARH,Balrampur-Ramanujganj,Kusmi (Samri),Jirhul,432365.0,Industrial Corridor,Railways Act 1989,47.69,74,167,54,35,3,2,0,322492800,244134200,78358700,14345400,10779400,0.9693,Completed,96,0.0285,0,SYNTHETIC_DEMO,Prototype-only synthetic acquisition record linked to a real Survey of India village boundary; not a government acquisition record.
SYN-ACQ-00907,SYN-PROJ-00907,CHHATTISGARH,Kabeerdham,Kawardha,Kodwa,439050.0,Urban Infrastructure,Railways Act 1989,74.56,5,123,17,17,25,24,3,601473800,329812300,271661500,2828500,1582700,0.6561,Objection/Hearing,493,0.1671,0,SYNTHETIC_DEMO,Prototype-only synthetic acquisition record linked to a real Survey of India village boundary; not a government acquisition record.
SYN-ACQ-00908,SYN-PROJ-00908,CHHATTISGARH,Dhamtari,Dhamtari,Banjari,447152.0,Railway,Railways Act 1989,15.3,184,86,14,14,23,21,0,73160000,57877900,15282100,5940500,3823500,0.9617,Notification,232,0.0814,0,SYNTHETIC_DEMO,Prototype-only synthetic acquisition record linked to a real Survey of India village boundary; not a government acquisition record.
SYN-ACQ-00909,SYN-PROJ-00909,CHHATTISGARH,Jashpur,Pathalgaon,Gala,434276.0,Irrigation,Other applicable statute,50.09,71,107,41,7,21,9,1,394643400,352932800,41710600,15108400,10468100,0.795,Notification,466,0.1618,0,SYNTHETIC_DEMO,Prototype-only synthetic acquisition record linked to a real Survey of India village boundary; not a government acquisition record.
SYN-ACQ-00910,SYN-PROJ-00910,CHHATTISGARH,Dakshin Bastar Dantewada,Bade Bacheli,Muler,450270.0,Industrial Corridor,RFCTLARR Act 2013,37.29,78,81,15,15,34,30,1,272823500,192549600,80273900,5355500,3341200,0.8862,Scrutiny,45,0.0313,0,SYNTHETIC_DEMO,Prototype-only synthetic acquisition record linked to a real Survey of India village boundary; not a government acquisition record.
SYN-ACQ-00911,SYN-PROJ-00911,CHHATTISGARH,Mungeli,Jarhagaon,Kuagaon,438295.0,Power Transmission,Other applicable statute,63.78,154,20,3,3,2,1,0,494879600,326772300,168107300,460000,275500,0.8542,Possession,439,0.1658,0,SYNTHETIC_DEMO,Prototype-only synthetic acquisition record linked to a real Survey of India village boundary; not a government acquisition record.
SYN-ACQ-00912,SYN-PROJ-00912,CHHATTISGARH,Raipur,Abhanpur,Bhatapara,444615.0,Irrigation,Railways Act 1989,20.29,114,84,23,17,9,4,0,225683000,148630900,77052100,8418400,2900500,0.9082,Proposal,268,0.0,0,SYNTHETIC_DEMO,Prototype-only synthetic acquisition record linked to a real Survey of India village boundary; not a government acquisition record.
SYN-ACQ-00913,SYN-PROJ-00913,CHHATTISGARH,Bemetara,Nawagarh,Hariharpur,441694.0,Irrigation,RFCTLARR Act 2013,12.09,27,55,5,1,8,6,0,77741100,69054800,8686300,3087300,2908100,0.8136,Notification,330,0.0462,0,SYNTHETIC_DEMO,Prototype-only synthetic acquisition record linked to a real Survey of India village boundary; not a government acquisition record.
SYN-ACQ-00914,SYN-PROJ-00914,CHHATTISGARH,Uttar Bastar Kanker,Antagarh,FOREST,51.0,National Highway,National Highways Act 1956,67.54,177,48,4,4,7,5,0,198789700,83526900,115262800,2704200,2318600,0.7491,Completed,275,0.0371,0,SYNTHETIC_DEMO,Prototype-only synthetic acquisition record linked to a real Survey of India village boundary; not a government acquisition record.
SYN-ACQ-00915,SYN-PROJ-00915,CHHATTISGARH,Gariyaband,Devbhog,Dhumamuda,445579.0,Urban Infrastructure,National Highways Act 1956,12.46,45,129,16,16,7,4,0,123120400,44763900,78356500,9647800,2974700,0.7172,Possession,344,0.3491,0,SYNTHETIC_DEMO,Prototype-only synthetic acquisition record linked to a real Survey of India village boundary; not a government acquisition record.
SYN-ACQ-00916,SYN-PROJ-00916,CHHATTISGARH,Balrampur-Ramanujganj,Raghunathnagar,Sarna,432100.0,National Highway,National Highways Act 1956,22.66,38,112,33,28,10,9,2,93223300,68672400,24550900,10734500,10226300,0.6289,Notification,244,0.2733,0,SYNTHETIC_DEMO,Prototype-only synthetic acquisition record linked to a real Survey of India village boundary; not a government acquisition record.
SYN-ACQ-00917,SYN-PROJ-00917,CHHATTISGARH,Mohla-Manpur-Ambagarh Chouki,Ambagarh Chouki,Atra,441600.0,Industrial Corridor,Railways Act 1989,12.45,38,170,69,5,49,41,2,162800100,116918700,45881500,31832800,29989100,0.8016,Objection/Hearing,405,0.2242,0,SYNTHETIC_DEMO,Prototype-only synthetic acquisition record linked to a real Survey of India village boundary; not a government acquisition record.
SYN-ACQ-00918,SYN-PROJ-00918,CHHATTISGARH,Bilaspur,Sankari,Chichirda,438649.0,Urban Infrastructure,Railways Act 1989,51.53,45,32,13,4,1,0,0,139772500,61938000,77834500,4950500,4950500,0.7011,Possession,659,0.4368,0,SYNTHETIC_DEMO,Prototype-only synthetic acquisition record linked to a real Survey of India village boundary; not a government acquisition record.
SYN-ACQ-00919,SYN-PROJ-00919,CHHATTISGARH,Raigarh,Lailunga,Subara,434624.0,National Highway,Other applicable statute,71.39,11,134,27,12,26,20,1,212190900,109956000,102234900,10851400,4656200,0.7213,Completed,573,0.313,0,SYNTHETIC_DEMO,Prototype-only synthetic acquisition record linked to a real Survey of India village boundary; not a government acquisition record.
SYN-ACQ-00920,SYN-PROJ-00920,CHHATTISGARH,Dhamtari,Belargaon,Singanpur,447394.0,Railway,Railways Act 1989,58.16,71,98,12,12,25,22,2,188338400,85413000,102925300,8850900,3215600,0.635,Objection/Hearing,639,0.4439,0,SYNTHETIC_DEMO,Prototype-only synthetic acquisition record linked to a real Survey of India village boundary; not a government acquisition record.
SYN-ACQ-00921,SYN-PROJ-00921,CHHATTISGARH,Sakti,Malkharoda,Nawapara,437296.0,Railway,Other applicable statute,15.83,211,124,35,6,6,2,1,145551900,127197000,18354900,31045000,29808300,0.7956,Objection/Hearing,444,0.0264,0,SYNTHETIC_DEMO,Prototype-only synthetic acquisition record linked to a real Survey of India village boundary; not a government acquisition record.
SYN-ACQ-00922,SYN-PROJ-00922,CHHATTISGARH,Sarangarh-Bilaigarh,Sarangarh,Chhata Dei,435435.0,National Highway,Railways Act 1989,71.61,95,58,21,21,2,1,1,435077300,211753800,223323400,10362400,8818100,0.8949,Notification,345,0.2391,0,SYNTHETIC_DEMO,Prototype-only synthetic acquisition record linked to a real Survey of India village boundary; not a government acquisition record.
SYN-ACQ-00923,SYN-PROJ-00923,CHHATTISGARH,Bijapur,Usur,Badesukanpalli,450904.0,Railway,RFCTLARR Act 2013,54.35,166,65,25,23,11,10,0,278895400,208655600,70239800,7432000,5746900,0.5876,Compensation,534,0.2702,0,SYNTHETIC_DEMO,Prototype-only synthetic acquisition record linked to a real Survey of India village boundary; not a government acquisition record.
SYN-ACQ-00924,SYN-PROJ-00924,CHHATTISGARH,Dakshin Bastar Dantewada,Dantewada,Netapur,450116.0,Urban Infrastructure,Other applicable statute,54.07,96,32,6,6,3,2,0,392119300,289568200,102551200,5085800,4273100,0.9936,Completed,382,0.2152,0,SYNTHETIC_DEMO,Prototype-only synthetic acquisition record linked to a real Survey of India village boundary; not a government acquisition record.
SYN-ACQ-00925,SYN-PROJ-00925,CHHATTISGARH,Mohla-Manpur-Ambagarh Chouki,Ambagarh Chouki,PANBARAS R.F.,51.0,Urban Infrastructure,National Highways Act 1956,12.77,19,20,4,4,4,1,0,39148800,34162100,4986700,600900,585000,0.9875,Award,305,0.1709,0,SYNTHETIC_DEMO,Prototype-only synthetic acquisition record linked to a real Survey of India village boundary; not a government acquisition record.
SYN-ACQ-00926,SYN-PROJ-00926,CHHATTISGARH,Mungeli,Mungeli,Bhadrali,438191.0,National Highway,RFCTLARR Act 2013,47.29,188,94,1,1,18,16,2,180594800,90024300,90570500,363100,118100,0.8785,Objection/Hearing,648,0.1692,0,SYNTHETIC_DEMO,Prototype-only synthetic acquisition record linked to a real Survey of India village boundary; not a government acquisition record.
SYN-ACQ-00927,SYN-PROJ-00927,CHHATTISGARH,Durg,Ahiwara,Khapri,442529.0,Urban Infrastructure,Railways Act 1989,10.4,90,94,43,30,14,12,2,88426100,41187100,47239000,37483000,30639300,0.978,Completed,127,0.0591,0,SYNTHETIC_DEMO,Prototype-only synthetic acquisition record linked to a real Survey of India village boundary; not a government acquisition record.
SYN-ACQ-00928,SYN-PROJ-00928,CHHATTISGARH,Uttar Bastar Kanker,Durgkondal,FOREST,51.0,Irrigation,National Highways Act 1956,31.55,49,14,6,1,2,0,0,185824600,107354200,78470400,1268900,1000100,0.8881,Compensation,414,0.1747,0,SYNTHETIC_DEMO,Prototype-only synthetic acquisition record linked to a real Survey of India village boundary; not a government acquisition record.
SYN-ACQ-00929,SYN-PROJ-00929,CHHATTISGARH,Jashpur,Manora,Kardih,433917.0,Railway,RFCTLARR Act 2013,25.9,18,21,4,4,4,2,0,110800200,56122600,54677600,3597100,2314100,0.888,Compensation,491,0.2784,0,SYNTHETIC_DEMO,Prototype-only synthetic acquisition record linked to a real Survey of India village boundary; not a government acquisition record.
SYN-ACQ-00930,SYN-PROJ-00930,CHHATTISGARH,Balodabazar-Bhatapara,Palari,Bharuwadih,443914.0,Power Transmission,Other applicable statute,11.98,142,51,7,7,14,13,1,94612300,50542600,44069700,1831800,802800,0.6782,Possession,525,0.3158,0,SYNTHETIC_DEMO,Prototype-only synthetic acquisition record linked to a real Survey of India village boundary; not a government acquisition record.
SYN-ACQ-00931,SYN-PROJ-00931,CHHATTISGARH,Surajpur,Premnagar,Chandannagar,432907.0,Industrial Corridor,National Highways Act 1956,22.81,80,57,11,11,11,8,0,152991300,152991300,0,8344800,5063900,0.6688,Objection/Hearing,417,0.2429,0,SYNTHETIC_DEMO,Prototype-only synthetic acquisition record linked to a real Survey of India village boundary; not a government acquisition record.
SYN-ACQ-00932,SYN-PROJ-00932,CHHATTISGARH,Gariyaband,Amlipadar,Chikhali,445444.0,Railway,Other applicable statute,35.66,75,13,4,4,2,0,0,84559100,84559100,0,1288400,456200,0.6456,Compensation,467,0.2626,0,SYNTHETIC_DEMO,Prototype-only synthetic acquisition record linked to a real Survey of India village boundary; not a government acquisition record.
SYN-ACQ-00933,SYN-PROJ-00933,CHHATTISGARH,Surajpur,Ramanujnagar,Kalyanpur,432815.0,Industrial Corridor,Other applicable statute,43.38,31,87,1,1,23,18,2,359038800,202169500,156869300,771800,651800,0.7693,Possession,393,0.1708,0,SYNTHETIC_DEMO,Prototype-only synthetic acquisition record linked to a real Survey of India village boundary; not a government acquisition record.
SYN-ACQ-00934,SYN-PROJ-00934,CHHATTISGARH,Mohla-Manpur-Ambagarh Chouki,Khadgaon,Ghodagaon,441402.0,Urban Infrastructure,Other applicable statute,33.67,216,63,21,11,2,1,0,230456900,230456900,0,12366500,9826700,0.8832,GIS Verification,468,0.1278,0,SYNTHETIC_DEMO,Prototype-only synthetic acquisition record linked to a real Survey of India village boundary; not a government acquisition record.
SYN-ACQ-00935,SYN-PROJ-00935,CHHATTISGARH,Sarangarh-Bilaigarh,Bhatgaon,Rohina,444327.0,Power Transmission,Railways Act 1989,27.09,66,114,30,3,21,9,1,207947300,178108400,29838900,14686900,4295800,0.5921,Award,447,0.0843,0,SYNTHETIC_DEMO,Prototype-only synthetic acquisition record linked to a real Survey of India village boundary; not a government acquisition record.
SYN-ACQ-00936,SYN-PROJ-00936,CHHATTISGARH,Jashpur,Jashpur,FOREST,51.0,Power Transmission,Other applicable statute,44.2,177,128,62,9,40,27,4,351792100,351792100,0,47186300,27009400,0.6565,Notification,434,0.2886,0,SYNTHETIC_DEMO,Prototype-only synthetic acquisition record linked to a real Survey of India village boundary; not a government acquisition record.
SYN-ACQ-00937,SYN-PROJ-00937,CHHATTISGARH,Jashpur,Bagbahar,Muda Bahla,434313.0,Urban Infrastructure,National Highways Act 1956,74.14,114,113,57,22,33,18,2,400696200,259321300,141374900,25353900,14492000,0.6429,Completed,750,0.4855,0,SYNTHETIC_DEMO,Prototype-only synthetic acquisition record linked to a real Survey of India village boundary; not a government acquisition record.
SYN-ACQ-00938,SYN-PROJ-00938,CHHATTISGARH,Gariyaband,Mainpur,Kodomali,445380.0,Railway,RFCTLARR Act 2013,42.56,173,68,2,1,9,7,1,136012000,69013900,66998100,428700,347400,0.6461,Notification,204,0.0736,0,SYNTHETIC_DEMO,Prototype-only synthetic acquisition record linked to a real Survey of India village boundary; not a government acquisition record.
SYN-ACQ-00939,SYN-PROJ-00939,CHHATTISGARH,Mungeli,Mungeli,Jaitarmi,438272.0,Railway,Other applicable statute,22.79,17,36,3,2,8,3,2,177224900,164793200,12431700,2067900,1447900,0.855,Compensation,398,0.2157,0,SYNTHETIC_DEMO,Prototype-only synthetic acquisition record linked to a real Survey of India village boundary; not a government acquisition record.
SYN-ACQ-00940,SYN-PROJ-00940,CHHATTISGARH,Jashpur,Duldula,FOREST,51.0,Railway,RFCTLARR Act 2013,20.51,101,97,39,29,13,6,2,153115000,125916900,27198100,32239100,28846900,0.8406,R&R,208,0.0714,0,SYNTHETIC_DEMO,Prototype-only synthetic acquisition record linked to a real Survey of India village boundary; not a government acquisition record.
SYN-ACQ-00941,SYN-PROJ-00941,CHHATTISGARH,Jashpur,Pathalgaon,Mudapara,434279.0,National Highway,Other applicable statute,56.75,52,107,20,11,21,18,2,115068900,90359400,24709600,11331800,7329200,0.8805,Possession,381,0.1584,0,SYNTHETIC_DEMO,Prototype-only synthetic acquisition record linked to a real Survey of India village boundary; not a government acquisition record.
SYN-ACQ-00942,SYN-PROJ-00942,CHHATTISGARH,Dhamtari,Dhamtari,Bodra (Puri),447040.0,Railway,National Highways Act 1956,71.15,70,99,34,34,26,13,2,247356700,181749800,65606900,28245300,18513500,0.8263,Compensation,452,0.2648,0,SYNTHETIC_DEMO,Prototype-only synthetic acquisition record linked to a real Survey of India village boundary; not a government acquisition record.
SYN-ACQ-00943,SYN-PROJ-00943,CHHATTISGARH,Mahasamund,Pithora,Deotarai,446416.0,Urban Infrastructure,Railways Act 1989,2.07,156,15,7,7,4,1,0,16649000,10053500,6595500,5085100,2094300,0.9616,Completed,843,0.4374,0,SYNTHETIC_DEMO,Prototype-only synthetic acquisition record linked to a real Survey of India village boundary; not a government acquisition record.
SYN-ACQ-00944,SYN-PROJ-00944,CHHATTISGARH,Jashpur,Kunkuri,Siritoli,434008.0,Urban Infrastructure,RFCTLARR Act 2013,5.5,173,89,18,18,14,12,0,57354100,47344600,10009600,13405200,10436100,0.9898,GIS Verification,286,0.1611,0,SYNTHETIC_DEMO,Prototype-only synthetic acquisition record linked to a real Survey of India village boundary; not a government acquisition record.
SYN-ACQ-00945,SYN-PROJ-00945,CHHATTISGARH,Mahasamund,Bagbahra,Bijradih,446763.0,National Highway,RFCTLARR Act 2013,73.41,16,11,1,1,0,0,0,627098700,487382600,139716100,303700,193800,0.7383,Scrutiny,358,0.0613,0,SYNTHETIC_DEMO,Prototype-only synthetic acquisition record linked to a real Survey of India village boundary; not a government acquisition record.
SYN-ACQ-00946,SYN-PROJ-00946,CHHATTISGARH,Narayanpur,Kohkameta,Kodaliyar,449967.0,Power Transmission,National Highways Act 1956,40.02,42,152,48,20,8,3,0,88532000,85526300,3005700,24226100,14202900,0.9022,Scrutiny,349,0.1319,0,SYNTHETIC_DEMO,Prototype-only synthetic acquisition record linked to a real Survey of India village boundary; not a government acquisition record.
SYN-ACQ-00947,SYN-PROJ-00947,CHHATTISGARH,Gariyaband,Chhura,Parsada Khurd,445208.0,Industrial Corridor,Railways Act 1989,52.51,52,109,46,26,7,4,0,285308400,179959100,105349200,39628400,18719600,0.7408,Award,712,0.4065,0,SYNTHETIC_DEMO,Prototype-only synthetic acquisition record linked to a real Survey of India village boundary; not a government acquisition record.
SYN-ACQ-00948,SYN-PROJ-00948,CHHATTISGARH,Mahasamund,Saraipali,Bamhnidwar,446085.0,Power Transmission,National Highways Act 1956,68.61,46,40,17,17,6,5,1,407927900,221256700,186671300,6644600,5201700,0.5752,Scrutiny,511,0.3293,0,SYNTHETIC_DEMO,Prototype-only synthetic acquisition record linked to a real Survey of India village boundary; not a government acquisition record.
SYN-ACQ-00949,SYN-PROJ-00949,CHHATTISGARH,Mahasamund,Komakhan,Karhidih,446570.0,Power Transmission,Other applicable statute,73.33,129,62,32,7,20,8,0,266799300,246515400,20283900,5816400,3873400,0.5716,Possession,737,0.5899,1,SYNTHETIC_DEMO,Prototype-only synthetic acquisition record linked to a real Survey of India village boundary; not a government acquisition record.
SYN-ACQ-00950,SYN-PROJ-00950,CHHATTISGARH,Dhamtari,Dhamtari,Kasawahi,447086.0,Power Transmission,Railways Act 1989,46.13,158,84,37,1,37,31,6,193077700,111230900,81846800,21502200,21502200,0.9593,Possession,421,0.3505,0,SYNTHETIC_DEMO,Prototype-only synthetic acquisition record linked to a real Survey of India village boundary; not a government acquisition record.
SYN-ACQ-00951,SYN-PROJ-00951,CHHATTISGARH,Bastar,Jagdalpur,Bhejapadar,449038.0,Railway,Other applicable statute,67.61,140,98,49,23,36,27,1,435866500,367181400,68685100,12040200,7650300,0.8815,Award,314,0.1666,0,SYNTHETIC_DEMO,Prototype-only synthetic acquisition record linked to a real Survey of India village boundary; not a government acquisition record.
SYN-ACQ-00952,SYN-PROJ-00952,CHHATTISGARH,Balod,Gurur,Bhothli,443373.0,Power Transmission,Other applicable statute,31.48,180,80,3,3,13,7,3,260838900,185860400,74978400,1468600,1034000,0.804,Objection/Hearing,337,0.0361,0,SYNTHETIC_DEMO,Prototype-only synthetic acquisition record linked to a real Survey of India village boundary; not a government acquisition record.
SYN-ACQ-00953,SYN-PROJ-00953,CHHATTISGARH,Durg,Patan,Pachpedi,442651.0,Urban Infrastructure,Other applicable statute,36.3,34,155,27,6,13,6,0,185347700,116422500,68925200,6553100,4862700,0.9511,Notification,599,0.3281,0,SYNTHETIC_DEMO,Prototype-only synthetic acquisition record linked to a real Survey of India village boundary; not a government acquisition record.
SYN-ACQ-00954,SYN-PROJ-00954,CHHATTISGARH,Balod,Marri Bangla (Deori),Salhe,442963.0,National Highway,National Highways Act 1956,5.95,146,152,69,4,17,14,1,89498500,70316600,19181900,12716500,6863000,0.8094,Notification,460,0.2526,0,SYNTHETIC_DEMO,Prototype-only synthetic acquisition record linked to a real Survey of India village boundary; not a government acquisition record.
SYN-ACQ-00955,SYN-PROJ-00955,CHHATTISGARH,Balod,Gunderdehi,Sankri,442855.0,Urban Infrastructure,Railways Act 1989,63.08,61,99,30,30,10,5,2,204315900,202102500,2213400,11326400,7397800,0.7949,Possession,729,0.3976,0,SYNTHETIC_DEMO,Prototype-only synthetic acquisition record linked to a real Survey of India village boundary; not a government acquisition record.
SYN-ACQ-00956,SYN-PROJ-00956,CHHATTISGARH,Bastar,Lohandiguda,Binta,449182.0,Irrigation,Other applicable statute,1.8,132,178,47,3,12,11,0,54192600,34320300,19872300,28141900,21723100,0.8044,Award,502,0.1687,0,SYNTHETIC_DEMO,Prototype-only synthetic acquisition record linked to a real Survey of India village boundary; not a government acquisition record.
SYN-ACQ-00957,SYN-PROJ-00957,CHHATTISGARH,Raipur,Arang,Kesla,444462.0,Power Transmission,National Highways Act 1956,70.82,190,170,51,4,22,16,0,316443100,257356300,59086700,11745900,8014700,0.7668,Award,336,0.1372,0,SYNTHETIC_DEMO,Prototype-only synthetic acquisition record linked to a real Survey of India village boundary; not a government acquisition record.
SYN-ACQ-00958,SYN-PROJ-00958,CHHATTISGARH,Balod,Daundi,Adejhar,443295.0,National Highway,Other applicable statute,72.35,73,116,19,4,34,14,5,672119700,612325600,59794100,5223700,2961600,0.6192,Possession,590,0.3434,0,SYNTHETIC_DEMO,Prototype-only synthetic acquisition record linked to a real Survey of India village boundary; not a government acquisition record.
SYN-ACQ-00959,SYN-PROJ-00959,CHHATTISGARH,Balrampur-Ramanujganj,Samri,FOREST,51.0,Irrigation,National Highways Act 1956,19.26,20,158,57,9,43,20,3,143202000,100890200,42311800,31849700,22560200,0.7377,GIS Verification,250,0.136,0,SYNTHETIC_DEMO,Prototype-only synthetic acquisition record linked to a real Survey of India village boundary; not a government acquisition record.
SYN-ACQ-00960,SYN-PROJ-00960,CHHATTISGARH,Surguja,Ambikapur,Forest,51.0,Irrigation,RFCTLARR Act 2013,50.89,74,162,35,35,24,15,0,516878100,382840600,134037500,21922700,8087400,0.9351,Award,507,0.1025,0,SYNTHETIC_DEMO,Prototype-only synthetic acquisition record linked to a real Survey of India village boundary; not a government acquisition record.
SYN-ACQ-00961,SYN-PROJ-00961,CHHATTISGARH,Gariyaband,Mainpur,Kathawa,445367.0,Irrigation,Railways Act 1989,60.78,138,122,36,12,35,23,4,459577700,284210000,175367700,19462700,17742900,0.7432,Notification,483,0.2091,0,SYNTHETIC_DEMO,Prototype-only synthetic acquisition record linked to a real Survey of India village boundary; not a government acquisition record.
SYN-ACQ-00962,SYN-PROJ-00962,CHHATTISGARH,Sakti,Malkharoda,Amlidih,437312.0,Railway,Railways Act 1989,41.58,92,10,6,0,5,2,0,137180200,93906000,43274300,4858600,3704400,0.9859,Compensation,477,0.2638,0,SYNTHETIC_DEMO,Prototype-only synthetic acquisition record linked to a real Survey of India village boundary; not a government acquisition record.
SYN-ACQ-00963,SYN-PROJ-00963,CHHATTISGARH,Sakti,Hasoud,Chhirradih,437394.0,Irrigation,RFCTLARR Act 2013,65.75,133,165,71,11,36,21,2,488364900,488364900,0,20616400,11604800,0.5554,Completed,235,0.0584,0,SYNTHETIC_DEMO,Prototype-only synthetic acquisition record linked to a real Survey of India village boundary; not a government acquisition record.
SYN-ACQ-00964,SYN-PROJ-00964,CHHATTISGARH,Bastar,Tokapal,Tandapal,449530.0,Power Transmission,RFCTLARR Act 2013,4.68,85,90,19,1,31,24,1,61683400,48586400,13097000,12867900,10133800,0.6647,Compensation,406,0.1907,0,SYNTHETIC_DEMO,Prototype-only synthetic acquisition record linked to a real Survey of India village boundary; not a government acquisition record.
SYN-ACQ-00965,SYN-PROJ-00965,CHHATTISGARH,Balod,Daundilohara,Baihakuwa,443129.0,Railway,National Highways Act 1956,33.66,191,136,33,21,21,18,0,95159200,56849800,38309400,21731900,15509100,0.6791,R&R,483,0.3827,0,SYNTHETIC_DEMO,Prototype-only synthetic acquisition record linked to a real Survey of India village boundary; not a government acquisition record.
SYN-ACQ-00966,SYN-PROJ-00966,CHHATTISGARH,Balrampur-Ramanujganj,Raghunathnagar,Kesari,432101.0,Industrial Corridor,Railways Act 1989,42.16,13,142,19,14,21,11,1,170388500,158312100,12076400,10038600,7416200,0.9913,Award,407,0.0334,0,SYNTHETIC_DEMO,Prototype-only synthetic acquisition record linked to a real Survey of India village boundary; not a government acquisition record.
SYN-ACQ-00967,SYN-PROJ-00967,CHHATTISGARH,Sukma,Tongpal,Sautnar,449637.0,Industrial Corridor,National Highways Act 1956,33.01,87,158,67,8,36,28,3,235363400,102499300,132864100,20168500,15030700,0.8193,Notification,460,0.2929,0,SYNTHETIC_DEMO,Prototype-only synthetic acquisition record linked to a real Survey of India village boundary; not a government acquisition record.
SYN-ACQ-00968,SYN-PROJ-00968,CHHATTISGARH,Durg,Patan,Mahka Kalan,442657.0,Power Transmission,Railways Act 1989,72.28,46,151,61,29,30,23,3,280229200,244664900,35564300,47629400,46817200,0.848,Compensation,393,0.1942,0,SYNTHETIC_DEMO,Prototype-only synthetic acquisition record linked to a real Survey of India village boundary; not a government acquisition record.
SYN-ACQ-00969,SYN-PROJ-00969,CHHATTISGARH,Gariyaband,Amlipadar,Mungapadar,445471.0,National Highway,RFCTLARR Act 2013,63.1,192,36,7,7,10,6,3,441194900,257882700,183312200,6080500,4273200,0.8695,Notification,480,0.1396,0,SYNTHETIC_DEMO,Prototype-only synthetic acquisition record linked to a real Survey of India village boundary; not a government acquisition record.
SYN-ACQ-00970,SYN-PROJ-00970,CHHATTISGARH,Balodabazar-Bhatapara,Palari,Kuchi,443903.0,Railway,Other applicable statute,7.26,47,134,30,30,16,11,3,34259800,21089100,13170700,12711900,11780300,0.6176,GIS Verification,557,0.3542,0,SYNTHETIC_DEMO,Prototype-only synthetic acquisition record linked to a real Survey of India village boundary; not a government acquisition record.
SYN-ACQ-00971,SYN-PROJ-00971,CHHATTISGARH,Manendragarh-Chirmiri-Bharatpur (MCB),Kotadol,Dhanauli,431295.0,Railway,RFCTLARR Act 2013,17.83,125,155,18,18,28,12,0,156348300,53965400,102382900,10147800,5429000,0.8139,Scrutiny,256,0.2055,0,SYNTHETIC_DEMO,Prototype-only synthetic acquisition record linked to a real Survey of India village boundary; not a government acquisition record.
SYN-ACQ-00972,SYN-PROJ-00972,CHHATTISGARH,Surguja,Batouli,Deori,433524.0,Urban Infrastructure,Railways Act 1989,39.54,76,177,16,16,49,43,4,259221900,142141100,117080800,8183700,5243800,0.5762,Proposal,500,0.243,0,SYNTHETIC_DEMO,Prototype-only synthetic acquisition record linked to a real Survey of India village boundary; not a government acquisition record.
SYN-ACQ-00973,SYN-PROJ-00973,CHHATTISGARH,Narayanpur,Narayanpur,Moraskodo,449734.0,Industrial Corridor,Other applicable statute,52.4,144,147,20,20,38,32,1,524714600,516713100,8001500,7621000,4329000,0.7468,Objection/Hearing,371,0.1974,0,SYNTHETIC_DEMO,Prototype-only synthetic acquisition record linked to a real Survey of India village boundary; not a government acquisition record.
SYN-ACQ-00974,SYN-PROJ-00974,CHHATTISGARH,Balodabazar-Bhatapara,Bhatapara,Singarpur,443654.0,Railway,National Highways Act 1956,72.69,30,89,11,11,4,2,0,541725500,294395800,247329700,7097200,7097200,0.8533,Award,567,0.2415,0,SYNTHETIC_DEMO,Prototype-only synthetic acquisition record linked to a real Survey of India village boundary; not a government acquisition record.
SYN-ACQ-00975,SYN-PROJ-00975,CHHATTISGARH,Korba,Kartala,Botali,436517.0,Power Transmission,RFCTLARR Act 2013,62.88,21,169,13,13,22,16,0,495559900,251415300,244144500,7823900,7575900,0.764,Objection/Hearing,390,0.3529,0,SYNTHETIC_DEMO,Prototype-only synthetic acquisition record linked to a real Survey of India village boundary; not a government acquisition record.
SYN-ACQ-00976,SYN-PROJ-00976,CHHATTISGARH,Dhamtari,Dhamtari,Shankardah,447074.0,Irrigation,Other applicable statute,50.85,208,107,50,9,9,6,2,464817600,253740800,211076700,43895600,43895600,0.5648,Compensation,324,0.1665,0,SYNTHETIC_DEMO,Prototype-only synthetic acquisition record linked to a real Survey of India village boundary; not a government acquisition record.
SYN-ACQ-00977,SYN-PROJ-00977,CHHATTISGARH,Mungeli,Mungeli,Sarangpur,438077.0,Irrigation,National Highways Act 1956,12.4,64,56,17,17,5,3,0,116075400,93361600,22713800,6655500,3799600,0.6746,Completed,404,0.1465,0,SYNTHETIC_DEMO,Prototype-only synthetic acquisition record linked to a real Survey of India village boundary; not a government acquisition record.
SYN-ACQ-00978,SYN-PROJ-00978,CHHATTISGARH,Mahasamund,Saraipali,Batki,446007.0,Industrial Corridor,RFCTLARR Act 2013,69.26,182,134,17,3,9,7,0,402951300,332924900,70026400,11636000,9119600,0.9564,Compensation,293,0.112,0,SYNTHETIC_DEMO,Prototype-only synthetic acquisition record linked to a real Survey of India village boundary; not a government acquisition record.
SYN-ACQ-00979,SYN-PROJ-00979,CHHATTISGARH,Dhamtari,Bhakhara,Supela,446810.0,Urban Infrastructure,RFCTLARR Act 2013,19.25,143,106,25,25,24,22,2,84693200,56412500,28280700,6610000,4100000,0.6077,Objection/Hearing,421,0.4446,0,SYNTHETIC_DEMO,Prototype-only synthetic acquisition record linked to a real Survey of India village boundary; not a government acquisition record.
SYN-ACQ-00980,SYN-PROJ-00980,CHHATTISGARH,Sarangarh-Bilaigarh,Bhatgaon,Thakurdiya,444288.0,Power Transmission,RFCTLARR Act 2013,10.56,208,160,33,32,41,31,5,124340300,26425900,97914500,7376700,6773600,0.5584,Notification,589,0.5204,0,SYNTHETIC_DEMO,Prototype-only synthetic acquisition record linked to a real Survey of India village boundary; not a government acquisition record.
SYN-ACQ-00981,SYN-PROJ-00981,CHHATTISGARH,Balod,Balod,MULLEGUDA R.F.,51.0,Irrigation,National Highways Act 1956,3.27,113,139,30,3,39,20,0,41268200,32468300,8799900,26195400,17761600,0.5844,R&R,513,0.3262,0,SYNTHETIC_DEMO,Prototype-only synthetic acquisition record linked to a real Survey of India village boundary; not a government acquisition record.
SYN-ACQ-00982,SYN-PROJ-00982,CHHATTISGARH,Mahasamund,Saraipali,Kejunwa (Kejuwa),445908.0,Irrigation,Railways Act 1989,41.14,157,27,6,6,8,5,0,118499100,68580100,49919000,1140900,766900,0.5562,Objection/Hearing,518,0.2778,0,SYNTHETIC_DEMO,Prototype-only synthetic acquisition record linked to a real Survey of India village boundary; not a government acquisition record.
SYN-ACQ-00983,SYN-PROJ-00983,CHHATTISGARH,Sarangarh-Bilaigarh,Bhatgaon,Guwali,444315.0,Power Transmission,Other applicable statute,30.31,24,61,6,6,8,4,1,277358400,225360600,51997700,5268700,3723000,0.8106,Compensation,603,0.2918,0,SYNTHETIC_DEMO,Prototype-only synthetic acquisition record linked to a real Survey of India village boundary; not a government acquisition record.
SYN-ACQ-00984,SYN-PROJ-00984,CHHATTISGARH,Dakshin Bastar Dantewada,Bade Bacheli,Kuhchepal,450104.0,Irrigation,Railways Act 1989,18.67,13,30,12,12,3,2,0,71579300,47483200,24096100,6861200,6861200,0.6298,R&R,306,0.2176,0,SYNTHETIC_DEMO,Prototype-only synthetic acquisition record linked to a real Survey of India village boundary; not a government acquisition record.
SYN-ACQ-00985,SYN-PROJ-00985,CHHATTISGARH,Rajnandgaon,Dongargarh,Bhanpuri,440589.0,National Highway,National Highways Act 1956,21.45,184,111,19,19,8,7,2,140837900,111931900,28906000,11141100,3053800,0.7034,Award,199,0.0729,0,SYNTHETIC_DEMO,Prototype-only synthetic acquisition record linked to a real Survey of India village boundary; not a government acquisition record.
SYN-ACQ-00986,SYN-PROJ-00986,CHHATTISGARH,Kabeerdham,Bodla,Hathi Dob,439467.0,Industrial Corridor,RFCTLARR Act 2013,44.44,14,170,53,37,45,35,0,261495400,200580600,60914800,12110700,7534600,0.6915,Notification,302,0.1763,0,SYNTHETIC_DEMO,Prototype-only synthetic acquisition record linked to a real Survey of India village boundary; not a government acquisition record.
SYN-ACQ-00987,SYN-PROJ-00987,CHHATTISGARH,Balrampur-Ramanujganj,Daura-Kochali,Mukha,431981.0,Power Transmission,RFCTLARR Act 2013,14.4,11,148,48,22,52,35,7,159751300,97853100,61898200,19821000,19821000,0.5759,Proposal,574,0.3315,0,SYNTHETIC_DEMO,Prototype-only synthetic acquisition record linked to a real Survey of India village boundary; not a government acquisition record.
SYN-ACQ-00988,SYN-PROJ-00988,CHHATTISGARH,Narayanpur,Kohkameta,Hirangenar,449852.0,Industrial Corridor,Railways Act 1989,3.57,112,111,18,3,21,19,3,43928900,36125200,7803600,9532700,2159200,0.9972,Completed,562,0.3075,0,SYNTHETIC_DEMO,Prototype-only synthetic acquisition record linked to a real Survey of India village boundary; not a government acquisition record.
SYN-ACQ-00989,SYN-PROJ-00989,CHHATTISGARH,Rajnandgaon,Rajnandgaon,Tendesara (CT),440824.0,National Highway,Railways Act 1989,11.68,196,14,1,1,1,0,0,74435800,48735600,25700100,338900,208000,0.9168,Completed,344,0.2173,0,SYNTHETIC_DEMO,Prototype-only synthetic acquisition record linked to a real Survey of India village boundary; not a government acquisition record.
SYN-ACQ-00990,SYN-PROJ-00990,CHHATTISGARH,Kabeerdham,Sahaspur Lohara,Chandaini,439582.0,Power Transmission,Other applicable statute,32.98,133,93,19,19,13,7,0,211240600,201077100,10163500,8683300,6802500,0.9225,Compensation,272,0.08,0,SYNTHETIC_DEMO,Prototype-only synthetic acquisition record linked to a real Survey of India village boundary; not a government acquisition record.
SYN-ACQ-00991,SYN-PROJ-00991,CHHATTISGARH,Dhamtari,Bhakhara,Madeli,446775.0,Industrial Corridor,Other applicable statute,53.98,218,129,15,15,19,11,1,321996500,260956800,61039700,13321900,8081200,0.6064,Compensation,507,0.1423,0,SYNTHETIC_DEMO,Prototype-only synthetic acquisition record linked to a real Survey of India village boundary; not a government acquisition record.
SYN-ACQ-00992,SYN-PROJ-00992,CHHATTISGARH,Dhamtari,Kukrel,Mohlai,447187.0,Power Transmission,National Highways Act 1956,59.66,153,89,11,11,4,2,1,311534100,112336600,199197500,2549800,1880500,0.956,Possession,435,0.0783,0,SYNTHETIC_DEMO,Prototype-only synthetic acquisition record linked to a real Survey of India village boundary; not a government acquisition record.
SYN-ACQ-00993,SYN-PROJ-00993,CHHATTISGARH,Sarangarh-Bilaigarh,Baramkela,Lodhiya,435657.0,Power Transmission,National Highways Act 1956,41.3,104,62,14,14,10,7,1,399943000,260513300,139429700,6370200,6370200,0.8273,Notification,361,0.2566,0,SYNTHETIC_DEMO,Prototype-only synthetic acquisition record linked to a real Survey of India village boundary; not a government acquisition record.
SYN-ACQ-00994,SYN-PROJ-00994,CHHATTISGARH,Bijapur,Kutru,Madepur,451137.0,Industrial Corridor,RFCTLARR Act 2013,1.64,163,177,83,37,15,13,2,28736600,25190600,3546000,53632300,27150500,0.9237,Compensation,98,0.0,0,SYNTHETIC_DEMO,Prototype-only synthetic acquisition record linked to a real Survey of India village boundary; not a government acquisition record.
SYN-ACQ-00995,SYN-PROJ-00995,CHHATTISGARH,Sakti,Sakti,Tohiladih,436943.0,Power Transmission,RFCTLARR Act 2013,51.67,161,46,11,11,11,8,0,387004600,305527300,81477300,2226900,1519900,0.5621,Objection/Hearing,679,0.346,0,SYNTHETIC_DEMO,Prototype-only synthetic acquisition record linked to a real Survey of India village boundary; not a government acquisition record.
SYN-ACQ-00996,SYN-PROJ-00996,CHHATTISGARH,Dhamtari,Bhakhara,Chirpoti,446834.0,Urban Infrastructure,Other applicable statute,27.81,32,135,24,24,26,18,2,97244400,70317000,26927400,4059400,1816600,0.763,Completed,567,0.2767,0,SYNTHETIC_DEMO,Prototype-only synthetic acquisition record linked to a real Survey of India village boundary; not a government acquisition record.
SYN-ACQ-00997,SYN-PROJ-00997,CHHATTISGARH,Mahasamund,Basna,Kudaribahra,445822.0,Railway,National Highways Act 1956,61.16,94,25,12,12,7,2,0,449061600,373410800,75650800,10658900,6553900,0.9121,Notification,454,0.0179,0,SYNTHETIC_DEMO,Prototype-only synthetic acquisition record linked to a real Survey of India village boundary; not a government acquisition record.
SYN-ACQ-00998,SYN-PROJ-00998,CHHATTISGARH,Mohla-Manpur-Ambagarh Chouki,Manpur,Wasadi,441411.0,Irrigation,National Highways Act 1956,54.37,113,156,1,1,17,9,3,238876900,184197800,54679200,266500,150900,0.6925,Compensation,449,0.1822,0,SYNTHETIC_DEMO,Prototype-only synthetic acquisition record linked to a real Survey of India village boundary; not a government acquisition record.
SYN-ACQ-00999,SYN-PROJ-00999,CHHATTISGARH,Bemetara,Bhimbhauri,Gabda,442376.0,National Highway,National Highways Act 1956,9.26,186,43,11,11,5,2,0,50630400,27437200,23193200,2651000,2157100,0.8453,R&R,442,0.2872,0,SYNTHETIC_DEMO,Prototype-only synthetic acquisition record linked to a real Survey of India village boundary; not a government acquisition record.
SYN-ACQ-01000,SYN-PROJ-01000,CHHATTISGARH,Mahasamund,Komakhan,Dwartara Kalan,446645.0,Railway,Railways Act 1989,25.67,118,8,1,1,1,0,1,191627600,129279900,62347800,192300,121800,0.6763,Compensation,667,0.3803,0,SYNTHETIC_DEMO,Prototype-only synthetic acquisition record linked to a real Survey of India village boundary; not a government acquisition record.
SYN-ACQ-01001,SYN-PROJ-01001,CHHATTISGARH,Kondagaon,Makdi,FOREST,51.0,National Highway,National Highways Act 1956,47.4,118,41,14,14,15,7,1,362351500,260331300,102020200,7577900,4431400,0.9347,Notification,687,0.4882,0,SYNTHETIC_DEMO,Prototype-only synthetic acquisition record linked to a real Survey of India village boundary; not a government acquisition record.
SYN-ACQ-01002,SYN-PROJ-01002,CHHATTISGARH,Jashpur,Manora,FOREST,51.0,Irrigation,National Highways Act 1956,61.76,180,111,15,15,24,23,1,584729300,298865600,285863700,7498200,7498200,0.9279,GIS Verification,331,0.0,0,SYNTHETIC_DEMO,Prototype-only synthetic acquisition record linked to a real Survey of India village boundary; not a government acquisition record.
SYN-ACQ-01003,SYN-PROJ-01003,CHHATTISGARH,Narayanpur,Kohkameta,Bakoor,449908.0,National Highway,Railways Act 1989,28.21,25,29,1,1,6,4,0,196934900,118877300,78057600,833800,453700,0.9319,Compensation,562,0.2336,0,SYNTHETIC_DEMO,Prototype-only synthetic acquisition record linked to a real Survey of India village boundary; not a government acquisition record.
SYN-ACQ-01004,SYN-PROJ-01004,CHHATTISGARH,Bilaspur,Pachpedi,Khapari,438887.0,National Highway,Other applicable statute,31.66,56,61,12,12,20,18,4,245860200,218106700,27753500,2117200,1239400,0.9405,Completed,476,0.2557,0,SYNTHETIC_DEMO,Prototype-only synthetic acquisition record linked to a real Survey of India village boundary; not a government acquisition record.
SYN-ACQ-01005,SYN-PROJ-01005,CHHATTISGARH,Dakshin Bastar Dantewada,Dantewada,Fulnar,450066.0,Power Transmission,National Highways Act 1956,44.58,27,131,28,23,41,35,3,392844400,323265800,69578700,12780400,10887400,0.8794,Objection/Hearing,556,0.3673,0,SYNTHETIC_DEMO,Prototype-only synthetic acquisition record linked to a real Survey of India village boundary; not a government acquisition record.
SYN-ACQ-01006,SYN-PROJ-01006,CHHATTISGARH,Bastar,Bakavand,Kinjoli,449442.0,National Highway,Other applicable statute,74.36,92,145,26,11,34,33,4,345595900,345595900,0,10031100,5365500,0.6705,Compensation,780,0.3459,0,SYNTHETIC_DEMO,Prototype-only synthetic acquisition record linked to a real Survey of India village boundary; not a government acquisition record.
SYN-ACQ-01007,SYN-PROJ-01007,CHHATTISGARH,Sarangarh-Bilaigarh,Baramkela,Amalipali,435678.0,National Highway,National Highways Act 1956,46.59,195,110,16,10,27,11,0,146935500,96779600,50155900,3568300,2716200,0.8727,Notification,474,0.3581,0,SYNTHETIC_DEMO,Prototype-only synthetic acquisition record linked to a real Survey of India village boundary; not a government acquisition record.
SYN-ACQ-01008,SYN-PROJ-01008,CHHATTISGARH,Khairagarh-Chhuikhadan-Gandai,Chhuikhadan,Baikatori,440198.0,Irrigation,National Highways Act 1956,2.51,118,68,29,13,11,5,0,18211800,13204100,5007800,20859900,9882300,0.5909,Objection/Hearing,465,0.3145,0,SYNTHETIC_DEMO,Prototype-only synthetic acquisition record linked to a real Survey of India village boundary; not a government acquisition record.
SYN-ACQ-01009,SYN-PROJ-01009,CHHATTISGARH,Balrampur-Ramanujganj,Rajpur,Karra,433262.0,Railway,Railways Act 1989,15.32,200,150,72,11,7,4,0,57562000,57562000,0,34843800,22631900,0.8568,R&R,273,0.0367,0,SYNTHETIC_DEMO,Prototype-only synthetic acquisition record linked to a real Survey of India village boundary; not a government acquisition record.
SYN-ACQ-01010,SYN-PROJ-01010,CHHATTISGARH,Balodabazar-Bhatapara,Suhela,Khapradih,443571.0,National Highway,RFCTLARR Act 2013,45.73,5,29,5,5,1,0,0,255264500,177152200,78112200,2272900,1822100,0.7583,Compensation,394,0.2428,0,SYNTHETIC_DEMO,Prototype-only synthetic acquisition record linked to a real Survey of India village boundary; not a government acquisition record.
SYN-ACQ-01011,SYN-PROJ-01011,CHHATTISGARH,Uttar Bastar Kanker,Narharpur,Dumarpani,447892.0,Power Transmission,Railways Act 1989,20.13,66,46,12,12,3,1,0,51986900,51986900,0,5795900,4471000,0.7063,Possession,214,0.0,0,SYNTHETIC_DEMO,Prototype-only synthetic acquisition record linked to a real Survey of India village boundary; not a government acquisition record.
SYN-ACQ-01012,SYN-PROJ-01012,CHHATTISGARH,Surajpur,Surajpur,Pondi,432575.0,Industrial Corridor,RFCTLARR Act 2013,8.84,191,44,13,4,13,6,0,67796000,67796000,0,9099700,5221900,0.7024,GIS Verification,818,0.4685,0,SYNTHETIC_DEMO,Prototype-only synthetic acquisition record linked to a real Survey of India village boundary; not a government acquisition record.
SYN-ACQ-01013,SYN-PROJ-01013,CHHATTISGARH,Jashpur,Sanna,FOREST,51.0,National Highway,RFCTLARR Act 2013,15.11,55,30,3,3,5,2,0,85688500,45944300,39744300,638900,581500,0.6002,R&R,448,0.1945,0,SYNTHETIC_DEMO,Prototype-only synthetic acquisition record linked to a real Survey of India village boundary; not a government acquisition record.
SYN-ACQ-01014,SYN-PROJ-01014,CHHATTISGARH,Sarangarh-Bilaigarh,Sarangarh,Rampur,435313.0,National Highway,Railways Act 1989,51.94,141,131,10,10,35,20,3,163910000,122369400,41540600,3862400,2082500,0.8543,Proposal,373,0.2697,0,SYNTHETIC_DEMO,Prototype-only synthetic acquisition record linked to a real Survey of India village boundary; not a government acquisition record.
SYN-ACQ-01015,SYN-PROJ-01015,CHHATTISGARH,Uttar Bastar Kanker,Narharpur,Badal,447905.0,Industrial Corridor,Railways Act 1989,63.77,172,142,26,2,39,28,1,616933000,616933000,0,16309300,12875900,0.984,Objection/Hearing,294,0.1913,0,SYNTHETIC_DEMO,Prototype-only synthetic acquisition record linked to a real Survey of India village boundary; not a government acquisition record.
SYN-ACQ-01016,SYN-PROJ-01016,CHHATTISGARH,Bijapur,Kutru,Odrutong,451118.0,Industrial Corridor,Other applicable statute,48.16,21,36,5,5,4,3,0,421774000,190399400,231374600,3903700,3903700,0.6315,Objection/Hearing,661,0.3413,0,SYNTHETIC_DEMO,Prototype-only synthetic acquisition record linked to a real Survey of India village boundary; not a government acquisition record.
SYN-ACQ-01017,SYN-PROJ-01017,CHHATTISGARH,Manendragarh-Chirmiri-Bharatpur (MCB),Khadganva,Pendari,431779.0,Irrigation,Railways Act 1989,37.55,123,7,4,4,3,1,0,337318800,202573700,134745100,2524500,2499100,0.864,Compensation,355,0.2092,0,SYNTHETIC_DEMO,Prototype-only synthetic acquisition record linked to a real Survey of India village boundary; not a government acquisition record.
SYN-ACQ-01018,SYN-PROJ-01018,CHHATTISGARH,Gaurela-Pendra-Marwahi,Marwahi,Jhiriyatola,437534.0,Urban Infrastructure,Other applicable statute,56.15,128,50,3,3,14,8,2,342075800,256933700,85142000,1689300,764200,0.7046,Possession,633,0.346,0,SYNTHETIC_DEMO,Prototype-only synthetic acquisition record linked to a real Survey of India village boundary; not a government acquisition record.
SYN-ACQ-01019,SYN-PROJ-01019,CHHATTISGARH,Narayanpur,Chhotedongar,Guttapal,449790.0,Urban Infrastructure,Railways Act 1989,52.13,116,103,23,23,21,14,3,280143800,193524500,86619300,6478500,4671300,0.7411,Proposal,387,0.0782,0,SYNTHETIC_DEMO,Prototype-only synthetic acquisition record linked to a real Survey of India village boundary; not a government acquisition record.
SYN-ACQ-01020,SYN-PROJ-01020,CHHATTISGARH,Sarangarh-Bilaigarh,Bilaigarh,Alikud,444228.0,Power Transmission,RFCTLARR Act 2013,12.26,7,178,32,32,29,28,1,143194900,59527400,83667500,20369200,15718500,0.9303,Possession,656,0.4711,0,SYNTHETIC_DEMO,Prototype-only synthetic acquisition record linked to a real Survey of India village boundary; not a government acquisition record.
SYN-ACQ-01021,SYN-PROJ-01021,CHHATTISGARH,Jashpur,Farsabahar,Dandbandhi,434168.0,Industrial Corridor,Other applicable statute,73.87,68,123,4,1,17,12,2,346246300,205952400,140294000,1237200,524100,0.8699,Objection/Hearing,353,0.1701,0,SYNTHETIC_DEMO,Prototype-only synthetic acquisition record linked to a real Survey of India village boundary; not a government acquisition record.
SYN-ACQ-01022,SYN-PROJ-01022,CHHATTISGARH,Bijapur,Bhairamgarh,Tumnar,451210.0,Railway,Other applicable statute,70.68,50,156,20,20,6,3,1,171288900,75704000,95584800,14460500,11876600,0.9396,Completed,559,0.1347,0,SYNTHETIC_DEMO,Prototype-only synthetic acquisition record linked to a real Survey of India village boundary; not a government acquisition record.
SYN-ACQ-01023,SYN-PROJ-01023,CHHATTISGARH,Sarangarh-Bilaigarh,Baramkela,Sakartunga,435735.0,Irrigation,Railways Act 1989,37.92,52,80,4,4,5,2,1,294433400,184766500,109666900,2305100,1189000,0.6207,GIS Verification,409,0.2713,0,SYNTHETIC_DEMO,Prototype-only synthetic acquisition record linked to a real Survey of India village boundary; not a government acquisition record.
SYN-ACQ-01024,SYN-PROJ-01024,CHHATTISGARH,Janjgir-Champa,Janjgir,Kanhai Band,436570.0,National Highway,National Highways Act 1956,73.01,42,113,15,15,12,9,0,461320700,274743900,186576800,6003700,3460800,0.6897,Compensation,590,0.2476,0,SYNTHETIC_DEMO,Prototype-only synthetic acquisition record linked to a real Survey of India village boundary; not a government acquisition record.
SYN-ACQ-01025,SYN-PROJ-01025,CHHATTISGARH,Gariyaband,Fingeshwar,Sarkada,444805.0,Industrial Corridor,Other applicable statute,28.27,127,109,47,24,14,10,2,132612000,131524900,1087100,22224200,14477900,0.8536,Award,370,0.072,0,SYNTHETIC_DEMO,Prototype-only synthetic acquisition record linked to a real Survey of India village boundary; not a government acquisition record.
SYN-ACQ-01026,SYN-PROJ-01026,CHHATTISGARH,Janjgir-Champa,Pamgarh,Bohardih,437042.0,Urban Infrastructure,RFCTLARR Act 2013,62.3,165,119,8,8,18,8,1,319136700,249332300,69804300,1615000,900300,0.935,Compensation,347,0.1679,0,SYNTHETIC_DEMO,Prototype-only synthetic acquisition record linked to a real Survey of India village boundary; not a government acquisition record.
SYN-ACQ-01027,SYN-PROJ-01027,CHHATTISGARH,Janjgir-Champa,Saragaon,Jhika,436828.0,Industrial Corridor,RFCTLARR Act 2013,65.36,50,99,24,24,42,25,1,585465600,381417300,204048300,13637700,8817200,0.8517,Notification,478,0.1425,0,SYNTHETIC_DEMO,Prototype-only synthetic acquisition record linked to a real Survey of India village boundary; not a government acquisition record.
SYN-ACQ-01028,SYN-PROJ-01028,CHHATTISGARH,Bemetara,Nawagarh,Beltukri,441780.0,Irrigation,RFCTLARR Act 2013,52.88,69,125,27,27,8,3,0,477002900,274362100,202640800,11446800,6064900,0.7568,R&R,434,0.3206,0,SYNTHETIC_DEMO,Prototype-only synthetic acquisition record linked to a real Survey of India village boundary; not a government acquisition record.
SYN-ACQ-01029,SYN-PROJ-01029,CHHATTISGARH,Mohla-Manpur-Ambagarh Chouki,Ambagarh Chouki,nan,51.0,Urban Infrastructure,RFCTLARR Act 2013,22.88,163,101,37,8,18,15,0,78226200,55719200,22507000,12794600,5621700,0.6341,Completed,565,0.2763,0,SYNTHETIC_DEMO,Prototype-only synthetic acquisition record linked to a real Survey of India village boundary; not a government acquisition record.
SYN-ACQ-01030,SYN-PROJ-01030,CHHATTISGARH,Sarangarh-Bilaigarh,Sarangarh,Reda,435487.0,Power Transmission,RFCTLARR Act 2013,33.18,49,33,5,5,5,3,1,120085700,74788100,45297500,4262100,3380100,0.6237,Possession,470,0.2088,0,SYNTHETIC_DEMO,Prototype-only synthetic acquisition record linked to a real Survey of India village boundary; not a government acquisition record.
SYN-ACQ-01031,SYN-PROJ-01031,CHHATTISGARH,Balodabazar-Bhatapara,Palari,Khapri,443868.0,National Highway,National Highways Act 1956,12.52,158,102,2,2,23,17,0,84935300,69123000,15812300,1220200,1155800,0.7143,Award,531,0.3011,0,SYNTHETIC_DEMO,Prototype-only synthetic acquisition record linked to a real Survey of India village boundary; not a government acquisition record.
SYN-ACQ-01032,SYN-PROJ-01032,CHHATTISGARH,Sarangarh-Bilaigarh,Sarangarh,Saraipali,435414.0,Irrigation,Other applicable statute,51.34,171,90,36,6,8,7,0,128502400,92133400,36369000,27532700,8666500,0.5709,Award,639,0.4079,0,SYNTHETIC_DEMO,Prototype-only synthetic acquisition record linked to a real Survey of India village boundary; not a government acquisition record.
SYN-ACQ-01033,SYN-PROJ-01033,CHHATTISGARH,Sukma,Jagargunda,Tumalpad,450328.0,Irrigation,Railways Act 1989,9.34,85,126,28,2,41,35,0,62367000,43222600,19144400,11732500,7067600,0.8212,GIS Verification,494,0.1668,0,SYNTHETIC_DEMO,Prototype-only synthetic acquisition record linked to a real Survey of India village boundary; not a government acquisition record.
SYN-ACQ-01034,SYN-PROJ-01034,CHHATTISGARH,Dakshin Bastar Dantewada,Gidam,Siyanar,450164.0,Railway,National Highways Act 1956,15.3,151,152,32,16,33,32,1,127266400,68048200,59218200,7088700,6174700,0.8122,Possession,588,0.2776,0,SYNTHETIC_DEMO,Prototype-only synthetic acquisition record linked to a real Survey of India village boundary; not a government acquisition record.
SYN-ACQ-01035,SYN-PROJ-01035,CHHATTISGARH,Surguja,Lundra,Dorna,433419.0,National Highway,Railways Act 1989,44.32,113,138,8,8,49,35,1,167448600,167448600,0,3528500,3069900,0.9657,R&R,294,0.0671,0,SYNTHETIC_DEMO,Prototype-only synthetic acquisition record linked to a real Survey of India village boundary; not a government acquisition record.
SYN-ACQ-01036,SYN-PROJ-01036,CHHATTISGARH,Bemetara,Nawagarh,Dhandhani,441766.0,Urban Infrastructure,Other applicable statute,60.36,187,59,29,16,5,2,0,464362000,266711600,197650400,10512700,7824700,0.7948,Award,556,0.2868,0,SYNTHETIC_DEMO,Prototype-only synthetic acquisition record linked to a real Survey of India village boundary; not a government acquisition record.
SYN-ACQ-01037,SYN-PROJ-01037,CHHATTISGARH,Kabeerdham,Kunda,Nawagaon Gajri,439972.0,Industrial Corridor,Other applicable statute,31.37,182,167,47,16,6,3,0,121202100,121202100,0,36839400,20819600,0.872,GIS Verification,366,0.0337,0,SYNTHETIC_DEMO,Prototype-only synthetic acquisition record linked to a real Survey of India village boundary; not a government acquisition record.
SYN-ACQ-01038,SYN-PROJ-01038,CHHATTISGARH,Korea,Sonhat,Sukatara,431521.0,Railway,National Highways Act 1956,72.95,181,124,34,0,38,37,6,301603700,250551400,51052200,10817800,6130400,0.9447,GIS Verification,292,0.1378,0,SYNTHETIC_DEMO,Prototype-only synthetic acquisition record linked to a real Survey of India village boundary; not a government acquisition record.
SYN-ACQ-01039,SYN-PROJ-01039,CHHATTISGARH,Durg,Durg,Rawelidih,442553.0,Irrigation,RFCTLARR Act 2013,55.1,14,94,19,19,34,19,4,413143500,207352500,205791000,9147300,7252900,0.635,Notification,588,0.3822,0,SYNTHETIC_DEMO,Prototype-only synthetic acquisition record linked to a real Survey of India village boundary; not a government acquisition record.
SYN-ACQ-01040,SYN-PROJ-01040,CHHATTISGARH,Raigarh,Dharamjaigarh,Nakana,434366.0,Power Transmission,Other applicable statute,50.38,152,169,73,12,59,33,6,490255100,344972600,145282600,62089400,46521900,0.763,Possession,536,0.3597,0,SYNTHETIC_DEMO,Prototype-only synthetic acquisition record linked to a real Survey of India village boundary; not a government acquisition record.
SYN-ACQ-01041,SYN-PROJ-01041,CHHATTISGARH,Khairagarh-Chhuikhadan-Gandai,Gandai,Majgaon,440159.0,Railway,RFCTLARR Act 2013,0.74,179,46,1,1,8,6,3,12816100,5790100,7026100,704600,312400,0.6151,Notification,760,0.4888,0,SYNTHETIC_DEMO,Prototype-only synthetic acquisition record linked to a real Survey of India village boundary; not a government acquisition record.
SYN-ACQ-01042,SYN-PROJ-01042,CHHATTISGARH,Uttar Bastar Kanker,Antagarh,Kodagaon,448003.0,National Highway,Railways Act 1989,74.48,10,79,2,1,13,7,0,205472600,175055000,30417600,658700,352700,0.7631,Objection/Hearing,368,0.0,0,SYNTHETIC_DEMO,Prototype-only synthetic acquisition record linked to a real Survey of India village boundary; not a government acquisition record.
SYN-ACQ-01043,SYN-PROJ-01043,CHHATTISGARH,Narayanpur,Narayanpur,Bade Jamhari,449730.0,Railway,Other applicable statute,56.72,169,151,4,4,12,7,0,256402600,163527000,92875600,1772200,770100,0.9928,R&R,111,0.1693,0,SYNTHETIC_DEMO,Prototype-only synthetic acquisition record linked to a real Survey of India village boundary; not a government acquisition record.
SYN-ACQ-01044,SYN-PROJ-01044,CHHATTISGARH,Mahasamund,Bagbahra,Khamhar Muda Ryt.,446760.0,Power Transmission,Other applicable statute,4.01,30,151,37,11,16,13,0,22484500,15669900,6814500,20702700,10707600,0.7071,Completed,342,0.2452,0,SYNTHETIC_DEMO,Prototype-only synthetic acquisition record linked to a real Survey of India village boundary; not a government acquisition record.
SYN-ACQ-01045,SYN-PROJ-01045,CHHATTISGARH,Gaurela-Pendra-Marwahi,Sakola,Ghatbahra,437645.0,Railway,Railways Act 1989,59.16,198,54,19,19,6,5,0,499317900,323412200,175905700,14189600,5595400,0.7226,R&R,459,0.1975,0,SYNTHETIC_DEMO,Prototype-only synthetic acquisition record linked to a real Survey of India village boundary; not a government acquisition record.
SYN-ACQ-01046,SYN-PROJ-01046,CHHATTISGARH,Sarangarh-Bilaigarh,Sarsiwa,Gatadih,444415.0,Irrigation,National Highways Act 1956,24.79,98,54,24,1,13,6,1,227046800,187368100,39678600,16511700,15738300,0.5705,Possession,602,0.2933,0,SYNTHETIC_DEMO,Prototype-only synthetic acquisition record linked to a real Survey of India village boundary; not a government acquisition record.
SYN-ACQ-01047,SYN-PROJ-01047,CHHATTISGARH,Mungeli,Lalpur Thana,Bijarakapakala,437863.0,Power Transmission,Other applicable statute,39.15,44,30,5,5,4,2,0,317597700,73374200,244223500,3119100,1598500,0.9369,Possession,612,0.4464,0,SYNTHETIC_DEMO,Prototype-only synthetic acquisition record linked to a real Survey of India village boundary; not a government acquisition record.
SYN-ACQ-01048,SYN-PROJ-01048,CHHATTISGARH,Uttar Bastar Kanker,Narharpur,Korrampara,447935.0,Irrigation,Railways Act 1989,52.5,62,160,5,5,30,23,2,391897200,221539000,170358200,3977600,2166700,0.5608,Possession,666,0.4195,0,SYNTHETIC_DEMO,Prototype-only synthetic acquisition record linked to a real Survey of India village boundary; not a government acquisition record.
SYN-ACQ-01049,SYN-PROJ-01049,CHHATTISGARH,Narayanpur,Kohkameta,Dhoderbeda,449937.0,Industrial Corridor,Railways Act 1989,5.76,207,134,26,12,3,1,1,91244900,88381100,2863800,23378500,8026200,0.6713,Compensation,381,0.1758,0,SYNTHETIC_DEMO,Prototype-only synthetic acquisition record linked to a real Survey of India village boundary; not a government acquisition record.
SYN-ACQ-01050,SYN-PROJ-01050,CHHATTISGARH,Durg,Dhamdha,Kandai,442503.0,Urban Infrastructure,National Highways Act 1956,14.86,169,43,10,4,14,13,0,65602800,52877500,12725400,7992700,2854700,0.9716,Award,437,0.2135,0,SYNTHETIC_DEMO,Prototype-only synthetic acquisition record linked to a real Survey of India village boundary; not a government acquisition record.
SYN-ACQ-01051,SYN-PROJ-01051,CHHATTISGARH,Kabeerdham,Sahaspur Lohara,Gulalpur,439721.0,Urban Infrastructure,Railways Act 1989,50.28,218,135,47,1,36,30,5,447075400,286358900,160716500,12459900,6962500,0.7272,Award,420,0.2037,0,SYNTHETIC_DEMO,Prototype-only synthetic acquisition record linked to a real Survey of India village boundary; not a government acquisition record.
SYN-ACQ-01052,SYN-PROJ-01052,CHHATTISGARH,Khairagarh-Chhuikhadan-Gandai,Chhuikhadan,Bhave,440253.0,Irrigation,Other applicable statute,44.04,48,37,1,1,9,7,1,306051300,221656500,84394900,393900,166600,0.8082,Notification,180,0.0713,0,SYNTHETIC_DEMO,Prototype-only synthetic acquisition record linked to a real Survey of India village boundary; not a government acquisition record.
SYN-ACQ-01053,SYN-PROJ-01053,CHHATTISGARH,Balrampur-Ramanujganj,Chalgali,Dongaro,432177.0,Industrial Corridor,RFCTLARR Act 2013,38.39,12,145,20,20,5,2,0,314702100,174361000,140341100,15971300,9531500,0.7611,R&R,195,0.0757,0,SYNTHETIC_DEMO,Prototype-only synthetic acquisition record linked to a real Survey of India village boundary; not a government acquisition record.
SYN-ACQ-01054,SYN-PROJ-01054,CHHATTISGARH,Surguja,Batouli,Chawarpani,433489.0,National Highway,National Highways Act 1956,40.17,27,9,4,4,2,1,0,172449600,142467600,29982000,1475800,1389700,0.5983,GIS Verification,520,0.4134,0,SYNTHETIC_DEMO,Prototype-only synthetic acquisition record linked to a real Survey of India village boundary; not a government acquisition record.
SYN-ACQ-01055,SYN-PROJ-01055,CHHATTISGARH,Uttar Bastar Kanker,Durgkondal,Gumdidih,447727.0,National Highway,Railways Act 1989,45.45,53,146,61,25,30,28,4,304845700,288344300,16501400,38208600,17762900,0.6508,Completed,466,0.3188,0,SYNTHETIC_DEMO,Prototype-only synthetic acquisition record linked to a real Survey of India village boundary; not a government acquisition record.
SYN-ACQ-01056,SYN-PROJ-01056,CHHATTISGARH,Mungeli,Lalpur Thana,Gorakhpur,437775.0,Industrial Corridor,National Highways Act 1956,9.47,139,152,15,15,38,30,5,77218100,67653500,9564600,9712200,7281000,0.6177,Compensation,262,0.0566,0,SYNTHETIC_DEMO,Prototype-only synthetic acquisition record linked to a real Survey of India village boundary; not a government acquisition record.
SYN-ACQ-01057,SYN-PROJ-01057,CHHATTISGARH,Surajpur,Ramanujnagar,Parmeshwarpur Alias Pathakpur,432879.0,Industrial Corridor,Railways Act 1989,64.02,47,98,47,10,19,10,1,521006000,322474300,198531600,19914200,16746700,0.5679,GIS Verification,438,0.229,0,SYNTHETIC_DEMO,Prototype-only synthetic acquisition record linked to a real Survey of India village boundary; not a government acquisition record.
SYN-ACQ-01058,SYN-PROJ-01058,CHHATTISGARH,Uttar Bastar Kanker,Bhanupratappur,Jepra,447521.0,Industrial Corridor,Railways Act 1989,2.91,90,86,27,27,1,0,0,35728000,17812400,17915600,17575000,16057900,0.6315,Award,446,0.3237,0,SYNTHETIC_DEMO,Prototype-only synthetic acquisition record linked to a real Survey of India village boundary; not a government acquisition record.
SYN-ACQ-01059,SYN-PROJ-01059,CHHATTISGARH,Khairagarh-Chhuikhadan-Gandai,Gandai,Biranpur Khurd,440143.0,Urban Infrastructure,Other applicable statute,12.98,88,36,10,10,2,0,0,42445500,17292100,25153300,5079700,1713600,0.8594,Scrutiny,808,0.3332,0,SYNTHETIC_DEMO,Prototype-only synthetic acquisition record linked to a real Survey of India village boundary; not a government acquisition record.
SYN-ACQ-01060,SYN-PROJ-01060,CHHATTISGARH,Narayanpur,Chhotedongar,Kanhargaon,449808.0,Industrial Corridor,Other applicable statute,29.14,188,165,26,15,11,4,1,266711800,266711800,0,7933700,7914400,0.5839,R&R,488,0.186,0,SYNTHETIC_DEMO,Prototype-only synthetic acquisition record linked to a real Survey of India village boundary; not a government acquisition record.
SYN-ACQ-01061,SYN-PROJ-01061,CHHATTISGARH,Durg,Dhamdha,Thengabhat,442500.0,Urban Infrastructure,National Highways Act 1956,41.87,44,73,22,0,19,11,1,226770000,204061900,22708200,5979700,2767100,0.8447,Compensation,214,0.0732,0,SYNTHETIC_DEMO,Prototype-only synthetic acquisition record linked to a real Survey of India village boundary; not a government acquisition record.
SYN-ACQ-01062,SYN-PROJ-01062,CHHATTISGARH,Mahasamund,Pithora,Rampur,446373.0,Railway,RFCTLARR Act 2013,60.76,5,53,15,8,18,15,1,499031800,318673500,180358300,4419100,3237700,0.8261,Compensation,725,0.4116,0,SYNTHETIC_DEMO,Prototype-only synthetic acquisition record linked to a real Survey of India village boundary; not a government acquisition record.
SYN-ACQ-01063,SYN-PROJ-01063,CHHATTISGARH,Rajnandgaon,Rajnandgaon,Dharamapur,440799.0,Irrigation,Railways Act 1989,21.45,135,20,5,0,7,4,2,88471700,57321500,31150200,1652400,998000,0.9221,Objection/Hearing,590,0.4086,0,SYNTHETIC_DEMO,Prototype-only synthetic acquisition record linked to a real Survey of India village boundary; not a government acquisition record.
SYN-ACQ-01064,SYN-PROJ-01064,CHHATTISGARH,Gariyaband,Gariyaband,Nagabuda,445106.0,Industrial Corridor,National Highways Act 1956,5.57,155,71,33,21,21,20,1,36409900,19934700,16475200,19948100,8710600,0.6982,Compensation,581,0.3392,0,SYNTHETIC_DEMO,Prototype-only synthetic acquisition record linked to a real Survey of India village boundary; not a government acquisition record.
SYN-ACQ-01065,SYN-PROJ-01065,CHHATTISGARH,Balod,Daundi,Malkunwar,443300.0,Railway,RFCTLARR Act 2013,31.59,19,46,1,1,7,3,0,124023100,83703500,40319600,466800,395900,0.6011,Compensation,472,0.3141,0,SYNTHETIC_DEMO,Prototype-only synthetic acquisition record linked to a real Survey of India village boundary; not a government acquisition record.
SYN-ACQ-01066,SYN-PROJ-01066,CHHATTISGARH,Bemetara,Berla,Bharda,442342.0,Industrial Corridor,Other applicable statute,1.86,39,61,31,29,14,6,1,17319100,13706000,3613100,14568100,11176600,0.9249,R&R,245,0.1055,0,SYNTHETIC_DEMO,Prototype-only synthetic acquisition record linked to a real Survey of India village boundary; not a government acquisition record.
SYN-ACQ-01067,SYN-PROJ-01067,CHHATTISGARH,Jashpur,Farsabahar,Lakarghara,434158.0,Power Transmission,National Highways Act 1956,36.79,88,32,7,7,6,4,0,204073100,113159700,90913400,4447200,4447200,0.747,Award,327,0.3003,0,SYNTHETIC_DEMO,Prototype-only synthetic acquisition record linked to a real Survey of India village boundary; not a government acquisition record.
SYN-ACQ-01068,SYN-PROJ-01068,CHHATTISGARH,Bijapur,Bhairamgarh,Nirali,451263.0,Urban Infrastructure,Railways Act 1989,19.23,197,99,2,2,20,17,1,161543000,150419000,11123900,1216700,956900,0.6786,Compensation,356,0.1184,0,SYNTHETIC_DEMO,Prototype-only synthetic acquisition record linked to a real Survey of India village boundary; not a government acquisition record.
SYN-ACQ-01069,SYN-PROJ-01069,CHHATTISGARH,Bilaspur,Bilha,Dagauri,438998.0,Urban Infrastructure,RFCTLARR Act 2013,48.38,30,147,15,15,32,31,2,307050500,300632600,6418000,6091300,6091300,0.9842,Award,370,0.0793,0,SYNTHETIC_DEMO,Prototype-only synthetic acquisition record linked to a real Survey of India village boundary; not a government acquisition record.
SYN-ACQ-01070,SYN-PROJ-01070,CHHATTISGARH,Raigarh,Gharghoda,FOREST,51.0,Railway,RFCTLARR Act 2013,36.92,51,88,35,13,7,3,0,128490400,79879000,48611400,16683100,11693700,0.7728,GIS Verification,298,0.0627,0,SYNTHETIC_DEMO,Prototype-only synthetic acquisition record linked to a real Survey of India village boundary; not a government acquisition record.
SYN-ACQ-01071,SYN-PROJ-01071,CHHATTISGARH,Surajpur,Bhatgaon,FOREST,51.0,Irrigation,Other applicable statute,22.62,88,41,13,13,9,7,0,152516300,90274700,62241600,10287700,8108000,0.759,R&R,592,0.3663,0,SYNTHETIC_DEMO,Prototype-only synthetic acquisition record linked to a real Survey of India village boundary; not a government acquisition record.
SYN-ACQ-01072,SYN-PROJ-01072,CHHATTISGARH,Kabeerdham,Sahaspur Lohara,Chhirbandha,439656.0,Industrial Corridor,Other applicable statute,15.9,111,110,17,17,23,16,1,63987500,63987500,0,6815000,5795400,0.8361,Objection/Hearing,320,0.2016,0,SYNTHETIC_DEMO,Prototype-only synthetic acquisition record linked to a real Survey of India village boundary; not a government acquisition record.
SYN-ACQ-01073,SYN-PROJ-01073,CHHATTISGARH,Narayanpur,Kohkameta,Bayonar,449917.0,National Highway,Other applicable statute,44.17,196,175,34,0,28,15,1,419005600,343149000,75856600,12915100,7582300,0.7178,Scrutiny,615,0.2369,0,SYNTHETIC_DEMO,Prototype-only synthetic acquisition record linked to a real Survey of India village boundary; not a government acquisition record.
SYN-ACQ-01074,SYN-PROJ-01074,CHHATTISGARH,Gariyaband,Chhura,Ghotpani,445331.0,Irrigation,RFCTLARR Act 2013,5.55,184,25,1,1,10,4,0,28531000,20569500,7961400,610600,499000,0.6641,R&R,485,0.3998,0,SYNTHETIC_DEMO,Prototype-only synthetic acquisition record linked to a real Survey of India village boundary; not a government acquisition record.
SYN-ACQ-01075,SYN-PROJ-01075,CHHATTISGARH,Surajpur,Ramanujnagar,Piuri,432864.0,Urban Infrastructure,RFCTLARR Act 2013,47.57,65,8,1,1,1,0,0,154505600,89833400,64672200,222300,192600,0.8268,R&R,507,0.1823,0,SYNTHETIC_DEMO,Prototype-only synthetic acquisition record linked to a real Survey of India village boundary; not a government acquisition record.
SYN-ACQ-01076,SYN-PROJ-01076,CHHATTISGARH,Rajnandgaon,Dongargaon,Kohka,441153.0,National Highway,Railways Act 1989,47.24,145,53,11,1,5,3,0,290335400,237187200,53148200,5668300,4254400,0.8593,Notification,327,0.1261,0,SYNTHETIC_DEMO,Prototype-only synthetic acquisition record linked to a real Survey of India village boundary; not a government acquisition record.
SYN-ACQ-01077,SYN-PROJ-01077,CHHATTISGARH,Sarangarh-Bilaigarh,Bilaigarh,Domuhani,444233.0,Urban Infrastructure,RFCTLARR Act 2013,7.74,78,60,14,14,16,12,0,31606700,31018400,588400,12266500,1827200,0.7193,Notification,343,0.1215,0,SYNTHETIC_DEMO,Prototype-only synthetic acquisition record linked to a real Survey of India village boundary; not a government acquisition record.
SYN-ACQ-01078,SYN-PROJ-01078,CHHATTISGARH,Mahasamund,Saraipali,Manpali,446072.0,Irrigation,National Highways Act 1956,44.05,199,166,65,24,25,17,4,412919300,254492800,158426500,11481000,8256200,0.6008,Completed,577,0.3173,0,SYNTHETIC_DEMO,Prototype-only synthetic acquisition record linked to a real Survey of India village boundary; not a government acquisition record.
SYN-ACQ-01079,SYN-PROJ-01079,CHHATTISGARH,Mohla-Manpur-Ambagarh Chouki,Mohla,Chilamtola,441276.0,Urban Infrastructure,Other applicable statute,59.09,150,24,12,12,1,0,0,190729200,93140000,97589300,9797700,8411600,0.8189,Scrutiny,562,0.2244,0,SYNTHETIC_DEMO,Prototype-only synthetic acquisition record linked to a real Survey of India village boundary; not a government acquisition record.
SYN-ACQ-01080,SYN-PROJ-01080,CHHATTISGARH,Manendragarh-Chirmiri-Bharatpur (MCB),Bharatpur,Ohaniya,431305.0,National Highway,National Highways Act 1956,13.23,15,10,3,3,1,0,0,75901100,53705100,22196000,1804500,1594400,0.8669,Possession,228,0.2091,0,SYNTHETIC_DEMO,Prototype-only synthetic acquisition record linked to a real Survey of India village boundary; not a government acquisition record.
SYN-ACQ-01081,SYN-PROJ-01081,CHHATTISGARH,Rajnandgaon,Kumarda,Pathara Nawagaon,441058.0,Power Transmission,RFCTLARR Act 2013,44.32,40,178,62,20,14,7,0,441591100,232072600,209518500,51126900,35843500,0.6332,R&R,502,0.3319,0,SYNTHETIC_DEMO,Prototype-only synthetic acquisition record linked to a real Survey of India village boundary; not a government acquisition record.
SYN-ACQ-01082,SYN-PROJ-01082,CHHATTISGARH,Mahasamund,Mahasamund,Mungaser,446174.0,Railway,Other applicable statute,34.49,116,12,5,5,0,0,0,254495200,107033000,147462200,2206800,1435900,0.9937,Compensation,578,0.3236,0,SYNTHETIC_DEMO,Prototype-only synthetic acquisition record linked to a real Survey of India village boundary; not a government acquisition record.
SYN-ACQ-01083,SYN-PROJ-01083,CHHATTISGARH,Uttar Bastar Kanker,Koylibeda,Juna Gabadegaon,448458.0,Railway,RFCTLARR Act 2013,60.46,182,159,50,30,26,21,0,472504400,428468400,44035900,9217100,1278400,0.7387,Compensation,275,0.0421,0,SYNTHETIC_DEMO,Prototype-only synthetic acquisition record linked to a real Survey of India village boundary; not a government acquisition record.
SYN-ACQ-01084,SYN-PROJ-01084,CHHATTISGARH,Kondagaon,Kondagaon,Mulmula,448802.0,Urban Infrastructure,RFCTLARR Act 2013,52.52,144,21,3,3,9,7,0,326896300,206185800,120710500,1898600,1716100,0.9896,Completed,443,0.2733,0,SYNTHETIC_DEMO,Prototype-only synthetic acquisition record linked to a real Survey of India village boundary; not a government acquisition record.
SYN-ACQ-01085,SYN-PROJ-01085,CHHATTISGARH,Bemetara,Nawagarh,Kunwa,441787.0,Urban Infrastructure,RFCTLARR Act 2013,71.91,122,122,56,31,35,27,1,278514700,117336100,161178600,40077300,39396500,0.9871,Compensation,395,0.3166,0,SYNTHETIC_DEMO,Prototype-only synthetic acquisition record linked to a real Survey of India village boundary; not a government acquisition record.
SYN-ACQ-01086,SYN-PROJ-01086,CHHATTISGARH,Rajnandgaon,Ghumka,Mudpar,440751.0,Irrigation,Railways Act 1989,24.27,157,144,65,8,45,23,6,143635500,79839000,63796500,46994700,23769600,0.6282,Scrutiny,591,0.4425,0,SYNTHETIC_DEMO,Prototype-only synthetic acquisition record linked to a real Survey of India village boundary; not a government acquisition record.
SYN-ACQ-01087,SYN-PROJ-01087,CHHATTISGARH,Surajpur,Pratappur,Khairadih,432256.0,Industrial Corridor,Other applicable statute,57.87,99,106,14,14,14,13,0,228111800,54767100,173344700,5291100,3681600,0.6627,Completed,406,0.2483,0,SYNTHETIC_DEMO,Prototype-only synthetic acquisition record linked to a real Survey of India village boundary; not a government acquisition record.
SYN-ACQ-01088,SYN-PROJ-01088,CHHATTISGARH,Gaurela-Pendra-Marwahi,Sakola,Amaru,437638.0,Industrial Corridor,RFCTLARR Act 2013,11.97,60,152,50,9,21,14,1,62436300,47394600,15041700,27540000,20206500,0.6831,GIS Verification,907,0.5065,0,SYNTHETIC_DEMO,Prototype-only synthetic acquisition record linked to a real Survey of India village boundary; not a government acquisition record.
SYN-ACQ-01089,SYN-PROJ-01089,CHHATTISGARH,Janjgir-Champa,Janjgir,Kasaundi,436557.0,National Highway,Other applicable statute,29.59,182,161,54,23,59,26,5,196135000,196135000,0,39951300,37705200,0.7408,Notification,350,0.0795,0,SYNTHETIC_DEMO,Prototype-only synthetic acquisition record linked to a real Survey of India village boundary; not a government acquisition record.
SYN-ACQ-01090,SYN-PROJ-01090,CHHATTISGARH,Bastar,Tokapal,Matkot,449544.0,Industrial Corridor,National Highways Act 1956,66.09,96,86,2,2,18,13,2,420836500,398619500,22217000,1557900,543000,0.958,Notification,358,0.2364,0,SYNTHETIC_DEMO,Prototype-only synthetic acquisition record linked to a real Survey of India village boundary; not a government acquisition record.
SYN-ACQ-01091,SYN-PROJ-01091,CHHATTISGARH,Sarangarh-Bilaigarh,Sarsiwa,GATADIH R.F.,51.0,Urban Infrastructure,Railways Act 1989,8.96,124,22,6,6,9,8,0,18721100,15846800,2874300,927000,549500,0.9918,GIS Verification,260,0.0,0,SYNTHETIC_DEMO,Prototype-only synthetic acquisition record linked to a real Survey of India village boundary; not a government acquisition record.
SYN-ACQ-01092,SYN-PROJ-01092,CHHATTISGARH,Balodabazar-Bhatapara,Bhatapara,Godhi,443653.0,Irrigation,National Highways Act 1956,63.1,9,59,9,9,18,16,1,355256900,267590700,87666200,1374500,957100,0.6751,Compensation,339,0.2757,0,SYNTHETIC_DEMO,Prototype-only synthetic acquisition record linked to a real Survey of India village boundary; not a government acquisition record.
SYN-ACQ-01093,SYN-PROJ-01093,CHHATTISGARH,Rajnandgaon,Lal Bahadur Nagar,Bhalukonha,440644.0,Power Transmission,National Highways Act 1956,36.42,90,40,9,7,6,2,0,115850500,62218200,53632300,1364600,514000,0.7027,Notification,809,0.4949,0,SYNTHETIC_DEMO,Prototype-only synthetic acquisition record linked to a real Survey of India village boundary; not a government acquisition record.
SYN-ACQ-01094,SYN-PROJ-01094,CHHATTISGARH,Sakti,Malkharoda,Malkharoda,437242.0,Power Transmission,Railways Act 1989,15.23,24,158,72,35,8,4,0,149366900,78280600,71086400,41203200,21460500,0.5755,Notification,564,0.3408,0,SYNTHETIC_DEMO,Prototype-only synthetic acquisition record linked to a real Survey of India village boundary; not a government acquisition record.
SYN-ACQ-01095,SYN-PROJ-01095,CHHATTISGARH,Manendragarh-Chirmiri-Bharatpur (MCB),Kelhari,FOREST,51.0,Industrial Corridor,National Highways Act 1956,60.44,17,135,30,9,41,35,1,278268600,171931100,106337500,18114200,11198100,0.567,Possession,183,0.0756,0,SYNTHETIC_DEMO,Prototype-only synthetic acquisition record linked to a real Survey of India village boundary; not a government acquisition record.
SYN-ACQ-01096,SYN-PROJ-01096,CHHATTISGARH,Jashpur,Kunkuri,Dondapani,433999.0,Railway,Other applicable statute,70.36,69,69,12,12,11,10,1,501192600,316789800,184402800,3476900,2499100,0.6344,Award,309,0.2888,0,SYNTHETIC_DEMO,Prototype-only synthetic acquisition record linked to a real Survey of India village boundary; not a government acquisition record.
SYN-ACQ-01097,SYN-PROJ-01097,CHHATTISGARH,Surajpur,Pratappur,Khorma,432255.0,Industrial Corridor,National Highways Act 1956,64.42,32,160,39,4,7,5,1,204676800,158564800,46112000,32005000,23426500,0.7563,Award,496,0.2491,0,SYNTHETIC_DEMO,Prototype-only synthetic acquisition record linked to a real Survey of India village boundary; not a government acquisition record.
SYN-ACQ-01098,SYN-PROJ-01098,CHHATTISGARH,Kabeerdham,Sahaspur Lohara,Hathlewa,439731.0,Urban Infrastructure,RFCTLARR Act 2013,52.07,145,13,4,4,2,1,0,214007800,139581200,74426600,2630300,2067400,0.9354,Possession,219,0.0158,0,SYNTHETIC_DEMO,Prototype-only synthetic acquisition record linked to a real Survey of India village boundary; not a government acquisition record.
SYN-ACQ-01099,SYN-PROJ-01099,CHHATTISGARH,Raipur,Tilda,Sarphonga,444933.0,Power Transmission,Other applicable statute,68.9,163,12,4,4,5,4,0,289958700,146416800,143541800,1066900,740600,0.641,Objection/Hearing,460,0.2031,0,SYNTHETIC_DEMO,Prototype-only synthetic acquisition record linked to a real Survey of India village boundary; not a government acquisition record.
SYN-ACQ-01100,SYN-PROJ-01100,CHHATTISGARH,Sarangarh-Bilaigarh,Baramkela,Dhurkot,435705.0,National Highway,Other applicable statute,42.99,120,139,45,18,26,15,4,151953600,104713500,47240100,22929900,20633900,0.9661,R&R,507,0.275,0,SYNTHETIC_DEMO,Prototype-only synthetic acquisition record linked to a real Survey of India village boundary; not a government acquisition record.
SYN-ACQ-01101,SYN-PROJ-01101,CHHATTISGARH,Narayanpur,Narayanpur,Bamhani,449680.0,National Highway,Other applicable statute,13.94,171,107,3,3,7,5,0,43966900,20600300,23366600,976500,426300,0.8178,Objection/Hearing,627,0.4399,0,SYNTHETIC_DEMO,Prototype-only synthetic acquisition record linked to a real Survey of India village boundary; not a government acquisition record.
SYN-ACQ-01102,SYN-PROJ-01102,CHHATTISGARH,Uttar Bastar Kanker,Pakhanjur,Vishrampur,448234.0,Power Transmission,RFCTLARR Act 2013,44.07,151,78,12,12,15,14,2,166733800,47943900,118790000,5392400,3489000,0.7115,Compensation,501,0.146,0,SYNTHETIC_DEMO,Prototype-only synthetic acquisition record linked to a real Survey of India village boundary; not a government acquisition record.
SYN-ACQ-01103,SYN-PROJ-01103,CHHATTISGARH,Jashpur,Pathalgaon,Karmitikra,434263.0,Railway,National Highways Act 1956,27.22,172,144,8,2,32,28,3,77956200,46090200,31866000,1526300,870400,0.8453,Compensation,587,0.3133,0,SYNTHETIC_DEMO,Prototype-only synthetic acquisition record linked to a real Survey of India village boundary; not a government acquisition record.
SYN-ACQ-01104,SYN-PROJ-01104,CHHATTISGARH,Mahasamund,Pithora,BUEYPUR R.F.,51.0,Irrigation,National Highways Act 1956,42.98,155,144,5,3,16,9,1,325115700,325115700,0,983700,597400,0.8098,Award,425,0.212,0,SYNTHETIC_DEMO,Prototype-only synthetic acquisition record linked to a real Survey of India village boundary; not a government acquisition record.
SYN-ACQ-01105,SYN-PROJ-01105,CHHATTISGARH,Surajpur,Latori,Kartama,432548.0,Power Transmission,Railways Act 1989,43.94,108,154,76,21,22,18,2,320167800,320167800,0,23901600,10805000,0.9999,Objection/Hearing,340,0.0726,0,SYNTHETIC_DEMO,Prototype-only synthetic acquisition record linked to a real Survey of India village boundary; not a government acquisition record.
SYN-ACQ-01106,SYN-PROJ-01106,CHHATTISGARH,Surajpur,Bhatgaon,FOREST,51.0,Irrigation,National Highways Act 1956,48.67,42,48,15,14,2,1,0,455850800,290253600,165597200,8766700,2197200,0.8383,Award,454,0.1842,0,SYNTHETIC_DEMO,Prototype-only synthetic acquisition record linked to a real Survey of India village boundary; not a government acquisition record.
SYN-ACQ-01107,SYN-PROJ-01107,CHHATTISGARH,Balodabazar-Bhatapara,Balodabazar,Dasharma,443756.0,Power Transmission,Other applicable statute,56.4,64,164,73,17,16,12,1,500879500,408579000,92300500,61853200,44657700,0.5753,Notification,412,0.2086,0,SYNTHETIC_DEMO,Prototype-only synthetic acquisition record linked to a real Survey of India village boundary; not a government acquisition record.
SYN-ACQ-01108,SYN-PROJ-01108,CHHATTISGARH,Gaurela-Pendra-Marwahi,Pendra Road,Gangpur,437443.0,Urban Infrastructure,Railways Act 1989,6.01,116,80,39,31,10,9,0,72208300,52791200,19417100,24958100,23529800,0.9295,GIS Verification,472,0.1333,0,SYNTHETIC_DEMO,Prototype-only synthetic acquisition record linked to a real Survey of India village boundary; not a government acquisition record.
SYN-ACQ-01109,SYN-PROJ-01109,CHHATTISGARH,Kondagaon,Pharasgaon,Charkai,448953.0,Industrial Corridor,National Highways Act 1956,70.96,72,119,32,7,12,6,0,222408600,99188400,123220200,15305800,8734100,0.7763,Possession,452,0.1697,0,SYNTHETIC_DEMO,Prototype-only synthetic acquisition record linked to a real Survey of India village boundary; not a government acquisition record.
SYN-ACQ-01110,SYN-PROJ-01110,CHHATTISGARH,Raigarh,Raigarh,Manuwapali,434991.0,Railway,Railways Act 1989,59.2,199,143,66,16,47,26,0,248497100,98397600,150099500,33230500,29631600,0.6193,Award,718,0.4546,0,SYNTHETIC_DEMO,Prototype-only synthetic acquisition record linked to a real Survey of India village boundary; not a government acquisition record.
SYN-ACQ-01111,SYN-PROJ-01111,CHHATTISGARH,Uttar Bastar Kanker,Antagarh,Padbeda,448070.0,Industrial Corridor,RFCTLARR Act 2013,47.35,77,92,44,5,17,14,0,458672200,267449600,191222600,35544800,30813700,0.7923,Objection/Hearing,677,0.2945,0,SYNTHETIC_DEMO,Prototype-only synthetic acquisition record linked to a real Survey of India village boundary; not a government acquisition record.
SYN-ACQ-01112,SYN-PROJ-01112,CHHATTISGARH,Surajpur,Bhatgaon,Sonpur,432801.0,Irrigation,National Highways Act 1956,62.11,104,64,4,4,16,7,1,344593400,203245600,141347800,1039000,310800,0.7198,Completed,270,0.2484,0,SYNTHETIC_DEMO,Prototype-only synthetic acquisition record linked to a real Survey of India village boundary; not a government acquisition record.
SYN-ACQ-01113,SYN-PROJ-01113,CHHATTISGARH,Sukma,Dornapal,Kankerlanka,450358.0,Urban Infrastructure,National Highways Act 1956,56.76,205,157,56,12,46,36,4,473527000,157403200,316123800,13148700,6522600,0.9563,GIS Verification,139,0.1684,0,SYNTHETIC_DEMO,Prototype-only synthetic acquisition record linked to a real Survey of India village boundary; not a government acquisition record.
SYN-ACQ-01114,SYN-PROJ-01114,CHHATTISGARH,Raipur,Mandir Hasoud,Ameri,444508.0,Railway,RFCTLARR Act 2013,45.54,11,46,17,17,6,3,1,317210700,176685900,140524800,13502900,13075700,0.9605,Notification,505,0.1235,0,SYNTHETIC_DEMO,Prototype-only synthetic acquisition record linked to a real Survey of India village boundary; not a government acquisition record.
SYN-ACQ-01115,SYN-PROJ-01115,CHHATTISGARH,Surajpur,Surajpur,FOREST,51.0,Irrigation,National Highways Act 1956,44.18,216,177,45,22,23,21,0,399585000,399585000,0,24000800,23986100,0.627,GIS Verification,337,0.0,0,SYNTHETIC_DEMO,Prototype-only synthetic acquisition record linked to a real Survey of India village boundary; not a government acquisition record.
SYN-ACQ-01116,SYN-PROJ-01116,CHHATTISGARH,Korba,Katghora,Vijaypur,435854.0,Railway,Railways Act 1989,13.2,97,17,3,3,2,1,0,120350400,91740200,28610200,2011100,1044700,0.7324,Completed,576,0.3492,0,SYNTHETIC_DEMO,Prototype-only synthetic acquisition record linked to a real Survey of India village boundary; not a government acquisition record.
SYN-ACQ-01117,SYN-PROJ-01117,CHHATTISGARH,Gariyaband,Devbhog,Mudagaon,445555.0,Urban Infrastructure,National Highways Act 1956,20.25,78,33,5,5,2,1,0,190384300,126107000,64277300,1454100,1088700,0.7573,Compensation,421,0.2163,0,SYNTHETIC_DEMO,Prototype-only synthetic acquisition record linked to a real Survey of India village boundary; not a government acquisition record.
SYN-ACQ-01118,SYN-PROJ-01118,CHHATTISGARH,Surguja,Udaypur,Kawalgiri,433215.0,National Highway,Other applicable statute,49.33,192,10,2,2,3,2,0,296643000,136349200,160293800,1764500,1658200,0.6168,Award,391,0.202,0,SYNTHETIC_DEMO,Prototype-only synthetic acquisition record linked to a real Survey of India village boundary; not a government acquisition record.
SYN-ACQ-01119,SYN-PROJ-01119,CHHATTISGARH,Jashpur,Bagicha,Kudmura,433698.0,Irrigation,Other applicable statute,20.29,158,97,10,10,19,13,0,120526000,68720000,51806100,6828300,3871300,0.7034,Objection/Hearing,668,0.2929,0,SYNTHETIC_DEMO,Prototype-only synthetic acquisition record linked to a real Survey of India village boundary; not a government acquisition record.
SYN-ACQ-01120,SYN-PROJ-01120,CHHATTISGARH,Khairagarh-Chhuikhadan-Gandai,Salhewara,Bagarjhola,440066.0,Power Transmission,RFCTLARR Act 2013,47.33,169,29,3,3,5,3,0,115274400,77119700,38154700,1578800,1440300,0.6354,Notification,446,0.3174,0,SYNTHETIC_DEMO,Prototype-only synthetic acquisition record linked to a real Survey of India village boundary; not a government acquisition record.
SYN-ACQ-01121,SYN-PROJ-01121,CHHATTISGARH,Surguja,Udaypur,FOREST,51.0,Irrigation,RFCTLARR Act 2013,23.07,109,153,69,21,43,35,2,163003500,49466900,113536500,48738300,48738300,0.9612,Award,603,0.5294,0,SYNTHETIC_DEMO,Prototype-only synthetic acquisition record linked to a real Survey of India village boundary; not a government acquisition record.
SYN-ACQ-01122,SYN-PROJ-01122,CHHATTISGARH,Jashpur,Manora,FOREST,51.0,Urban Infrastructure,Other applicable statute,48.75,173,120,50,23,35,26,2,145251500,109683100,35568400,32408000,32408000,0.8046,Proposal,310,0.1583,0,SYNTHETIC_DEMO,Prototype-only synthetic acquisition record linked to a real Survey of India village boundary; not a government acquisition record.
SYN-ACQ-01123,SYN-PROJ-01123,CHHATTISGARH,Bastar,Bakavand,Belputi,449436.0,Irrigation,RFCTLARR Act 2013,54.0,142,60,17,10,10,6,0,493726200,424576900,69149300,13634100,13516100,0.775,Possession,329,0.1105,0,SYNTHETIC_DEMO,Prototype-only synthetic acquisition record linked to a real Survey of India village boundary; not a government acquisition record.
SYN-ACQ-01124,SYN-PROJ-01124,CHHATTISGARH,Mahasamund,Mahasamund,Beltukri,446237.0,Urban Infrastructure,National Highways Act 1956,24.45,60,126,42,30,32,13,1,112314500,78271700,34042800,21522200,10171900,0.7834,R&R,565,0.3595,0,SYNTHETIC_DEMO,Prototype-only synthetic acquisition record linked to a real Survey of India village boundary; not a government acquisition record.
SYN-ACQ-01125,SYN-PROJ-01125,CHHATTISGARH,Dhamtari,Magarlod,Sankra,446959.0,Power Transmission,Railways Act 1989,1.0,167,60,15,3,15,12,1,19703100,10197800,9505400,7305700,5591000,0.6183,Proposal,981,0.6519,1,SYNTHETIC_DEMO,Prototype-only synthetic acquisition record linked to a real Survey of India village boundary; not a government acquisition record.
SYN-ACQ-01126,SYN-PROJ-01126,CHHATTISGARH,Mohla-Manpur-Ambagarh Chouki,Ambagarh Chouki,Gauli Tola,441655.0,Industrial Corridor,Railways Act 1989,74.2,148,6,4,4,1,0,0,635370900,376585100,258785800,3512100,1832500,0.577,GIS Verification,701,0.4981,0,SYNTHETIC_DEMO,Prototype-only synthetic acquisition record linked to a real Survey of India village boundary; not a government acquisition record.
SYN-ACQ-01127,SYN-PROJ-01127,CHHATTISGARH,Gariyaband,Amlipadar,Anesar,445475.0,Urban Infrastructure,RFCTLARR Act 2013,64.9,152,87,5,5,11,9,0,172234400,105528000,66706400,916600,580300,0.6316,Compensation,386,0.1888,0,SYNTHETIC_DEMO,Prototype-only synthetic acquisition record linked to a real Survey of India village boundary; not a government acquisition record.
SYN-ACQ-01128,SYN-PROJ-01128,CHHATTISGARH,Raipur,Arang,Akoli Kalan-1 (Akolikal,444479.0,Irrigation,Railways Act 1989,20.32,198,15,7,7,2,0,0,55995400,33517600,22477900,4301400,2813900,0.7403,R&R,298,0.3919,0,SYNTHETIC_DEMO,Prototype-only synthetic acquisition record linked to a real Survey of India village boundary; not a government acquisition record.
SYN-ACQ-01129,SYN-PROJ-01129,CHHATTISGARH,Gaurela-Pendra-Marwahi,Pendra Road,Madana,437485.0,National Highway,Railways Act 1989,71.14,17,51,8,8,13,12,1,417289500,261469300,155820100,6776100,5777300,0.6418,Compensation,458,0.2606,0,SYNTHETIC_DEMO,Prototype-only synthetic acquisition record linked to a real Survey of India village boundary; not a government acquisition record.
SYN-ACQ-01130,SYN-PROJ-01130,CHHATTISGARH,Bastar,Lohandiguda,Karekot,449181.0,Power Transmission,National Highways Act 1956,48.44,71,100,9,4,2,1,0,421264600,403754900,17509700,8080300,7999300,0.7829,R&R,307,0.0,0,SYNTHETIC_DEMO,Prototype-only synthetic acquisition record linked to a real Survey of India village boundary; not a government acquisition record.
SYN-ACQ-01131,SYN-PROJ-01131,CHHATTISGARH,Kondagaon,BADERAJPUR,Halda,448634.0,Railway,Other applicable statute,13.89,212,161,53,39,9,4,0,126979300,44412300,82567000,17999900,12208300,0.6686,Notification,406,0.2751,0,SYNTHETIC_DEMO,Prototype-only synthetic acquisition record linked to a real Survey of India village boundary; not a government acquisition record.
SYN-ACQ-01132,SYN-PROJ-01132,CHHATTISGARH,Bastar,Nangur,Chhotemurma,449103.0,Power Transmission,National Highways Act 1956,2.45,218,128,27,8,53,43,6,48622400,31016300,17606100,15855100,13311900,0.9444,Award,447,0.2319,0,SYNTHETIC_DEMO,Prototype-only synthetic acquisition record linked to a real Survey of India village boundary; not a government acquisition record.
SYN-ACQ-01133,SYN-PROJ-01133,CHHATTISGARH,Mohla-Manpur-Ambagarh Chouki,Mohla,Jirratola,441318.0,National Highway,RFCTLARR Act 2013,14.89,138,52,18,5,10,6,0,57240200,46473000,10767300,13736000,10733700,0.5583,Compensation,576,0.3723,0,SYNTHETIC_DEMO,Prototype-only synthetic acquisition record linked to a real Survey of India village boundary; not a government acquisition record.
SYN-ACQ-01134,SYN-PROJ-01134,CHHATTISGARH,Mohla-Manpur-Ambagarh Chouki,Manpur,Iragaon,441423.0,Urban Infrastructure,Railways Act 1989,43.41,177,161,21,21,16,13,2,163035300,163035300,0,12756900,7115100,0.9447,Award,522,0.1516,0,SYNTHETIC_DEMO,Prototype-only synthetic acquisition record linked to a real Survey of India village boundary; not a government acquisition record.
SYN-ACQ-01135,SYN-PROJ-01135,CHHATTISGARH,Kabeerdham,Kukdur,Karpigodan,439895.0,Railway,National Highways Act 1956,44.88,110,133,50,28,3,2,0,235238800,235238800,0,38996800,32306000,0.8205,R&R,340,0.1361,0,SYNTHETIC_DEMO,Prototype-only synthetic acquisition record linked to a real Survey of India village boundary; not a government acquisition record.
SYN-ACQ-01136,SYN-PROJ-01136,CHHATTISGARH,Bemetara,Thankhamariya,Chikhali,442192.0,Railway,Railways Act 1989,46.83,55,176,76,34,42,28,3,164228800,132296200,31932700,26537100,11686600,0.6422,Compensation,773,0.4678,0,SYNTHETIC_DEMO,Prototype-only synthetic acquisition record linked to a real Survey of India village boundary; not a government acquisition record.
SYN-ACQ-01137,SYN-PROJ-01137,CHHATTISGARH,Janjgir-Champa,Shivrinarayan,Tenduwa,436776.0,Industrial Corridor,Railways Act 1989,23.39,137,81,9,0,25,10,1,177457200,174151500,3305700,8063700,6743700,0.9473,Notification,326,0.1167,0,SYNTHETIC_DEMO,Prototype-only synthetic acquisition record linked to a real Survey of India village boundary; not a government acquisition record.
SYN-ACQ-01138,SYN-PROJ-01138,CHHATTISGARH,Sakti,Malkharoda,Bademudpar,437276.0,National Highway,Other applicable statute,15.52,136,117,48,30,38,35,2,113628200,91299700,22328500,41453800,12807400,0.7874,Compensation,505,0.2893,0,SYNTHETIC_DEMO,Prototype-only synthetic acquisition record linked to a real Survey of India village boundary; not a government acquisition record.
SYN-ACQ-01139,SYN-PROJ-01139,CHHATTISGARH,Mungeli,Lormi,Rajak,437879.0,Power Transmission,Other applicable statute,69.33,153,176,79,7,8,6,0,699991800,644716600,55275200,56794500,20382200,0.8672,R&R,276,0.0,0,SYNTHETIC_DEMO,Prototype-only synthetic acquisition record linked to a real Survey of India village boundary; not a government acquisition record.
SYN-ACQ-01140,SYN-PROJ-01140,CHHATTISGARH,Bijapur,Bijapur,Papanpal,451054.0,Industrial Corridor,Railways Act 1989,38.09,122,52,20,20,9,6,1,215769300,107085100,108684200,4411400,3013200,0.7344,Scrutiny,432,0.1823,0,SYNTHETIC_DEMO,Prototype-only synthetic acquisition record linked to a real Survey of India village boundary; not a government acquisition record.
SYN-ACQ-01141,SYN-PROJ-01141,CHHATTISGARH,Rajnandgaon,Dongargarh,Kauhapani,440613.0,Urban Infrastructure,National Highways Act 1956,36.77,106,77,27,7,3,1,0,348246500,220195700,128050800,19574900,17740000,0.9399,Compensation,152,0.0733,0,SYNTHETIC_DEMO,Prototype-only synthetic acquisition record linked to a real Survey of India village boundary; not a government acquisition record.
SYN-ACQ-01142,SYN-PROJ-01142,CHHATTISGARH,Surajpur,Odgi,FOREST,51.0,National Highway,RFCTLARR Act 2013,1.26,35,108,34,22,8,6,2,44491000,41355100,3135900,15297300,15272800,0.9211,Award,127,0.0631,0,SYNTHETIC_DEMO,Prototype-only synthetic acquisition record linked to a real Survey of India village boundary; not a government acquisition record.
SYN-ACQ-01143,SYN-PROJ-01143,CHHATTISGARH,Balrampur-Ramanujganj,Wadrafnagar,Sulsuli,432145.0,Industrial Corridor,Railways Act 1989,14.45,45,59,26,5,6,5,1,44296300,40059000,4237300,14464800,11134400,0.7166,Award,529,0.2732,0,SYNTHETIC_DEMO,Prototype-only synthetic acquisition record linked to a real Survey of India village boundary; not a government acquisition record.
SYN-ACQ-01144,SYN-PROJ-01144,CHHATTISGARH,Dakshin Bastar Dantewada,Kuakonda,Jimer,450240.0,National Highway,Railways Act 1989,11.99,27,149,8,8,11,7,0,57885600,20257600,37628000,3651300,1629500,0.6134,Award,398,0.3715,0,SYNTHETIC_DEMO,Prototype-only synthetic acquisition record linked to a real Survey of India village boundary; not a government acquisition record.
SYN-ACQ-01145,SYN-PROJ-01145,CHHATTISGARH,Gariyaband,Fingeshwar,Pendra,444812.0,Railway,Railways Act 1989,59.86,159,154,33,10,47,34,1,421691200,285151600,136539600,29087000,12149400,0.9574,Objection/Hearing,195,0.1026,0,SYNTHETIC_DEMO,Prototype-only synthetic acquisition record linked to a real Survey of India village boundary; not a government acquisition record.
SYN-ACQ-01146,SYN-PROJ-01146,CHHATTISGARH,Durg,Patan,Funda (Devara),442685.0,National Highway,National Highways Act 1956,3.98,137,97,32,32,29,22,1,28830600,18021900,10808800,14073200,6762300,0.5621,Compensation,387,0.261,0,SYNTHETIC_DEMO,Prototype-only synthetic acquisition record linked to a real Survey of India village boundary; not a government acquisition record.
SYN-ACQ-01147,SYN-PROJ-01147,CHHATTISGARH,Kondagaon,Dhanora,Anchalpara,650876.0,Power Transmission,National Highways Act 1956,28.75,189,163,70,21,7,4,0,132649700,129654200,2995600,36658900,32665500,0.6888,Possession,373,0.0771,0,SYNTHETIC_DEMO,Prototype-only synthetic acquisition record linked to a real Survey of India village boundary; not a government acquisition record.
SYN-ACQ-01148,SYN-PROJ-01148,CHHATTISGARH,Korea,Baikunthpur,Chharchha,431384.0,Industrial Corridor,Other applicable statute,53.32,34,88,7,7,6,3,0,250909500,204600000,46309500,4880500,2094600,0.6386,Scrutiny,453,0.2281,0,SYNTHETIC_DEMO,Prototype-only synthetic acquisition record linked to a real Survey of India village boundary; not a government acquisition record.
SYN-ACQ-01149,SYN-PROJ-01149,CHHATTISGARH,Gaurela-Pendra-Marwahi,Pendra Road,Khamali Kalan,437447.0,Railway,Other applicable statute,9.6,79,126,6,6,32,21,4,95639500,26075000,69564500,1705400,1464600,0.669,Notification,486,0.4201,0,SYNTHETIC_DEMO,Prototype-only synthetic acquisition record linked to a real Survey of India village boundary; not a government acquisition record.
SYN-ACQ-01150,SYN-PROJ-01150,CHHATTISGARH,Jashpur,Duldula,Khutitoli,434087.0,Railway,RFCTLARR Act 2013,56.16,145,132,37,10,24,15,0,494704300,274485200,220219200,15641800,8077100,0.6338,Proposal,426,0.3057,0,SYNTHETIC_DEMO,Prototype-only synthetic acquisition record linked to a real Survey of India village boundary; not a government acquisition record.
SYN-ACQ-01151,SYN-PROJ-01151,CHHATTISGARH,Uttar Bastar Kanker,Antagarh,Nawagarh,448020.0,Power Transmission,Railways Act 1989,58.06,31,135,46,3,21,18,3,318053200,296974500,21078700,19121700,10645300,0.637,Scrutiny,291,0.1192,0,SYNTHETIC_DEMO,Prototype-only synthetic acquisition record linked to a real Survey of India village boundary; not a government acquisition record.
SYN-ACQ-01152,SYN-PROJ-01152,CHHATTISGARH,Bemetara,Thankhamariya,Khaira,442181.0,Irrigation,Railways Act 1989,24.5,214,105,6,6,28,18,0,122941700,105493200,17448500,4874800,3455400,0.8,Scrutiny,507,0.2304,0,SYNTHETIC_DEMO,Prototype-only synthetic acquisition record linked to a real Survey of India village boundary; not a government acquisition record.
SYN-ACQ-01153,SYN-PROJ-01153,CHHATTISGARH,Bemetara,Berla,Budera,442264.0,National Highway,RFCTLARR Act 2013,17.82,149,21,5,5,3,1,0,60035300,33226900,26808500,1319900,757000,0.8695,Notification,573,0.384,0,SYNTHETIC_DEMO,Prototype-only synthetic acquisition record linked to a real Survey of India village boundary; not a government acquisition record.
SYN-ACQ-01154,SYN-PROJ-01154,CHHATTISGARH,Bijapur,Bhairamgarh,Kupari,451274.0,National Highway,RFCTLARR Act 2013,74.79,33,160,47,24,52,33,5,388799100,177796100,211003000,12965000,4142500,0.6427,Scrutiny,788,0.4179,0,SYNTHETIC_DEMO,Prototype-only synthetic acquisition record linked to a real Survey of India village boundary; not a government acquisition record.
SYN-ACQ-01155,SYN-PROJ-01155,CHHATTISGARH,Durg,Patan,Batrel,442749.0,Irrigation,National Highways Act 1956,30.42,143,160,60,22,24,18,0,139195200,111226700,27968500,34773100,9988900,0.9781,Completed,289,0.1098,0,SYNTHETIC_DEMO,Prototype-only synthetic acquisition record linked to a real Survey of India village boundary; not a government acquisition record.
SYN-ACQ-01156,SYN-PROJ-01156,CHHATTISGARH,Khairagarh-Chhuikhadan-Gandai,Chhuikhadan,Shyampur,440282.0,Urban Infrastructure,Railways Act 1989,50.98,160,147,44,26,20,16,4,472143100,472143100,0,19013900,16807600,0.8893,Award,242,0.1013,0,SYNTHETIC_DEMO,Prototype-only synthetic acquisition record linked to a real Survey of India village boundary; not a government acquisition record.
SYN-ACQ-01157,SYN-PROJ-01157,CHHATTISGARH,Surguja,Batouli,Suarpara,433523.0,Railway,National Highways Act 1956,48.35,8,147,35,3,25,20,1,148641200,142858800,5782400,8666200,4780700,0.8999,Scrutiny,221,0.0,0,SYNTHETIC_DEMO,Prototype-only synthetic acquisition record linked to a real Survey of India village boundary; not a government acquisition record.
SYN-ACQ-01158,SYN-PROJ-01158,CHHATTISGARH,Korba,Bhaisma,Malikachhar,436387.0,Railway,National Highways Act 1956,55.0,29,56,16,1,8,4,0,269585600,95813100,173772500,10075900,6182300,0.7269,Compensation,592,0.3428,0,SYNTHETIC_DEMO,Prototype-only synthetic acquisition record linked to a real Survey of India village boundary; not a government acquisition record.
SYN-ACQ-01159,SYN-PROJ-01159,CHHATTISGARH,Rajnandgaon,Dongargarh,Udri Chhapar,440538.0,Urban Infrastructure,National Highways Act 1956,73.67,173,146,15,13,45,29,4,298366900,196329300,102037600,7764600,6032700,0.8005,Notification,583,0.3484,0,SYNTHETIC_DEMO,Prototype-only synthetic acquisition record linked to a real Survey of India village boundary; not a government acquisition record.
SYN-ACQ-01160,SYN-PROJ-01160,CHHATTISGARH,Dakshin Bastar Dantewada,Kuakonda,Pujaripal,450272.0,National Highway,Other applicable statute,62.92,185,41,3,3,15,14,0,473786300,356523700,117262700,1726100,1067600,0.7958,Scrutiny,448,0.254,0,SYNTHETIC_DEMO,Prototype-only synthetic acquisition record linked to a real Survey of India village boundary; not a government acquisition record.
SYN-ACQ-01161,SYN-PROJ-01161,CHHATTISGARH,Surajpur,Odgi,Raisari,432682.0,Irrigation,Other applicable statute,50.92,35,20,1,1,4,3,0,427153800,421118300,6035500,835500,835500,0.6031,Compensation,433,0.1099,0,SYNTHETIC_DEMO,Prototype-only synthetic acquisition record linked to a real Survey of India village boundary; not a government acquisition record.
SYN-ACQ-01162,SYN-PROJ-01162,CHHATTISGARH,Jashpur,Manora,Budhgaon,433896.0,Industrial Corridor,National Highways Act 1956,39.49,31,36,12,12,15,8,3,269171800,188764700,80407100,8649100,6607200,0.6173,Award,583,0.3377,0,SYNTHETIC_DEMO,Prototype-only synthetic acquisition record linked to a real Survey of India village boundary; not a government acquisition record.
SYN-ACQ-01163,SYN-PROJ-01163,CHHATTISGARH,Bastar,Bastanar,Dhokam,449246.0,National Highway,Railways Act 1989,19.62,140,137,35,7,22,13,2,62006000,58462700,3543300,21047300,15634100,0.8015,Possession,398,0.1687,0,SYNTHETIC_DEMO,Prototype-only synthetic acquisition record linked to a real Survey of India village boundary; not a government acquisition record.
SYN-ACQ-01164,SYN-PROJ-01164,CHHATTISGARH,Mahasamund,Bagbahra,Ghunchapali,446669.0,Urban Infrastructure,National Highways Act 1956,9.09,24,55,25,1,12,9,1,41558900,34207800,7351100,20939800,18167900,0.5958,Compensation,692,0.4119,0,SYNTHETIC_DEMO,Prototype-only synthetic acquisition record linked to a real Survey of India village boundary; not a government acquisition record.
SYN-ACQ-01165,SYN-PROJ-01165,CHHATTISGARH,Dhamtari,Kukrel,Banraud,447190.0,Urban Infrastructure,Railways Act 1989,21.96,74,121,25,16,36,33,1,213558300,197581200,15977100,19789400,15639300,0.8794,Compensation,390,0.1729,0,SYNTHETIC_DEMO,Prototype-only synthetic acquisition record linked to a real Survey of India village boundary; not a government acquisition record.
SYN-ACQ-01166,SYN-PROJ-01166,CHHATTISGARH,Raigarh,Raigarh,Bokaramuda,434897.0,National Highway,Other applicable statute,73.17,28,49,16,5,3,2,0,414137700,225732300,188405400,7561900,3215200,0.7854,Compensation,548,0.2606,0,SYNTHETIC_DEMO,Prototype-only synthetic acquisition record linked to a real Survey of India village boundary; not a government acquisition record.
SYN-ACQ-01167,SYN-PROJ-01167,CHHATTISGARH,Bastar,Bhanpuri,Naharni,449392.0,Railway,Other applicable statute,44.21,170,65,32,4,11,10,0,332314000,241202000,91112100,25369200,25369200,0.6814,Compensation,491,0.2712,0,SYNTHETIC_DEMO,Prototype-only synthetic acquisition record linked to a real Survey of India village boundary; not a government acquisition record.
SYN-ACQ-01168,SYN-PROJ-01168,CHHATTISGARH,Balrampur-Ramanujganj,Balrampur,Piprahi,432039.0,Industrial Corridor,RFCTLARR Act 2013,23.25,50,45,18,4,8,4,0,180607700,119814300,60793400,7129200,3904000,0.5884,Award,364,0.2237,0,SYNTHETIC_DEMO,Prototype-only synthetic acquisition record linked to a real Survey of India village boundary; not a government acquisition record.
SYN-ACQ-01169,SYN-PROJ-01169,CHHATTISGARH,Uttar Bastar Kanker,Charama,FOREST,51.0,Irrigation,Other applicable statute,8.35,196,70,33,27,24,17,2,59562200,59562200,0,19032700,14283600,0.8114,Award,436,0.218,0,SYNTHETIC_DEMO,Prototype-only synthetic acquisition record linked to a real Survey of India village boundary; not a government acquisition record.
SYN-ACQ-01170,SYN-PROJ-01170,CHHATTISGARH,Mahasamund,Mahasamund,Saradih,446258.0,Industrial Corridor,Railways Act 1989,18.88,96,68,6,6,20,19,1,142505900,46478400,96027400,1202000,876700,0.9179,Scrutiny,424,0.3257,0,SYNTHETIC_DEMO,Prototype-only synthetic acquisition record linked to a real Survey of India village boundary; not a government acquisition record.
SYN-ACQ-01171,SYN-PROJ-01171,CHHATTISGARH,Narayanpur,Chhotedongar,Kumhari Chotta,449799.0,Urban Infrastructure,Other applicable statute,35.16,196,130,18,13,17,15,0,327801000,242359900,85441100,14507600,14507600,0.5701,Notification,469,0.1917,0,SYNTHETIC_DEMO,Prototype-only synthetic acquisition record linked to a real Survey of India village boundary; not a government acquisition record.
SYN-ACQ-01172,SYN-PROJ-01172,CHHATTISGARH,Surguja,Udaypur,Ramnagar,433174.0,Urban Infrastructure,Railways Act 1989,61.65,102,135,26,26,7,4,1,478023700,259435800,218587900,8307200,7120800,0.8214,Objection/Hearing,516,0.318,0,SYNTHETIC_DEMO,Prototype-only synthetic acquisition record linked to a real Survey of India village boundary; not a government acquisition record.
SYN-ACQ-01173,SYN-PROJ-01173,CHHATTISGARH,Balod,Gunderdehi,Mundara,442886.0,Urban Infrastructure,Other applicable statute,20.89,71,64,28,11,18,14,0,183993400,145340100,38653300,11516800,7100500,0.6677,Completed,613,0.268,0,SYNTHETIC_DEMO,Prototype-only synthetic acquisition record linked to a real Survey of India village boundary; not a government acquisition record.
SYN-ACQ-01174,SYN-PROJ-01174,CHHATTISGARH,Balod,Gurur,Bharda,443437.0,Railway,RFCTLARR Act 2013,13.43,212,121,26,13,17,11,0,134731700,134731700,0,5287100,2637900,0.6592,Possession,436,0.1806,0,SYNTHETIC_DEMO,Prototype-only synthetic acquisition record linked to a real Survey of India village boundary; not a government acquisition record.
SYN-ACQ-01175,SYN-PROJ-01175,CHHATTISGARH,Balrampur-Ramanujganj,Rajpur,FOREST,51.0,Industrial Corridor,National Highways Act 1956,29.96,84,55,16,16,3,1,1,276463400,195092800,81370600,8763300,6062700,0.7728,Objection/Hearing,417,0.3221,0,SYNTHETIC_DEMO,Prototype-only synthetic acquisition record linked to a real Survey of India village boundary; not a government acquisition record.
SYN-ACQ-01176,SYN-PROJ-01176,CHHATTISGARH,Rajnandgaon,Ghumka,Uparwah,440749.0,Irrigation,National Highways Act 1956,3.99,96,59,22,22,10,8,0,23520800,11310100,12210700,13256000,11650100,0.6319,Possession,768,0.4587,0,SYNTHETIC_DEMO,Prototype-only synthetic acquisition record linked to a real Survey of India village boundary; not a government acquisition record.
SYN-ACQ-01177,SYN-PROJ-01177,CHHATTISGARH,Balrampur-Ramanujganj,Shankargarh,FOREST,51.0,Urban Infrastructure,National Highways Act 1956,21.38,28,6,3,3,3,1,0,151513400,89058300,62455200,2507000,1422600,0.648,Scrutiny,550,0.4641,0,SYNTHETIC_DEMO,Prototype-only synthetic acquisition record linked to a real Survey of India village boundary; not a government acquisition record.
SYN-ACQ-01178,SYN-PROJ-01178,CHHATTISGARH,Jashpur,Bagicha,FOREST,51.0,National Highway,Railways Act 1989,31.77,170,179,50,9,34,31,1,242378200,126695000,115683200,9432100,6179600,0.7355,Award,394,0.089,0,SYNTHETIC_DEMO,Prototype-only synthetic acquisition record linked to a real Survey of India village boundary; not a government acquisition record.
SYN-ACQ-01179,SYN-PROJ-01179,CHHATTISGARH,Uttar Bastar Kanker,Durgkondal,Durgkondal,447767.0,Power Transmission,Railways Act 1989,58.92,69,9,3,3,1,0,0,271400300,72935100,198465100,1098100,864300,0.7125,Notification,385,0.2333,0,SYNTHETIC_DEMO,Prototype-only synthetic acquisition record linked to a real Survey of India village boundary; not a government acquisition record.
SYN-ACQ-01180,SYN-PROJ-01180,CHHATTISGARH,Balod,Daundilohara,Badajungera,443104.0,Power Transmission,Railways Act 1989,43.12,207,159,24,24,40,30,6,205132800,162507400,42625400,18409400,8987900,0.8049,Notification,511,0.2785,0,SYNTHETIC_DEMO,Prototype-only synthetic acquisition record linked to a real Survey of India village boundary; not a government acquisition record.
SYN-ACQ-01181,SYN-PROJ-01181,CHHATTISGARH,Bastar,Bakavand,MARKI R.F.,51.0,Railway,RFCTLARR Act 2013,65.26,142,16,4,4,7,4,0,238711600,235147900,3563700,2801400,1381400,0.8342,Award,312,0.2557,0,SYNTHETIC_DEMO,Prototype-only synthetic acquisition record linked to a real Survey of India village boundary; not a government acquisition record.
SYN-ACQ-01182,SYN-PROJ-01182,CHHATTISGARH,Kabeerdham,Kukdur,Chiyadand,439800.0,Power Transmission,Railways Act 1989,71.42,3,165,10,6,27,24,2,486462500,417488400,68974000,6592500,4879400,0.6974,GIS Verification,270,0.2849,0,SYNTHETIC_DEMO,Prototype-only synthetic acquisition record linked to a real Survey of India village boundary; not a government acquisition record.
SYN-ACQ-01183,SYN-PROJ-01183,CHHATTISGARH,Balodabazar-Bhatapara,Sonakhan,Gajradih,444199.0,Power Transmission,Other applicable statute,58.33,29,165,34,18,44,26,4,235125700,206963700,28162000,29144300,25159000,0.8075,Compensation,510,0.2088,0,SYNTHETIC_DEMO,Prototype-only synthetic acquisition record linked to a real Survey of India village boundary; not a government acquisition record.
SYN-ACQ-01184,SYN-PROJ-01184,CHHATTISGARH,Balod,Balod,Parsoda,443203.0,Power Transmission,Other applicable statute,14.04,101,27,12,11,4,3,1,38549800,27848400,10701500,5095700,4029900,0.8676,Proposal,675,0.3248,0,SYNTHETIC_DEMO,Prototype-only synthetic acquisition record linked to a real Survey of India village boundary; not a government acquisition record.
SYN-ACQ-01185,SYN-PROJ-01185,CHHATTISGARH,Mahasamund,Komakhan,Ghotiya Pani,446600.0,Irrigation,RFCTLARR Act 2013,73.72,134,34,8,8,13,7,1,591160000,213115200,378044800,1445400,1445400,0.9758,Possession,495,0.2609,0,SYNTHETIC_DEMO,Prototype-only synthetic acquisition record linked to a real Survey of India village boundary; not a government acquisition record.
SYN-ACQ-01186,SYN-PROJ-01186,CHHATTISGARH,Korba,Barpali,Ganiyari,436492.0,Power Transmission,National Highways Act 1956,30.76,214,18,4,4,1,0,0,123182500,83680200,39502300,3184100,1828200,0.7486,R&R,456,0.0945,0,SYNTHETIC_DEMO,Prototype-only synthetic acquisition record linked to a real Survey of India village boundary; not a government acquisition record.
SYN-ACQ-01187,SYN-PROJ-01187,CHHATTISGARH,Mungeli,Mungeli,Mungeli (M),801970.0,Railway,RFCTLARR Act 2013,45.9,110,55,28,19,21,15,2,110451700,110451700,0,16849100,13311500,0.8399,Notification,542,0.3756,0,SYNTHETIC_DEMO,Prototype-only synthetic acquisition record linked to a real Survey of India village boundary; not a government acquisition record.
SYN-ACQ-01188,SYN-PROJ-01188,CHHATTISGARH,Rajnandgaon,Ghumka,Khaira,440725.0,Irrigation,Railways Act 1989,52.84,22,62,8,2,18,13,3,498115600,331899100,166216500,2149900,1203800,0.8832,Objection/Hearing,345,0.2367,0,SYNTHETIC_DEMO,Prototype-only synthetic acquisition record linked to a real Survey of India village boundary; not a government acquisition record.
SYN-ACQ-01189,SYN-PROJ-01189,CHHATTISGARH,Gaurela-Pendra-Marwahi,Marwahi,Magurda,437551.0,Industrial Corridor,National Highways Act 1956,9.05,195,68,13,11,16,9,1,99546600,71114200,28432400,4104300,1762900,0.5642,Objection/Hearing,547,0.2835,0,SYNTHETIC_DEMO,Prototype-only synthetic acquisition record linked to a real Survey of India village boundary; not a government acquisition record.
SYN-ACQ-01190,SYN-PROJ-01190,CHHATTISGARH,Dakshin Bastar Dantewada,Bade Bacheli,Kodenar,450244.0,Railway,RFCTLARR Act 2013,40.46,86,36,2,2,16,12,0,290080900,210560100,79520800,477800,297000,0.7,Notification,487,0.255,0,SYNTHETIC_DEMO,Prototype-only synthetic acquisition record linked to a real Survey of India village boundary; not a government acquisition record.
SYN-ACQ-01191,SYN-PROJ-01191,CHHATTISGARH,Gaurela-Pendra-Marwahi,Pendra Road,Achanakmar Amarkantak Biosphere Reserve,51.0,Irrigation,Railways Act 1989,2.23,36,76,5,5,16,9,1,28481900,25684500,2797400,1950500,1014900,0.7034,Award,433,0.1577,0,SYNTHETIC_DEMO,Prototype-only synthetic acquisition record linked to a real Survey of India village boundary; not a government acquisition record.
SYN-ACQ-01192,SYN-PROJ-01192,CHHATTISGARH,Uttar Bastar Kanker,Durgkondal,Odahur,447753.0,Irrigation,Other applicable statute,37.53,41,68,29,12,14,7,2,325032600,282862900,42169700,11938400,7218000,0.9025,Compensation,208,0.0517,0,SYNTHETIC_DEMO,Prototype-only synthetic acquisition record linked to a real Survey of India village boundary; not a government acquisition record.
SYN-ACQ-01193,SYN-PROJ-01193,CHHATTISGARH,Bilaspur,Bilaspur,Fadahakhar (CT),438766.0,Railway,RFCTLARR Act 2013,64.11,49,126,55,28,8,7,0,401919100,280498500,121420600,48925300,46414900,0.6024,Possession,562,0.2209,0,SYNTHETIC_DEMO,Prototype-only synthetic acquisition record linked to a real Survey of India village boundary; not a government acquisition record.
SYN-ACQ-01194,SYN-PROJ-01194,CHHATTISGARH,Bemetara,Nawagarh,Badhuli Kanpa,441709.0,Industrial Corridor,National Highways Act 1956,12.76,76,173,10,10,59,58,5,164495100,103873000,60622100,2542000,1266200,0.5628,Possession,545,0.4731,0,SYNTHETIC_DEMO,Prototype-only synthetic acquisition record linked to a real Survey of India village boundary; not a government acquisition record.
SYN-ACQ-01195,SYN-PROJ-01195,CHHATTISGARH,Raipur,Gobra Nawapara,Bhurka,444658.0,Railway,RFCTLARR Act 2013,10.19,14,131,4,4,16,9,1,98934500,54493900,44440500,1169000,939500,0.7571,GIS Verification,258,0.0507,0,SYNTHETIC_DEMO,Prototype-only synthetic acquisition record linked to a real Survey of India village boundary; not a government acquisition record.
SYN-ACQ-01196,SYN-PROJ-01196,CHHATTISGARH,Janjgir-Champa,Shivrinarayan,Ringhi,436772.0,Urban Infrastructure,Railways Act 1989,52.94,39,52,20,5,10,9,1,402406200,285746000,116660200,5394800,2716300,0.7525,Objection/Hearing,607,0.4394,0,SYNTHETIC_DEMO,Prototype-only synthetic acquisition record linked to a real Survey of India village boundary; not a government acquisition record.
SYN-ACQ-01197,SYN-PROJ-01197,CHHATTISGARH,Sukma,Sukma,Kudkel,450630.0,Power Transmission,Railways Act 1989,55.53,140,71,4,4,25,21,1,498368500,53018600,445349900,1782600,272000,0.9994,Possession,563,0.277,0,SYNTHETIC_DEMO,Prototype-only synthetic acquisition record linked to a real Survey of India village boundary; not a government acquisition record.
SYN-ACQ-01198,SYN-PROJ-01198,CHHATTISGARH,Manendragarh-Chirmiri-Bharatpur (MCB),Bharatpur,Sirkhola,431230.0,Industrial Corridor,Railways Act 1989,62.13,148,147,50,28,41,16,3,206541400,45269500,161271900,37063700,37063700,0.7262,Award,489,0.1471,0,SYNTHETIC_DEMO,Prototype-only synthetic acquisition record linked to a real Survey of India village boundary; not a government acquisition record.
SYN-ACQ-01199,SYN-PROJ-01199,CHHATTISGARH,Balrampur-Ramanujganj,Daura-Kochali,Makro,431970.0,Power Transmission,National Highways Act 1956,11.77,192,131,22,22,29,25,3,65774700,30679800,35094900,3578600,3520400,0.5717,Possession,747,0.5241,0,SYNTHETIC_DEMO,Prototype-only synthetic acquisition record linked to a real Survey of India village boundary; not a government acquisition record.
SYN-ACQ-01200,SYN-PROJ-01200,CHHATTISGARH,Bemetara,Thankhamariya,Gatapar,442203.0,Urban Infrastructure,Other applicable statute,64.15,29,137,5,5,41,29,6,441226700,380573200,60653400,2307400,921800,0.9464,Scrutiny,401,0.0362,0,SYNTHETIC_DEMO,Prototype-only synthetic acquisition record linked to a real Survey of India village boundary; not a government acquisition record.
SYN-ACQ-01201,SYN-PROJ-01201,CHHATTISGARH,Mahasamund,Basna,Padkipali,445723.0,Railway,RFCTLARR Act 2013,63.67,25,150,18,17,6,4,0,481741500,438554800,43186700,10146600,7893700,0.7833,Proposal,341,0.0478,0,SYNTHETIC_DEMO,Prototype-only synthetic acquisition record linked to a real Survey of India village boundary; not a government acquisition record.
SYN-ACQ-01202,SYN-PROJ-01202,CHHATTISGARH,Raigarh,Raigarh,Mauhapali,434898.0,Power Transmission,RFCTLARR Act 2013,16.86,67,52,8,8,10,7,0,55107600,12080200,43027400,1700400,733500,0.9589,Award,497,0.3966,0,SYNTHETIC_DEMO,Prototype-only synthetic acquisition record linked to a real Survey of India village boundary; not a government acquisition record.
SYN-ACQ-01203,SYN-PROJ-01203,CHHATTISGARH,Balod,Balod,Khapri,443177.0,Urban Infrastructure,Railways Act 1989,12.9,159,18,6,6,2,1,0,100914800,95489100,5425800,2195700,1881900,0.6355,Notification,280,0.1154,0,SYNTHETIC_DEMO,Prototype-only synthetic acquisition record linked to a real Survey of India village boundary; not a government acquisition record.
SYN-ACQ-01204,SYN-PROJ-01204,CHHATTISGARH,Gariyaband,Gariyaband,Deoribahara,445132.0,Irrigation,National Highways Act 1956,68.2,166,116,12,11,36,27,1,299307900,240183900,59123900,6551000,3716900,0.7134,Award,551,0.2672,0,SYNTHETIC_DEMO,Prototype-only synthetic acquisition record linked to a real Survey of India village boundary; not a government acquisition record.
SYN-ACQ-01205,SYN-PROJ-01205,CHHATTISGARH,Raipur,Mandir Hasoud,Kukra,444495.0,Urban Infrastructure,Other applicable statute,26.88,39,74,15,15,24,22,2,156313700,45868700,110445100,11742800,7941600,0.8542,Possession,177,0.1694,0,SYNTHETIC_DEMO,Prototype-only synthetic acquisition record linked to a real Survey of India village boundary; not a government acquisition record.
SYN-ACQ-01206,SYN-PROJ-01206,CHHATTISGARH,Balrampur-Ramanujganj,Ramchandrapur,Uchruwa,431863.0,Power Transmission,RFCTLARR Act 2013,65.03,78,141,33,23,47,42,4,234351400,234351400,0,17889500,12309100,0.9529,Compensation,234,0.0,0,SYNTHETIC_DEMO,Prototype-only synthetic acquisition record linked to a real Survey of India village boundary; not a government acquisition record.
SYN-ACQ-01207,SYN-PROJ-01207,CHHATTISGARH,Gariyaband,Chhura,Anjoradih,445318.0,Railway,National Highways Act 1956,49.29,93,26,3,3,2,1,1,209545000,164384200,45160800,681100,504400,0.7056,Completed,619,0.3484,0,SYNTHETIC_DEMO,Prototype-only synthetic acquisition record linked to a real Survey of India village boundary; not a government acquisition record.
SYN-ACQ-01208,SYN-PROJ-01208,CHHATTISGARH,Mahasamund,Mahasamund,Sinodha,446143.0,National Highway,RFCTLARR Act 2013,67.72,36,158,79,12,56,35,3,396970600,294724300,102246200,52362700,47380700,0.6842,Award,519,0.2783,0,SYNTHETIC_DEMO,Prototype-only synthetic acquisition record linked to a real Survey of India village boundary; not a government acquisition record.
SYN-ACQ-01209,SYN-PROJ-01209,CHHATTISGARH,Sakti,Malkharoda,Bhathora,437232.0,Industrial Corridor,RFCTLARR Act 2013,10.03,163,32,10,10,6,3,0,93703700,66464600,27239100,3861000,2388600,0.7196,Scrutiny,512,0.168,0,SYNTHETIC_DEMO,Prototype-only synthetic acquisition record linked to a real Survey of India village boundary; not a government acquisition record.
SYN-ACQ-01210,SYN-PROJ-01210,CHHATTISGARH,Mahasamund,Mahasamund,Khamtarai,446091.0,Railway,National Highways Act 1956,71.37,133,61,14,14,6,2,1,210938600,210938600,0,4917300,3479900,0.8996,Possession,256,0.0,0,SYNTHETIC_DEMO,Prototype-only synthetic acquisition record linked to a real Survey of India village boundary; not a government acquisition record.
SYN-ACQ-01211,SYN-PROJ-01211,CHHATTISGARH,Korba,Barpali,Kachora,436433.0,Railway,RFCTLARR Act 2013,11.03,13,102,26,26,12,7,1,55576100,39057500,16518600,21801600,9723900,0.5545,Proposal,441,0.295,0,SYNTHETIC_DEMO,Prototype-only synthetic acquisition record linked to a real Survey of India village boundary; not a government acquisition record.
SYN-ACQ-01212,SYN-PROJ-01212,CHHATTISGARH,Bilaspur,Beltara,Parsada,438724.0,National Highway,Other applicable statute,6.83,22,92,9,9,23,10,3,31502700,31502700,0,1571600,839000,0.7705,Completed,314,0.1069,0,SYNTHETIC_DEMO,Prototype-only synthetic acquisition record linked to a real Survey of India village boundary; not a government acquisition record.
SYN-ACQ-01213,SYN-PROJ-01213,CHHATTISGARH,Gariyaband,Gariyaband,Kosambuda,445109.0,Power Transmission,Other applicable statute,15.94,86,175,76,10,39,22,0,221068000,174979600,46088400,30310000,29088100,0.8942,Award,714,0.3519,0,SYNTHETIC_DEMO,Prototype-only synthetic acquisition record linked to a real Survey of India village boundary; not a government acquisition record.
SYN-ACQ-01214,SYN-PROJ-01214,CHHATTISGARH,Dhamtari,Kukrel,Borsi,446904.0,National Highway,RFCTLARR Act 2013,40.74,54,123,62,20,9,8,3,382025300,382025300,0,36618900,18456200,0.6884,Proposal,564,0.3511,0,SYNTHETIC_DEMO,Prototype-only synthetic acquisition record linked to a real Survey of India village boundary; not a government acquisition record.
SYN-ACQ-01215,SYN-PROJ-01215,CHHATTISGARH,Khairagarh-Chhuikhadan-Gandai,Khairagarh,Pircha Pahad,440322.0,Urban Infrastructure,Railways Act 1989,32.17,51,42,11,8,4,3,0,297078800,162437400,134641400,6637800,5685900,0.608,Award,504,0.2547,0,SYNTHETIC_DEMO,Prototype-only synthetic acquisition record linked to a real Survey of India village boundary; not a government acquisition record.
SYN-ACQ-01216,SYN-PROJ-01216,CHHATTISGARH,Bemetara,Darhi,Udtala,441883.0,National Highway,National Highways Act 1956,34.91,136,35,18,13,7,5,0,103635600,22298400,81337200,8046800,6187100,0.8353,Possession,664,0.4432,0,SYNTHETIC_DEMO,Prototype-only synthetic acquisition record linked to a real Survey of India village boundary; not a government acquisition record.
SYN-ACQ-01217,SYN-PROJ-01217,CHHATTISGARH,Korba,Kartala,Tenganmar,436531.0,Irrigation,Other applicable statute,61.3,141,48,1,1,9,5,0,266021400,173770000,92251400,840700,622500,0.5948,Compensation,622,0.3244,0,SYNTHETIC_DEMO,Prototype-only synthetic acquisition record linked to a real Survey of India village boundary; not a government acquisition record.
SYN-ACQ-01218,SYN-PROJ-01218,CHHATTISGARH,Korba,Barpali,Navapara,436478.0,Power Transmission,Other applicable statute,8.85,207,157,2,2,48,23,2,60922700,50436600,10486100,1529100,966700,0.7299,Notification,527,0.182,0,SYNTHETIC_DEMO,Prototype-only synthetic acquisition record linked to a real Survey of India village boundary; not a government acquisition record.
SYN-ACQ-01219,SYN-PROJ-01219,CHHATTISGARH,Balod,Daundi,Markatola,443316.0,Irrigation,National Highways Act 1956,66.83,42,146,57,10,45,30,1,397876400,332027400,65849000,44762700,44762700,0.9145,Possession,211,0.0915,0,SYNTHETIC_DEMO,Prototype-only synthetic acquisition record linked to a real Survey of India village boundary; not a government acquisition record.
SYN-ACQ-01220,SYN-PROJ-01220,CHHATTISGARH,Sakti,Adbhar,Charoudi,437249.0,Industrial Corridor,Railways Act 1989,13.23,71,64,2,2,17,11,2,70230600,65875400,4355300,1716500,1430500,0.7403,GIS Verification,470,0.0434,0,SYNTHETIC_DEMO,Prototype-only synthetic acquisition record linked to a real Survey of India village boundary; not a government acquisition record.
SYN-ACQ-01221,SYN-PROJ-01221,CHHATTISGARH,Jashpur,Bagbahar,Khada Macha,434314.0,Industrial Corridor,Other applicable statute,46.47,77,38,4,4,6,5,1,239385400,168206200,71179200,3162600,3106700,0.8332,Possession,520,0.4231,0,SYNTHETIC_DEMO,Prototype-only synthetic acquisition record linked to a real Survey of India village boundary; not a government acquisition record.
SYN-ACQ-01222,SYN-PROJ-01222,CHHATTISGARH,Bemetara,Nandghat,Sonpuri,441826.0,Railway,Railways Act 1989,42.21,110,128,41,7,35,22,0,208888400,136245300,72643100,26943100,19785100,0.8783,Possession,451,0.1725,0,SYNTHETIC_DEMO,Prototype-only synthetic acquisition record linked to a real Survey of India village boundary; not a government acquisition record.
SYN-ACQ-01223,SYN-PROJ-01223,CHHATTISGARH,Kabeerdham,Pandariya,Kapadah,439875.0,Power Transmission,Other applicable statute,51.51,16,23,9,3,4,2,0,403614000,143753000,259861000,5829200,3728100,0.8245,Possession,581,0.2843,0,SYNTHETIC_DEMO,Prototype-only synthetic acquisition record linked to a real Survey of India village boundary; not a government acquisition record.
SYN-ACQ-01224,SYN-PROJ-01224,CHHATTISGARH,Balrampur-Ramanujganj,Rajpur,Karji,433279.0,Power Transmission,Railways Act 1989,71.58,113,52,15,6,15,8,0,631121500,450811400,180310100,9719200,5024000,0.9964,Notification,471,0.1557,0,SYNTHETIC_DEMO,Prototype-only synthetic acquisition record linked to a real Survey of India village boundary; not a government acquisition record.
SYN-ACQ-01225,SYN-PROJ-01225,CHHATTISGARH,Kabeerdham,Kukdur,Saraipani,439777.0,Irrigation,National Highways Act 1956,37.21,36,83,16,7,15,8,2,130275400,96596700,33678700,11325200,6259000,0.6939,Objection/Hearing,566,0.3945,0,SYNTHETIC_DEMO,Prototype-only synthetic acquisition record linked to a real Survey of India village boundary; not a government acquisition record.
SYN-ACQ-01226,SYN-PROJ-01226,CHHATTISGARH,Manendragarh-Chirmiri-Bharatpur (MCB),Khadganva,Belkamar,431753.0,Irrigation,RFCTLARR Act 2013,29.92,171,113,8,8,13,8,0,210149200,161767800,48381400,4921200,3176600,0.8327,R&R,490,0.2329,0,SYNTHETIC_DEMO,Prototype-only synthetic acquisition record linked to a real Survey of India village boundary; not a government acquisition record.
SYN-ACQ-01227,SYN-PROJ-01227,CHHATTISGARH,Janjgir-Champa,Pamgarh,Bhainso,437032.0,Irrigation,Railways Act 1989,74.71,215,128,54,31,32,23,1,717667100,441050700,276616300,32556200,6897600,0.9473,Compensation,716,0.4509,0,SYNTHETIC_DEMO,Prototype-only synthetic acquisition record linked to a real Survey of India village boundary; not a government acquisition record.
SYN-ACQ-01228,SYN-PROJ-01228,CHHATTISGARH,Balodabazar-Bhatapara,Balodabazar,Pausari,443734.0,Industrial Corridor,Other applicable statute,46.82,66,165,82,24,21,17,4,197721400,123310800,74410600,70915900,34947900,0.5576,Possession,472,0.2531,0,SYNTHETIC_DEMO,Prototype-only synthetic acquisition record linked to a real Survey of India village boundary; not a government acquisition record.
SYN-ACQ-01229,SYN-PROJ-01229,CHHATTISGARH,Manendragarh-Chirmiri-Bharatpur (MCB),Manendragarh,Belbahara,431702.0,Irrigation,RFCTLARR Act 2013,24.92,208,166,35,35,59,49,8,116009200,116009200,0,21227100,12834500,0.7925,Award,476,0.1785,0,SYNTHETIC_DEMO,Prototype-only synthetic acquisition record linked to a real Survey of India village boundary; not a government acquisition record.
SYN-ACQ-01230,SYN-PROJ-01230,CHHATTISGARH,Uttar Bastar Kanker,Antagarh,Bhainsgaon,448166.0,Irrigation,Other applicable statute,21.85,217,96,38,37,2,1,1,196585300,158147100,38438200,26090400,15584900,0.7604,Proposal,599,0.2721,0,SYNTHETIC_DEMO,Prototype-only synthetic acquisition record linked to a real Survey of India village boundary; not a government acquisition record.
SYN-ACQ-01231,SYN-PROJ-01231,CHHATTISGARH,Bilaspur,Masturi,Bhadaura,438777.0,Irrigation,Railways Act 1989,9.49,97,156,70,37,23,13,0,68913300,31479500,37433800,28434200,19672700,0.9731,Notification,602,0.2375,0,SYNTHETIC_DEMO,Prototype-only synthetic acquisition record linked to a real Survey of India village boundary; not a government acquisition record.
SYN-ACQ-01232,SYN-PROJ-01232,CHHATTISGARH,Balod,Daundi,Khamur Tola,443267.0,Urban Infrastructure,Other applicable statute,28.2,73,8,3,3,2,1,0,208019900,146938100,61081700,1795500,1039900,0.8274,Possession,578,0.3567,0,SYNTHETIC_DEMO,Prototype-only synthetic acquisition record linked to a real Survey of India village boundary; not a government acquisition record.
SYN-ACQ-01233,SYN-PROJ-01233,CHHATTISGARH,Bilaspur,Seepat,Machkhanda,438793.0,National Highway,Other applicable statute,53.23,137,43,3,3,14,9,0,218197900,159524100,58673800,985400,850100,0.561,Scrutiny,564,0.3765,0,SYNTHETIC_DEMO,Prototype-only synthetic acquisition record linked to a real Survey of India village boundary; not a government acquisition record.
SYN-ACQ-01234,SYN-PROJ-01234,CHHATTISGARH,Korba,Pali,FOREST,51.0,Railway,National Highways Act 1956,15.96,15,119,7,7,5,2,1,115708600,72952800,42755800,2605900,1732200,0.5816,Compensation,460,0.4085,0,SYNTHETIC_DEMO,Prototype-only synthetic acquisition record linked to a real Survey of India village boundary; not a government acquisition record.
SYN-ACQ-01235,SYN-PROJ-01235,CHHATTISGARH,Balodabazar-Bhatapara,Balodabazar,Chhuiha Malgujari,443739.0,Urban Infrastructure,Other applicable statute,26.97,51,163,12,12,60,25,4,186034900,72177000,113857900,7426300,5138100,0.8751,R&R,777,0.4583,0,SYNTHETIC_DEMO,Prototype-only synthetic acquisition record linked to a real Survey of India village boundary; not a government acquisition record.
SYN-ACQ-01236,SYN-PROJ-01236,CHHATTISGARH,Balodabazar-Bhatapara,Kasdol,Sonaidih,444035.0,Industrial Corridor,RFCTLARR Act 2013,59.67,27,69,29,29,26,15,5,261583900,211767600,49816300,17909600,10734500,0.7404,Compensation,213,0.0117,0,SYNTHETIC_DEMO,Prototype-only synthetic acquisition record linked to a real Survey of India village boundary; not a government acquisition record.
SYN-ACQ-01237,SYN-PROJ-01237,CHHATTISGARH,Mohla-Manpur-Ambagarh Chouki,Ambagarh Chouki,Boirdih,441611.0,Power Transmission,Railways Act 1989,54.52,131,129,42,22,37,32,2,300245300,218731900,81513300,8679000,7166600,0.822,Objection/Hearing,400,0.1993,0,SYNTHETIC_DEMO,Prototype-only synthetic acquisition record linked to a real Survey of India village boundary; not a government acquisition record.
SYN-ACQ-01238,SYN-PROJ-01238,CHHATTISGARH,Narayanpur,Orchha,Rengabeda,449994.0,Power Transmission,Other applicable statute,74.97,141,31,7,7,13,6,1,515348400,163963100,351385300,2609100,1649700,0.7159,Completed,446,0.3102,0,SYNTHETIC_DEMO,Prototype-only synthetic acquisition record linked to a real Survey of India village boundary; not a government acquisition record.
SYN-ACQ-01239,SYN-PROJ-01239,CHHATTISGARH,Jashpur,Jashpur,FOREST,51.0,Industrial Corridor,National Highways Act 1956,21.08,77,39,12,11,1,0,0,152165800,56125200,96040600,9804700,7458100,0.6343,Completed,466,0.3189,0,SYNTHETIC_DEMO,Prototype-only synthetic acquisition record linked to a real Survey of India village boundary; not a government acquisition record.
SYN-ACQ-01240,SYN-PROJ-01240,CHHATTISGARH,Surguja,Lakhanpur,Kanchanpur,433129.0,Irrigation,Other applicable statute,62.18,127,64,25,21,24,20,4,568473600,545042500,23431100,6753700,2845400,0.7122,Scrutiny,485,0.2088,0,SYNTHETIC_DEMO,Prototype-only synthetic acquisition record linked to a real Survey of India village boundary; not a government acquisition record.
SYN-ACQ-01241,SYN-PROJ-01241,CHHATTISGARH,Bijapur,Bhopalpattnam,Anchoda,450793.0,Railway,Other applicable statute,33.66,199,139,29,4,45,30,5,225759700,123781900,101977800,12455400,6607100,0.8123,Completed,706,0.3298,0,SYNTHETIC_DEMO,Prototype-only synthetic acquisition record linked to a real Survey of India village boundary; not a government acquisition record.
SYN-ACQ-01242,SYN-PROJ-01242,CHHATTISGARH,Raigarh,Lailunga,Bagudega,434533.0,Irrigation,Railways Act 1989,13.06,136,170,56,22,25,15,1,105294000,82757800,22536200,13816400,6766100,0.7797,Objection/Hearing,192,0.1864,0,SYNTHETIC_DEMO,Prototype-only synthetic acquisition record linked to a real Survey of India village boundary; not a government acquisition record.
SYN-ACQ-01243,SYN-PROJ-01243,CHHATTISGARH,Sakti,Adbhar,Bandora,437257.0,Industrial Corridor,National Highways Act 1956,1.49,210,108,17,16,24,14,3,52600400,11732900,40867400,4826400,3441200,0.9103,Completed,494,0.3139,0,SYNTHETIC_DEMO,Prototype-only synthetic acquisition record linked to a real Survey of India village boundary; not a government acquisition record.
SYN-ACQ-01244,SYN-PROJ-01244,CHHATTISGARH,Balod,Marri Bangla (Deori),Che.B. Nawagaon,442939.0,Irrigation,National Highways Act 1956,8.98,51,122,61,25,22,12,0,57901600,55937000,1964500,19150600,5681900,0.6604,Completed,367,0.2524,0,SYNTHETIC_DEMO,Prototype-only synthetic acquisition record linked to a real Survey of India village boundary; not a government acquisition record.
SYN-ACQ-01245,SYN-PROJ-01245,CHHATTISGARH,Sukma,Dornapal,Godelguda,450359.0,National Highway,Railways Act 1989,64.63,35,155,31,31,60,54,7,195984100,134193900,61790200,21040600,16492100,0.5692,R&R,308,0.2973,0,SYNTHETIC_DEMO,Prototype-only synthetic acquisition record linked to a real Survey of India village boundary; not a government acquisition record.
SYN-ACQ-01246,SYN-PROJ-01246,CHHATTISGARH,Dhamtari,Kukrel,Banbagaud,447181.0,Power Transmission,Railways Act 1989,64.31,209,24,1,1,1,0,0,568288300,404510100,163778200,807800,467200,0.823,Notification,258,0.0228,0,SYNTHETIC_DEMO,Prototype-only synthetic acquisition record linked to a real Survey of India village boundary; not a government acquisition record.
SYN-ACQ-01247,SYN-PROJ-01247,CHHATTISGARH,Korba,Kartala,Beharchuwa,436510.0,Power Transmission,National Highways Act 1956,14.56,50,92,45,13,19,16,2,132787400,76032300,56755100,37132800,27623900,0.7748,R&R,416,0.3351,0,SYNTHETIC_DEMO,Prototype-only synthetic acquisition record linked to a real Survey of India village boundary; not a government acquisition record.
SYN-ACQ-01248,SYN-PROJ-01248,CHHATTISGARH,Gariyaband,Gariyaband,Bhaisatara,445118.0,Irrigation,Other applicable statute,47.14,29,27,2,2,0,0,0,317274000,245939200,71334800,1406000,1111200,0.6299,Completed,417,0.177,0,SYNTHETIC_DEMO,Prototype-only synthetic acquisition record linked to a real Survey of India village boundary; not a government acquisition record.
SYN-ACQ-01249,SYN-PROJ-01249,CHHATTISGARH,Mungeli,Mungeli,Tulsikapa,438185.0,Railway,Other applicable statute,27.59,165,167,51,9,18,13,0,141425600,85769600,55656000,30070200,14174400,0.5566,R&R,682,0.396,0,SYNTHETIC_DEMO,Prototype-only synthetic acquisition record linked to a real Survey of India village boundary; not a government acquisition record.
SYN-ACQ-01250,SYN-PROJ-01250,CHHATTISGARH,Kabeerdham,Rengakharkala,Dadu Tola,439430.0,Urban Infrastructure,Railways Act 1989,26.15,207,46,20,2,11,8,2,224214600,132878200,91336300,4260500,2386400,0.8211,Compensation,475,0.3625,0,SYNTHETIC_DEMO,Prototype-only synthetic acquisition record linked to a real Survey of India village boundary; not a government acquisition record.
SYN-ACQ-01251,SYN-PROJ-01251,CHHATTISGARH,Mahasamund,Pithora,Paraswani,446494.0,National Highway,Railways Act 1989,59.97,41,166,56,39,27,22,0,346431600,343925600,2506000,29101100,12349000,0.583,Proposal,172,0.0063,0,SYNTHETIC_DEMO,Prototype-only synthetic acquisition record linked to a real Survey of India village boundary; not a government acquisition record.
SYN-ACQ-01252,SYN-PROJ-01252,CHHATTISGARH,Sakti,Sakti,Sonthi,436973.0,Urban Infrastructure,RFCTLARR Act 2013,0.97,20,154,74,19,24,10,1,13511100,8367100,5144000,66295300,53896000,0.7875,Notification,493,0.2296,0,SYNTHETIC_DEMO,Prototype-only synthetic acquisition record linked to a real Survey of India village boundary; not a government acquisition record.
SYN-ACQ-01253,SYN-PROJ-01253,CHHATTISGARH,Balod,Balod,Bheriya Nawagaon,443185.0,Irrigation,Railways Act 1989,12.72,135,177,53,38,35,22,5,35274900,35274900,0,41026200,24730100,0.7395,Objection/Hearing,682,0.0696,0,SYNTHETIC_DEMO,Prototype-only synthetic acquisition record linked to a real Survey of India village boundary; not a government acquisition record.
SYN-ACQ-01254,SYN-PROJ-01254,CHHATTISGARH,Mohla-Manpur-Ambagarh Chouki,Manpur,Kahgaon,441424.0,National Highway,RFCTLARR Act 2013,63.98,178,136,54,1,14,9,0,271271100,152496000,118775200,16687200,14573700,0.7051,Compensation,565,0.2917,0,SYNTHETIC_DEMO,Prototype-only synthetic acquisition record linked to a real Survey of India village boundary; not a government acquisition record.
SYN-ACQ-01255,SYN-PROJ-01255,CHHATTISGARH,Mahasamund,Basna,Chanat,445704.0,Industrial Corridor,National Highways Act 1956,61.91,16,7,2,2,2,1,0,327996000,145775900,182220200,1266900,514100,0.8718,Notification,370,0.2792,0,SYNTHETIC_DEMO,Prototype-only synthetic acquisition record linked to a real Survey of India village boundary; not a government acquisition record.
SYN-ACQ-01256,SYN-PROJ-01256,CHHATTISGARH,Durg,Bori,Dodki,442450.0,Irrigation,Railways Act 1989,26.89,58,40,1,1,7,3,1,256164600,137037000,119127600,279900,56100,0.6433,Award,538,0.3613,0,SYNTHETIC_DEMO,Prototype-only synthetic acquisition record linked to a real Survey of India village boundary; not a government acquisition record.
SYN-ACQ-01257,SYN-PROJ-01257,CHHATTISGARH,Bastar,Jagdalpur,Khutpadar,449055.0,Power Transmission,Railways Act 1989,1.94,94,163,9,9,15,12,1,33724200,33597900,126300,5270100,1774200,0.6721,Award,505,0.1307,0,SYNTHETIC_DEMO,Prototype-only synthetic acquisition record linked to a real Survey of India village boundary; not a government acquisition record.
SYN-ACQ-01258,SYN-PROJ-01258,CHHATTISGARH,Jashpur,Farsabahar,FOREST,51.0,Power Transmission,National Highways Act 1956,69.56,178,133,5,5,12,5,2,355676900,209991500,145685400,1651800,298400,0.6332,Compensation,442,0.2545,0,SYNTHETIC_DEMO,Prototype-only synthetic acquisition record linked to a real Survey of India village boundary; not a government acquisition record.
SYN-ACQ-01259,SYN-PROJ-01259,CHHATTISGARH,Sakti,Chandrapur,Bhainsamuhan,437201.0,National Highway,National Highways Act 1956,10.6,149,168,35,35,50,33,0,73045500,64025000,9020400,7684900,4037500,0.7153,Possession,717,0.3332,0,SYNTHETIC_DEMO,Prototype-only synthetic acquisition record linked to a real Survey of India village boundary; not a government acquisition record.
SYN-ACQ-01260,SYN-PROJ-01260,CHHATTISGARH,Sukma,Konta,Kasalpar,450511.0,National Highway,National Highways Act 1956,58.25,76,106,40,31,25,22,1,213501500,116794600,96706800,18119400,7430600,0.7957,Compensation,466,0.1842,0,SYNTHETIC_DEMO,Prototype-only synthetic acquisition record linked to a real Survey of India village boundary; not a government acquisition record.
SYN-ACQ-01261,SYN-PROJ-01261,CHHATTISGARH,Narayanpur,Kohkameta,Jharawahi,449935.0,Power Transmission,Other applicable statute,46.19,109,134,53,14,49,26,0,407832600,197487000,210345600,34460200,25328600,0.7011,GIS Verification,635,0.3427,0,SYNTHETIC_DEMO,Prototype-only synthetic acquisition record linked to a real Survey of India village boundary; not a government acquisition record.
SYN-ACQ-01262,SYN-PROJ-01262,CHHATTISGARH,Bijapur,Usur,Kasiguda,450895.0,Railway,National Highways Act 1956,18.8,95,25,13,13,6,2,1,128048100,89096100,38952000,4092500,1950100,0.9122,Compensation,509,0.4004,0,SYNTHETIC_DEMO,Prototype-only synthetic acquisition record linked to a real Survey of India village boundary; not a government acquisition record.
SYN-ACQ-01263,SYN-PROJ-01263,CHHATTISGARH,Gariyaband,Gariyaband,Mardakalan,445155.0,National Highway,Other applicable statute,17.06,108,112,16,7,21,12,1,166160000,140565400,25594600,13500600,8340600,0.9875,Completed,456,0.1738,0,SYNTHETIC_DEMO,Prototype-only synthetic acquisition record linked to a real Survey of India village boundary; not a government acquisition record.
SYN-ACQ-01264,SYN-PROJ-01264,CHHATTISGARH,Sarangarh-Bilaigarh,Sarangarh,Farswani,435520.0,Power Transmission,Other applicable statute,2.37,193,157,73,34,30,18,6,45381200,29125600,16255600,13487600,7984900,0.8771,Notification,656,0.2852,0,SYNTHETIC_DEMO,Prototype-only synthetic acquisition record linked to a real Survey of India village boundary; not a government acquisition record.
SYN-ACQ-01265,SYN-PROJ-01265,CHHATTISGARH,Balodabazar-Bhatapara,Bhatapara,Bitkuli,443678.0,Irrigation,RFCTLARR Act 2013,36.08,198,179,79,11,50,21,6,119780900,91512500,28268300,11866600,4185700,0.9726,Award,538,0.3654,0,SYNTHETIC_DEMO,Prototype-only synthetic acquisition record linked to a real Survey of India village boundary; not a government acquisition record.
SYN-ACQ-01266,SYN-PROJ-01266,CHHATTISGARH,Bastar,Bakavand,Kanapal,449464.0,Irrigation,Railways Act 1989,25.85,170,163,73,39,50,24,1,200083000,112155500,87927600,47046400,29822800,0.7956,Objection/Hearing,728,0.2567,0,SYNTHETIC_DEMO,Prototype-only synthetic acquisition record linked to a real Survey of India village boundary; not a government acquisition record.
SYN-ACQ-01267,SYN-PROJ-01267,CHHATTISGARH,Manendragarh-Chirmiri-Bharatpur (MCB),Kelhari,Pasauri,431623.0,Industrial Corridor,Other applicable statute,48.22,11,23,2,2,7,6,0,311727700,226852600,84875100,1510200,1190200,0.8486,R&R,168,0.0162,0,SYNTHETIC_DEMO,Prototype-only synthetic acquisition record linked to a real Survey of India village boundary; not a government acquisition record.
SYN-ACQ-01268,SYN-PROJ-01268,CHHATTISGARH,Manendragarh-Chirmiri-Bharatpur (MCB),Bharatpur,Tartora,431272.0,Urban Infrastructure,Other applicable statute,46.77,48,167,71,23,10,8,0,376638000,343807300,32830700,25932100,13158200,0.7725,GIS Verification,462,0.2005,0,SYNTHETIC_DEMO,Prototype-only synthetic acquisition record linked to a real Survey of India village boundary; not a government acquisition record.
SYN-ACQ-01269,SYN-PROJ-01269,CHHATTISGARH,Kabeerdham,Bodla,Labda,439268.0,Railway,Railways Act 1989,6.45,190,138,14,10,36,21,5,63358200,53639200,9718900,12002300,12002300,0.8207,Award,476,0.1098,0,SYNTHETIC_DEMO,Prototype-only synthetic acquisition record linked to a real Survey of India village boundary; not a government acquisition record.
SYN-ACQ-01270,SYN-PROJ-01270,CHHATTISGARH,Korea,Sonhat,Ghugra,431580.0,National Highway,Railways Act 1989,15.66,210,17,8,8,4,3,0,64143400,35956400,28187000,4375500,1870500,0.9914,Possession,201,0.0526,0,SYNTHETIC_DEMO,Prototype-only synthetic acquisition record linked to a real Survey of India village boundary; not a government acquisition record.
SYN-ACQ-01271,SYN-PROJ-01271,CHHATTISGARH,Bijapur,Usur,FOREST,51.0,Industrial Corridor,RFCTLARR Act 2013,19.86,20,173,70,26,57,31,5,149575300,102879500,46695900,28736400,23559500,0.5796,Objection/Hearing,577,0.423,0,SYNTHETIC_DEMO,Prototype-only synthetic acquisition record linked to a real Survey of India village boundary; not a government acquisition record.
SYN-ACQ-01272,SYN-PROJ-01272,CHHATTISGARH,Kondagaon,Pharasgaon,Jaitpuri,449028.0,Power Transmission,Other applicable statute,0.47,60,125,31,22,10,6,0,38651700,20380400,18271400,8602600,8342500,0.7949,Award,592,0.3039,0,SYNTHETIC_DEMO,Prototype-only synthetic acquisition record linked to a real Survey of India village boundary; not a government acquisition record.
SYN-ACQ-01273,SYN-PROJ-01273,CHHATTISGARH,Gariyaband,Fingeshwar,Polkarra,444813.0,Railway,Railways Act 1989,49.46,208,157,36,13,29,11,2,434932000,219923800,215008300,21707800,21530000,0.835,R&R,480,0.1417,0,SYNTHETIC_DEMO,Prototype-only synthetic acquisition record linked to a real Survey of India village boundary; not a government acquisition record.
SYN-ACQ-01274,SYN-PROJ-01274,CHHATTISGARH,Surguja,Sitapur,Lalitpur,433474.0,Power Transmission,Railways Act 1989,67.52,118,173,50,1,44,36,0,622464500,220379200,402085300,16995400,11014000,0.6816,Award,569,0.2896,0,SYNTHETIC_DEMO,Prototype-only synthetic acquisition record linked to a real Survey of India village boundary; not a government acquisition record.
SYN-ACQ-01275,SYN-PROJ-01275,CHHATTISGARH,Raipur,Kharora,Deogaon,444976.0,Railway,RFCTLARR Act 2013,28.7,93,92,2,2,7,4,1,186763300,185062200,1701100,909900,391400,0.7787,Completed,434,0.1495,0,SYNTHETIC_DEMO,Prototype-only synthetic acquisition record linked to a real Survey of India village boundary; not a government acquisition record.
SYN-ACQ-01276,SYN-PROJ-01276,CHHATTISGARH,Bastar,Bakavand,Mangnar,449414.0,Urban Infrastructure,Other applicable statute,59.69,120,117,5,5,43,21,3,214828600,117560300,97268300,4356400,3682800,0.5747,Possession,593,0.2875,0,SYNTHETIC_DEMO,Prototype-only synthetic acquisition record linked to a real Survey of India village boundary; not a government acquisition record.
SYN-ACQ-01277,SYN-PROJ-01277,CHHATTISGARH,Khairagarh-Chhuikhadan-Gandai,Khairagarh,Deori,440319.0,Power Transmission,RFCTLARR Act 2013,30.07,167,75,25,25,18,8,1,267820900,228743300,39077600,22328600,14745200,0.6892,Award,547,0.3109,0,SYNTHETIC_DEMO,Prototype-only synthetic acquisition record linked to a real Survey of India village boundary; not a government acquisition record.
SYN-ACQ-01278,SYN-PROJ-01278,CHHATTISGARH,Manendragarh-Chirmiri-Bharatpur (MCB),Kelhari,Shivgarh,431654.0,Industrial Corridor,National Highways Act 1956,6.21,205,72,5,1,29,14,0,64561900,32613300,31948600,2188100,2075500,0.8041,Compensation,507,0.2389,0,SYNTHETIC_DEMO,Prototype-only synthetic acquisition record linked to a real Survey of India village boundary; not a government acquisition record.
SYN-ACQ-01279,SYN-PROJ-01279,CHHATTISGARH,Sukma,Dornapal,Misma,450287.0,Power Transmission,National Highways Act 1956,65.54,198,49,5,5,7,4,0,148802100,105718200,43083900,2461900,1529300,0.9054,R&R,316,0.2833,0,SYNTHETIC_DEMO,Prototype-only synthetic acquisition record linked to a real Survey of India village boundary; not a government acquisition record.
SYN-ACQ-01280,SYN-PROJ-01280,CHHATTISGARH,Balod,Marri Bangla (Deori),Shikaritola,443017.0,Urban Infrastructure,Railways Act 1989,20.07,74,7,2,2,2,1,0,121676000,95537200,26138900,515700,425600,0.691,Completed,655,0.4511,0,SYNTHETIC_DEMO,Prototype-only synthetic acquisition record linked to a real Survey of India village boundary; not a government acquisition record.
SYN-ACQ-01281,SYN-PROJ-01281,CHHATTISGARH,Mahasamund,Pithora,Baldidih,446386.0,Industrial Corridor,RFCTLARR Act 2013,19.13,183,55,25,16,1,0,0,148366500,83053500,65313000,11250400,9660800,0.8654,Completed,379,0.2314,0,SYNTHETIC_DEMO,Prototype-only synthetic acquisition record linked to a real Survey of India village boundary; not a government acquisition record.
SYN-ACQ-01282,SYN-PROJ-01282,CHHATTISGARH,Gariyaband,Devbhog,Sitlijor,445573.0,Power Transmission,RFCTLARR Act 2013,62.07,146,29,14,14,8,5,1,189595400,115215700,74379700,11772700,9173200,0.6136,Compensation,503,0.0469,0,SYNTHETIC_DEMO,Prototype-only synthetic acquisition record linked to a real Survey of India village boundary; not a government acquisition record.
SYN-ACQ-01283,SYN-PROJ-01283,CHHATTISGARH,Sukma,Jagargunda,Kerlapenda,450291.0,Urban Infrastructure,Other applicable statute,62.44,142,103,33,8,18,16,1,309968800,260584800,49384000,12492700,5764200,0.941,Scrutiny,513,0.1594,0,SYNTHETIC_DEMO,Prototype-only synthetic acquisition record linked to a real Survey of India village boundary; not a government acquisition record.
SYN-ACQ-01284,SYN-PROJ-01284,CHHATTISGARH,Raipur,Arang,Ban Charauda,444579.0,Power Transmission,Other applicable statute,14.78,70,90,22,22,23,11,2,81390400,25208500,56181800,14252500,5062200,0.9228,Objection/Hearing,684,0.457,0,SYNTHETIC_DEMO,Prototype-only synthetic acquisition record linked to a real Survey of India village boundary; not a government acquisition record.
SYN-ACQ-01285,SYN-PROJ-01285,CHHATTISGARH,Uttar Bastar Kanker,Bhanupratappur,Ranwahi,447557.0,Irrigation,Other applicable statute,70.95,134,27,1,1,3,2,0,583223200,502370400,80852800,769000,525200,0.6267,Objection/Hearing,575,0.3533,0,SYNTHETIC_DEMO,Prototype-only synthetic acquisition record linked to a real Survey of India village boundary; not a government acquisition record.
SYN-ACQ-01286,SYN-PROJ-01286,CHHATTISGARH,Manendragarh-Chirmiri-Bharatpur (MCB),Bharatpur,Bhagwanpur,431311.0,Irrigation,Other applicable statute,60.44,24,40,7,7,12,9,0,485336000,254468600,230867500,3273200,1788900,0.7496,Completed,726,0.4186,0,SYNTHETIC_DEMO,Prototype-only synthetic acquisition record linked to a real Survey of India village boundary; not a government acquisition record.
SYN-ACQ-01287,SYN-PROJ-01287,CHHATTISGARH,Rajnandgaon,Rajnandgaon,Achanakpur,440807.0,Industrial Corridor,RFCTLARR Act 2013,7.04,82,139,5,5,24,19,3,56328700,56328700,0,1979900,757100,0.7,Notification,349,0.0759,0,SYNTHETIC_DEMO,Prototype-only synthetic acquisition record linked to a real Survey of India village boundary; not a government acquisition record.
SYN-ACQ-01288,SYN-PROJ-01288,CHHATTISGARH,Sarangarh-Bilaigarh,Baramkela,Jatiyapali,435722.0,Railway,Railways Act 1989,45.0,23,149,16,0,12,4,0,150495900,128285300,22210600,4912900,2439200,0.8932,Notification,683,0.2566,0,SYNTHETIC_DEMO,Prototype-only synthetic acquisition record linked to a real Survey of India village boundary; not a government acquisition record.
SYN-ACQ-01289,SYN-PROJ-01289,CHHATTISGARH,Surguja,Batouli,FOREST,51.0,National Highway,National Highways Act 1956,13.47,49,8,3,3,3,2,1,65675900,52316900,13359000,1951500,1282900,0.672,Compensation,436,0.4189,0,SYNTHETIC_DEMO,Prototype-only synthetic acquisition record linked to a real Survey of India village boundary; not a government acquisition record.
SYN-ACQ-01290,SYN-PROJ-01290,CHHATTISGARH,Dakshin Bastar Dantewada,Gidam,Fundari,450152.0,Irrigation,Other applicable statute,56.96,98,84,18,16,10,9,0,427685900,326638500,101047400,10535900,5432000,0.9018,Award,372,0.2603,0,SYNTHETIC_DEMO,Prototype-only synthetic acquisition record linked to a real Survey of India village boundary; not a government acquisition record.
SYN-ACQ-01291,SYN-PROJ-01291,CHHATTISGARH,Balrampur-Ramanujganj,Wadrafnagar,Bajara,432125.0,National Highway,Railways Act 1989,36.31,107,73,1,1,21,15,2,263822000,214812600,49009500,580700,256400,0.9208,Notification,451,0.1852,0,SYNTHETIC_DEMO,Prototype-only synthetic acquisition record linked to a real Survey of India village boundary; not a government acquisition record.
SYN-ACQ-01292,SYN-PROJ-01292,CHHATTISGARH,Sukma,Konta,Tetemadgu,450430.0,National Highway,Other applicable statute,73.94,150,78,10,10,10,6,0,709760600,266957600,442803000,5191500,2193200,0.767,R&R,365,0.0889,0,SYNTHETIC_DEMO,Prototype-only synthetic acquisition record linked to a real Survey of India village boundary; not a government acquisition record.
SYN-ACQ-01293,SYN-PROJ-01293,CHHATTISGARH,Raigarh,Kharsia,Kalmipat,435207.0,Industrial Corridor,Other applicable statute,67.06,138,44,10,10,2,1,0,602695500,479646100,123049400,1954600,1527600,0.727,Possession,380,0.1638,0,SYNTHETIC_DEMO,Prototype-only synthetic acquisition record linked to a real Survey of India village boundary; not a government acquisition record.
SYN-ACQ-01294,SYN-PROJ-01294,CHHATTISGARH,Gariyaband,Devbhog,Latapara,445542.0,National Highway,Other applicable statute,62.98,99,137,20,20,28,22,1,634877700,634877700,0,5995000,3415300,0.8938,Compensation,375,0.0571,0,SYNTHETIC_DEMO,Prototype-only synthetic acquisition record linked to a real Survey of India village boundary; not a government acquisition record.
SYN-ACQ-01295,SYN-PROJ-01295,CHHATTISGARH,Gariyaband,Gariyaband,Chipari,445141.0,Power Transmission,National Highways Act 1956,21.3,146,98,19,8,35,18,3,89470900,82063100,7407700,13222400,8280300,0.7841,Notification,368,0.2433,0,SYNTHETIC_DEMO,Prototype-only synthetic acquisition record linked to a real Survey of India village boundary; not a government acquisition record.
SYN-ACQ-01296,SYN-PROJ-01296,CHHATTISGARH,Raipur,Abhanpur,Sarakhi  (Sarkhi),444626.0,Industrial Corridor,RFCTLARR Act 2013,10.41,47,92,22,22,20,19,3,42249400,22672400,19577000,7133500,2747100,0.9867,Notification,299,0.0695,0,SYNTHETIC_DEMO,Prototype-only synthetic acquisition record linked to a real Survey of India village boundary; not a government acquisition record.
SYN-ACQ-01297,SYN-PROJ-01297,CHHATTISGARH,Korba,Pasan,FOREST,51.0,Industrial Corridor,National Highways Act 1956,40.74,29,151,61,17,29,20,2,385811900,271535600,114276300,28408200,15937500,0.839,Notification,624,0.4457,0,SYNTHETIC_DEMO,Prototype-only synthetic acquisition record linked to a real Survey of India village boundary; not a government acquisition record.
SYN-ACQ-01298,SYN-PROJ-01298,CHHATTISGARH,Kondagaon,Mardapal,Chotekoder,448722.0,Irrigation,RFCTLARR Act 2013,42.06,130,29,11,6,13,12,2,251395700,120573000,130822700,4049500,3555200,0.6732,GIS Verification,345,0.2119,0,SYNTHETIC_DEMO,Prototype-only synthetic acquisition record linked to a real Survey of India village boundary; not a government acquisition record.
SYN-ACQ-01299,SYN-PROJ-01299,CHHATTISGARH,Korba,Ajgarbahar,Gaurbora,436281.0,Industrial Corridor,National Highways Act 1956,51.8,70,148,2,2,25,23,2,251391900,102119500,149272300,1468500,855400,0.9147,Completed,387,0.178,0,SYNTHETIC_DEMO,Prototype-only synthetic acquisition record linked to a real Survey of India village boundary; not a government acquisition record.
SYN-ACQ-01300,SYN-PROJ-01300,CHHATTISGARH,Bilaspur,Ratanpur,Jali,438071.0,Irrigation,Other applicable statute,20.76,208,45,12,12,6,4,2,91882000,54450900,37431100,6468400,3380900,0.8372,Possession,392,0.0809,0,SYNTHETIC_DEMO,Prototype-only synthetic acquisition record linked to a real Survey of India village boundary; not a government acquisition record.
SYN-ACQ-01301,SYN-PROJ-01301,CHHATTISGARH,Raigarh,Tamnar,Amapali,434773.0,Irrigation,National Highways Act 1956,10.69,99,112,46,20,26,10,3,110335300,110335300,0,23171400,15014500,0.689,Possession,378,0.2321,0,SYNTHETIC_DEMO,Prototype-only synthetic acquisition record linked to a real Survey of India village boundary; not a government acquisition record.
SYN-ACQ-01302,SYN-PROJ-01302,CHHATTISGARH,Mohla-Manpur-Ambagarh Chouki,Ambagarh Chouki,Dakko Tola,441552.0,Irrigation,RFCTLARR Act 2013,65.15,79,156,39,17,10,4,2,612770800,173069600,439701200,18399000,17720700,0.9263,Proposal,585,0.2841,0,SYNTHETIC_DEMO,Prototype-only synthetic acquisition record linked to a real Survey of India village boundary; not a government acquisition record.
SYN-ACQ-01303,SYN-PROJ-01303,CHHATTISGARH,Jashpur,Bagicha,Majhgaon,433695.0,Railway,Other applicable statute,50.72,208,123,10,9,42,20,3,154315300,129892300,24422900,2475200,1704200,0.7152,Proposal,592,0.3409,0,SYNTHETIC_DEMO,Prototype-only synthetic acquisition record linked to a real Survey of India village boundary; not a government acquisition record.
SYN-ACQ-01304,SYN-PROJ-01304,CHHATTISGARH,Gaurela-Pendra-Marwahi,Pendra,Bacharwar,437599.0,Power Transmission,RFCTLARR Act 2013,1.03,41,105,42,26,14,7,2,31445600,10152200,21293400,10373000,7248600,0.6457,Award,484,0.2343,0,SYNTHETIC_DEMO,Prototype-only synthetic acquisition record linked to a real Survey of India village boundary; not a government acquisition record.
SYN-ACQ-01305,SYN-PROJ-01305,CHHATTISGARH,Narayanpur,Kohkameta,Brehebeda,449858.0,Railway,Other applicable statute,54.87,26,101,9,7,30,18,1,470000900,306654400,163346500,4397700,2419900,0.7172,R&R,216,0.1502,0,SYNTHETIC_DEMO,Prototype-only synthetic acquisition record linked to a real Survey of India village boundary; not a government acquisition record.
SYN-ACQ-01306,SYN-PROJ-01306,CHHATTISGARH,Janjgir-Champa,Nawagarh,Awrid,436742.0,Railway,Railways Act 1989,21.38,56,142,6,3,20,13,0,149490300,66979000,82511300,5243700,3544900,0.5506,Objection/Hearing,98,0.1071,0,SYNTHETIC_DEMO,Prototype-only synthetic acquisition record linked to a real Survey of India village boundary; not a government acquisition record.
SYN-ACQ-01307,SYN-PROJ-01307,CHHATTISGARH,Bijapur,Usur,Murdanda,450879.0,National Highway,Other applicable statute,43.1,92,30,9,9,10,6,0,199103200,134285800,64817400,6178500,4150100,0.8063,Proposal,513,0.1308,0,SYNTHETIC_DEMO,Prototype-only synthetic acquisition record linked to a real Survey of India village boundary; not a government acquisition record.
SYN-ACQ-01308,SYN-PROJ-01308,CHHATTISGARH,Kondagaon,BADERAJPUR,Aamaguhan,448648.0,Railway,Railways Act 1989,43.55,203,16,4,4,1,0,0,377285000,308123800,69161200,1479400,1479400,0.9214,Possession,375,0.1832,0,SYNTHETIC_DEMO,Prototype-only synthetic acquisition record linked to a real Survey of India village boundary; not a government acquisition record.
SYN-ACQ-01309,SYN-PROJ-01309,CHHATTISGARH,Gariyaband,Chhura,Kalmidadar,445339.0,National Highway,RFCTLARR Act 2013,2.11,142,143,28,19,34,28,2,18376100,13696500,4679600,24049200,18548100,0.9705,Award,507,0.2443,0,SYNTHETIC_DEMO,Prototype-only synthetic acquisition record linked to a real Survey of India village boundary; not a government acquisition record.
SYN-ACQ-01310,SYN-PROJ-01310,CHHATTISGARH,Jashpur,Kansabel,Dhudhru Dand,433738.0,Irrigation,RFCTLARR Act 2013,32.07,31,27,4,4,6,5,0,239239100,202404400,36834700,2976500,2156300,0.7831,GIS Verification,406,0.1841,0,SYNTHETIC_DEMO,Prototype-only synthetic acquisition record linked to a real Survey of India village boundary; not a government acquisition record.
SYN-ACQ-01311,SYN-PROJ-01311,CHHATTISGARH,Rajnandgaon,Rajnandgaon,Fuljhar,440818.0,Power Transmission,Railways Act 1989,6.81,143,130,32,3,31,22,0,67856300,54962500,12893800,21943800,5677900,0.5609,Compensation,478,0.2669,0,SYNTHETIC_DEMO,Prototype-only synthetic acquisition record linked to a real Survey of India village boundary; not a government acquisition record.
SYN-ACQ-01312,SYN-PROJ-01312,CHHATTISGARH,Raigarh,Pusour,Karichhapar,435096.0,Power Transmission,Railways Act 1989,4.96,91,81,6,6,3,1,0,26598600,19477100,7121500,3189800,1691600,0.7785,R&R,237,0.0,0,SYNTHETIC_DEMO,Prototype-only synthetic acquisition record linked to a real Survey of India village boundary; not a government acquisition record.
SYN-ACQ-01313,SYN-PROJ-01313,CHHATTISGARH,Balrampur-Ramanujganj,Ramanujganj,Nagra,431941.0,Urban Infrastructure,Other applicable statute,71.26,184,168,45,24,15,9,0,251512400,251512400,0,30134900,30134900,0.849,GIS Verification,291,0.0,0,SYNTHETIC_DEMO,Prototype-only synthetic acquisition record linked to a real Survey of India village boundary; not a government acquisition record.
SYN-ACQ-01314,SYN-PROJ-01314,CHHATTISGARH,Raigarh,Tamnar,Padi Gaon,434835.0,Railway,National Highways Act 1956,31.94,16,130,26,14,5,2,0,257093900,106002700,151091100,16364300,14680900,0.5858,Award,462,0.3039,0,SYNTHETIC_DEMO,Prototype-only synthetic acquisition record linked to a real Survey of India village boundary; not a government acquisition record.
SYN-ACQ-01315,SYN-PROJ-01315,CHHATTISGARH,Surajpur,Biharpur,Chonga,432644.0,Railway,RFCTLARR Act 2013,58.93,76,91,35,15,20,14,1,502347800,384353900,117993800,14972400,10552900,0.5532,Scrutiny,495,0.3224,0,SYNTHETIC_DEMO,Prototype-only synthetic acquisition record linked to a real Survey of India village boundary; not a government acquisition record.
SYN-ACQ-01316,SYN-PROJ-01316,CHHATTISGARH,Durg,Durg,Jeora,442561.0,Power Transmission,Railways Act 1989,10.42,119,94,5,5,17,11,3,97199500,58268700,38930900,1027700,715900,0.8675,Compensation,501,0.1774,0,SYNTHETIC_DEMO,Prototype-only synthetic acquisition record linked to a real Survey of India village boundary; not a government acquisition record.
SYN-ACQ-01317,SYN-PROJ-01317,CHHATTISGARH,Surajpur,Premnagar,Takar,432890.0,Railway,National Highways Act 1956,15.29,111,54,17,1,20,11,0,38135700,32154900,5980800,4675700,1621400,0.6424,GIS Verification,566,0.3885,0,SYNTHETIC_DEMO,Prototype-only synthetic acquisition record linked to a real Survey of India village boundary; not a government acquisition record.
SYN-ACQ-01318,SYN-PROJ-01318,CHHATTISGARH,Kondagaon,BADERAJPUR,Badbattar,448639.0,National Highway,RFCTLARR Act 2013,6.44,209,63,23,11,25,19,5,41171500,32229000,8942400,6120000,6120000,0.7383,Notification,572,0.3029,0,SYNTHETIC_DEMO,Prototype-only synthetic acquisition record linked to a real Survey of India village boundary; not a government acquisition record.
SYN-ACQ-01319,SYN-PROJ-01319,CHHATTISGARH,Uttar Bastar Kanker,Pakhanjur,Rajendra Nagar,448271.0,National Highway,Railways Act 1989,41.45,201,13,1,1,2,1,0,213923500,126009000,87914500,242100,146400,0.918,Compensation,833,0.5264,0,SYNTHETIC_DEMO,Prototype-only synthetic acquisition record linked to a real Survey of India village boundary; not a government acquisition record.
SYN-ACQ-01320,SYN-PROJ-01320,CHHATTISGARH,Sukma,Dornapal,Rajpadar,450427.0,Irrigation,Railways Act 1989,14.3,134,162,2,2,55,22,0,142504800,62984700,79520100,877800,799200,0.5828,Notification,526,0.3518,0,SYNTHETIC_DEMO,Prototype-only synthetic acquisition record linked to a real Survey of India village boundary; not a government acquisition record.
SYN-ACQ-01321,SYN-PROJ-01321,CHHATTISGARH,Balodabazar-Bhatapara,Bhatapara,Jethani,443699.0,Industrial Corridor,RFCTLARR Act 2013,54.43,38,15,5,5,3,2,1,151997800,39366000,112631700,1062100,779800,0.9545,R&R,555,0.4584,0,SYNTHETIC_DEMO,Prototype-only synthetic acquisition record linked to a real Survey of India village boundary; not a government acquisition record.
SYN-ACQ-01322,SYN-PROJ-01322,CHHATTISGARH,Korba,Poundi-Uproda,Banwar,436052.0,Irrigation,National Highways Act 1956,68.17,212,116,19,19,22,20,0,427814100,336646300,91167800,11250600,6414200,0.649,Completed,420,0.1262,0,SYNTHETIC_DEMO,Prototype-only synthetic acquisition record linked to a real Survey of India village boundary; not a government acquisition record.
SYN-ACQ-01323,SYN-PROJ-01323,CHHATTISGARH,Surajpur,Surajpur,FOREST,51.0,Urban Infrastructure,RFCTLARR Act 2013,67.96,59,99,48,38,11,10,2,409100800,267270400,141830500,32424000,25997500,0.7909,Award,517,0.3072,0,SYNTHETIC_DEMO,Prototype-only synthetic acquisition record linked to a real Survey of India village boundary; not a government acquisition record.
SYN-ACQ-01324,SYN-PROJ-01324,CHHATTISGARH,Balod,Marri Bangla (Deori),Singarpur,443008.0,National Highway,Railways Act 1989,71.87,131,25,3,3,2,1,0,582691400,238693200,343998200,555700,386100,0.9183,Compensation,208,0.1493,0,SYNTHETIC_DEMO,Prototype-only synthetic acquisition record linked to a real Survey of India village boundary; not a government acquisition record.
SYN-ACQ-01325,SYN-PROJ-01325,CHHATTISGARH,Rajnandgaon,Ghumka,Aurda,440735.0,Urban Infrastructure,Other applicable statute,29.17,82,100,25,17,8,6,0,116133300,51944700,64188600,10513200,6435300,0.6539,Award,427,0.2346,0,SYNTHETIC_DEMO,Prototype-only synthetic acquisition record linked to a real Survey of India village boundary; not a government acquisition record.
SYN-ACQ-01326,SYN-PROJ-01326,CHHATTISGARH,Kabeerdham,Kukdur,Kotnapani,439767.0,Irrigation,Railways Act 1989,40.25,88,168,22,20,18,8,0,416263500,288609900,127653600,19334700,8794600,0.7077,Scrutiny,405,0.1645,0,SYNTHETIC_DEMO,Prototype-only synthetic acquisition record linked to a real Survey of India village boundary; not a government acquisition record.
SYN-ACQ-01327,SYN-PROJ-01327,CHHATTISGARH,Rajnandgaon,Chhuriya,Bucha Tola,440947.0,Power Transmission,Other applicable statute,31.1,12,108,44,17,8,7,3,188703700,103437900,85265800,15093500,7608800,0.8597,Award,466,0.3659,0,SYNTHETIC_DEMO,Prototype-only synthetic acquisition record linked to a real Survey of India village boundary; not a government acquisition record.
SYN-ACQ-01328,SYN-PROJ-01328,CHHATTISGARH,Durg,Patan,Dhuma,442711.0,Power Transmission,National Highways Act 1956,74.82,141,65,31,31,27,26,6,386592800,215669900,170922900,12894200,9161500,0.8339,R&R,586,0.3172,0,SYNTHETIC_DEMO,Prototype-only synthetic acquisition record linked to a real Survey of India village boundary; not a government acquisition record.
SYN-ACQ-01329,SYN-PROJ-01329,CHHATTISGARH,Korea,Baikunthpur,FOREST,51.0,Industrial Corridor,Other applicable statute,6.0,206,6,2,2,1,0,0,32760800,25648800,7112000,307600,131800,0.5562,Notification,431,0.2195,0,SYNTHETIC_DEMO,Prototype-only synthetic acquisition record linked to a real Survey of India village boundary; not a government acquisition record.
SYN-ACQ-01330,SYN-PROJ-01330,CHHATTISGARH,Mahasamund,Mahasamund,Suwabahara,446269.0,Power Transmission,National Highways Act 1956,25.01,215,55,26,14,8,5,0,252472200,173064500,79407700,10139200,8058400,0.97,R&R,380,0.1982,0,SYNTHETIC_DEMO,Prototype-only synthetic acquisition record linked to a real Survey of India village boundary; not a government acquisition record.
SYN-ACQ-01331,SYN-PROJ-01331,CHHATTISGARH,Sakti,BARADWAR,Kudhritar,436894.0,Power Transmission,National Highways Act 1956,13.53,147,76,6,0,26,21,1,140031200,118759000,21272200,1061900,828300,0.676,R&R,347,0.1465,0,SYNTHETIC_DEMO,Prototype-only synthetic acquisition record linked to a real Survey of India village boundary; not a government acquisition record.
SYN-ACQ-01332,SYN-PROJ-01332,CHHATTISGARH,Bastar,Bhanpuri,Sorgaon,449384.0,Industrial Corridor,RFCTLARR Act 2013,46.6,140,151,67,14,53,51,8,231780400,180356700,51423700,47289700,20928900,0.587,Completed,458,0.3198,0,SYNTHETIC_DEMO,Prototype-only synthetic acquisition record linked to a real Survey of India village boundary; not a government acquisition record.
SYN-ACQ-01333,SYN-PROJ-01333,CHHATTISGARH,Mahasamund,Pithora,Saisaraipali,446418.0,National Highway,National Highways Act 1956,68.3,194,134,51,13,12,7,1,331629400,239866500,91762900,42429400,32801600,0.9879,Scrutiny,496,0.2707,0,SYNTHETIC_DEMO,Prototype-only synthetic acquisition record linked to a real Survey of India village boundary; not a government acquisition record.
SYN-ACQ-01334,SYN-PROJ-01334,CHHATTISGARH,Jashpur,Kunkuri,Kotiya,433982.0,Power Transmission,National Highways Act 1956,72.53,22,153,37,12,9,8,2,412752100,266214700,146537400,6683000,4459800,0.7488,Completed,479,0.1982,0,SYNTHETIC_DEMO,Prototype-only synthetic acquisition record linked to a real Survey of India village boundary; not a government acquisition record.
SYN-ACQ-01335,SYN-PROJ-01335,CHHATTISGARH,Durg,Patan,Punaidih,442684.0,Railway,Other applicable statute,15.35,116,79,39,35,18,11,0,112780100,83400900,29379200,23311200,18679600,0.7853,Compensation,527,0.3217,0,SYNTHETIC_DEMO,Prototype-only synthetic acquisition record linked to a real Survey of India village boundary; not a government acquisition record.
SYN-ACQ-01336,SYN-PROJ-01336,CHHATTISGARH,Bilaspur,Belgahna,Baheramuda,437965.0,National Highway,Other applicable statute,52.41,152,13,3,3,1,0,0,258943700,190736300,68207400,2408900,2208800,0.7133,Completed,487,0.1938,0,SYNTHETIC_DEMO,Prototype-only synthetic acquisition record linked to a real Survey of India village boundary; not a government acquisition record.
SYN-ACQ-01337,SYN-PROJ-01337,CHHATTISGARH,Korba,Pali,Bamhni Khurd,436141.0,Irrigation,RFCTLARR Act 2013,9.01,117,91,13,13,31,19,4,53470100,33043600,20426500,5681000,2646900,0.8533,Compensation,495,0.2147,0,SYNTHETIC_DEMO,Prototype-only synthetic acquisition record linked to a real Survey of India village boundary; not a government acquisition record.
SYN-ACQ-01338,SYN-PROJ-01338,CHHATTISGARH,Surajpur,Bhaiyathan,Karaunda Munda,432722.0,Irrigation,National Highways Act 1956,8.59,134,29,1,1,10,4,2,87643000,87643000,0,685800,552200,0.6172,Award,180,0.1626,0,SYNTHETIC_DEMO,Prototype-only synthetic acquisition record linked to a real Survey of India village boundary; not a government acquisition record.
SYN-ACQ-01339,SYN-PROJ-01339,CHHATTISGARH,Gariyaband,Gariyaband,Kamepur,445161.0,National Highway,Other applicable statute,2.26,196,41,13,4,16,7,0,22257800,12070800,10187000,7670200,3546300,0.9553,GIS Verification,397,0.2189,0,SYNTHETIC_DEMO,Prototype-only synthetic acquisition record linked to a real Survey of India village boundary; not a government acquisition record.
SYN-ACQ-01340,SYN-PROJ-01340,CHHATTISGARH,Raipur,Arang,Gullu,444482.0,Urban Infrastructure,RFCTLARR Act 2013,35.58,217,112,45,30,20,18,3,344542000,161102200,183439800,8110000,7670200,0.9854,Possession,562,0.354,0,SYNTHETIC_DEMO,Prototype-only synthetic acquisition record linked to a real Survey of India village boundary; not a government acquisition record.
SYN-ACQ-01341,SYN-PROJ-01341,CHHATTISGARH,Raipur,Arang,Paraswani,444422.0,Industrial Corridor,National Highways Act 1956,13.73,117,96,48,30,19,9,1,50126200,35173600,14952600,37389100,28720200,0.5714,Completed,670,0.3304,0,SYNTHETIC_DEMO,Prototype-only synthetic acquisition record linked to a real Survey of India village boundary; not a government acquisition record.
SYN-ACQ-01342,SYN-PROJ-01342,CHHATTISGARH,Bemetara,Nandghat,Parsada,441834.0,Industrial Corridor,Other applicable statute,70.02,45,31,7,4,2,1,0,347801000,199059200,148741800,5774100,4601000,0.5818,Notification,613,0.356,0,SYNTHETIC_DEMO,Prototype-only synthetic acquisition record linked to a real Survey of India village boundary; not a government acquisition record.
SYN-ACQ-01343,SYN-PROJ-01343,CHHATTISGARH,Mahasamund,Bagbahra,Kasturbod,446723.0,Railway,Other applicable statute,9.24,139,27,7,7,9,3,1,57015000,41066000,15949000,3578500,2734800,0.8697,Proposal,573,0.347,0,SYNTHETIC_DEMO,Prototype-only synthetic acquisition record linked to a real Survey of India village boundary; not a government acquisition record.
SYN-ACQ-01344,SYN-PROJ-01344,CHHATTISGARH,Durg,Patan,Motipur,442643.0,Power Transmission,RFCTLARR Act 2013,54.83,64,137,36,5,7,3,0,215404400,164527800,50876500,14139900,14139900,0.6398,Possession,443,0.2875,0,SYNTHETIC_DEMO,Prototype-only synthetic acquisition record linked to a real Survey of India village boundary; not a government acquisition record.
SYN-ACQ-01345,SYN-PROJ-01345,CHHATTISGARH,Kabeerdham,Sahaspur Lohara,Jangalpur,439679.0,Industrial Corridor,Railways Act 1989,13.46,119,88,38,13,23,14,0,56768100,50601100,6167000,9293700,5081200,0.8989,Possession,172,0.0583,0,SYNTHETIC_DEMO,Prototype-only synthetic acquisition record linked to a real Survey of India village boundary; not a government acquisition record.
SYN-ACQ-01346,SYN-PROJ-01346,CHHATTISGARH,Mohla-Manpur-Ambagarh Chouki,Ambagarh Chouki,Korcha Tola,441547.0,Urban Infrastructure,Railways Act 1989,45.91,123,149,71,32,15,13,1,379401400,204121200,175280200,20020800,15542200,0.8178,Scrutiny,511,0.3145,0,SYNTHETIC_DEMO,Prototype-only synthetic acquisition record linked to a real Survey of India village boundary; not a government acquisition record.
SYN-ACQ-01347,SYN-PROJ-01347,CHHATTISGARH,Uttar Bastar Kanker,Durgkondal,Chaurgaon,447707.0,Industrial Corridor,Other applicable statute,30.92,137,120,6,6,20,19,1,289484600,253996700,35487900,935600,635700,0.6599,Compensation,439,0.2019,0,SYNTHETIC_DEMO,Prototype-only synthetic acquisition record linked to a real Survey of India village boundary; not a government acquisition record.
SYN-ACQ-01348,SYN-PROJ-01348,CHHATTISGARH,Balod,Balod,Chiraigodi,443195.0,Industrial Corridor,National Highways Act 1956,43.4,55,176,11,11,7,4,2,450870800,236534300,214336500,2584900,1204300,0.7588,Objection/Hearing,314,0.1981,0,SYNTHETIC_DEMO,Prototype-only synthetic acquisition record linked to a real Survey of India village boundary; not a government acquisition record.
SYN-ACQ-01349,SYN-PROJ-01349,CHHATTISGARH,Bastar,Lohandiguda,Hirram,449158.0,Power Transmission,RFCTLARR Act 2013,42.77,158,59,16,7,18,11,3,221874700,191865800,30008900,2875200,1621000,0.8718,Proposal,384,0.3088,0,SYNTHETIC_DEMO,Prototype-only synthetic acquisition record linked to a real Survey of India village boundary; not a government acquisition record.
SYN-ACQ-01350,SYN-PROJ-01350,CHHATTISGARH,Raipur,Gobra Nawapara,Lakhana,444664.0,National Highway,National Highways Act 1956,63.62,27,56,23,5,13,9,1,344227100,278027400,66199700,5978500,3142900,0.7217,Scrutiny,656,0.3653,0,SYNTHETIC_DEMO,Prototype-only synthetic acquisition record linked to a real Survey of India village boundary; not a government acquisition record.
SYN-ACQ-01351,SYN-PROJ-01351,CHHATTISGARH,Bemetara,Nandghat,Lalpur,441837.0,Railway,Other applicable statute,15.95,105,90,8,8,1,0,0,94493400,83786900,10706500,3977800,2603600,0.7334,Completed,406,0.1038,0,SYNTHETIC_DEMO,Prototype-only synthetic acquisition record linked to a real Survey of India village boundary; not a government acquisition record.
SYN-ACQ-01352,SYN-PROJ-01352,CHHATTISGARH,Korba,Korba,Korba (M.Corp.) (Part),801949.0,Irrigation,National Highways Act 1956,14.55,49,60,18,18,7,6,0,156462500,70194900,86267600,12842200,8489600,0.6949,R&R,454,0.1138,0,SYNTHETIC_DEMO,Prototype-only synthetic acquisition record linked to a real Survey of India village boundary; not a government acquisition record.
SYN-ACQ-01353,SYN-PROJ-01353,CHHATTISGARH,Raipur,Arang,Rasni,444493.0,Railway,RFCTLARR Act 2013,30.94,86,5,3,3,1,0,0,76544000,56918500,19625600,1714800,214900,0.8827,Compensation,307,0.0853,0,SYNTHETIC_DEMO,Prototype-only synthetic acquisition record linked to a real Survey of India village boundary; not a government acquisition record.
SYN-ACQ-01354,SYN-PROJ-01354,CHHATTISGARH,Khairagarh-Chhuikhadan-Gandai,Khairagarh,Maru Tola Kalan,440327.0,Industrial Corridor,RFCTLARR Act 2013,45.56,12,17,3,3,0,0,0,133461300,77574700,55886600,1941700,782900,0.588,Notification,471,0.2697,0,SYNTHETIC_DEMO,Prototype-only synthetic acquisition record linked to a real Survey of India village boundary; not a government acquisition record.
SYN-ACQ-01355,SYN-PROJ-01355,CHHATTISGARH,Bilaspur,Seepat,Pipranar,438813.0,Railway,RFCTLARR Act 2013,38.05,45,158,7,7,35,32,0,215929300,162993400,52935900,5147300,3255700,0.9737,Scrutiny,254,0.1375,0,SYNTHETIC_DEMO,Prototype-only synthetic acquisition record linked to a real Survey of India village boundary; not a government acquisition record.
SYN-ACQ-01356,SYN-PROJ-01356,CHHATTISGARH,Uttar Bastar Kanker,Narharpur,Rampur,447933.0,Industrial Corridor,Other applicable statute,36.9,160,58,5,5,7,4,0,346603600,247418200,99185400,2083600,675800,0.6995,Possession,359,0.0616,0,SYNTHETIC_DEMO,Prototype-only synthetic acquisition record linked to a real Survey of India village boundary; not a government acquisition record.
SYN-ACQ-01357,SYN-PROJ-01357,CHHATTISGARH,Mahasamund,Saraipali,Bhikhapali,445890.0,Urban Infrastructure,National Highways Act 1956,29.47,182,51,11,2,10,4,0,154045400,71945900,82099400,5889800,3805700,0.6427,Possession,392,0.1605,0,SYNTHETIC_DEMO,Prototype-only synthetic acquisition record linked to a real Survey of India village boundary; not a government acquisition record.
SYN-ACQ-01358,SYN-PROJ-01358,CHHATTISGARH,Balod,Marri Bangla (Deori),Kosmi,442994.0,Industrial Corridor,Other applicable statute,39.75,122,13,7,7,1,0,0,249944800,160681600,89263200,2706600,2706600,0.6187,Proposal,209,0.2162,0,SYNTHETIC_DEMO,Prototype-only synthetic acquisition record linked to a real Survey of India village boundary; not a government acquisition record.
SYN-ACQ-01359,SYN-PROJ-01359,CHHATTISGARH,Dakshin Bastar Dantewada,Dantewada,Tudparas,450078.0,National Highway,RFCTLARR Act 2013,53.56,215,29,11,11,2,1,0,127280600,97192200,30088400,5275300,4314100,0.6923,Award,288,0.1506,0,SYNTHETIC_DEMO,Prototype-only synthetic acquisition record linked to a real Survey of India village boundary; not a government acquisition record.
SYN-ACQ-01360,SYN-PROJ-01360,CHHATTISGARH,Uttar Bastar Kanker,Durgkondal,Chhindgaon,447649.0,Irrigation,Railways Act 1989,52.09,152,55,2,2,10,5,0,163112400,125567400,37545000,390900,323400,0.6494,Completed,425,0.2296,0,SYNTHETIC_DEMO,Prototype-only synthetic acquisition record linked to a real Survey of India village boundary; not a government acquisition record.
SYN-ACQ-01361,SYN-PROJ-01361,CHHATTISGARH,Sukma,Tongpal,FOREST,51.0,Irrigation,RFCTLARR Act 2013,29.98,191,25,4,4,1,0,0,272994500,272994500,0,685400,651100,0.9048,Compensation,251,0.0538,0,SYNTHETIC_DEMO,Prototype-only synthetic acquisition record linked to a real Survey of India village boundary; not a government acquisition record.
SYN-ACQ-01362,SYN-PROJ-01362,CHHATTISGARH,Bastar,Lohandiguda,Marenga,449185.0,Railway,National Highways Act 1956,60.71,212,169,66,8,14,9,1,365612700,214214000,151398700,33398300,32572100,0.7291,Notification,641,0.2896,0,SYNTHETIC_DEMO,Prototype-only synthetic acquisition record linked to a real Survey of India village boundary; not a government acquisition record.
SYN-ACQ-01363,SYN-PROJ-01363,CHHATTISGARH,Narayanpur,Kohkameta,Maspi,449896.0,Industrial Corridor,National Highways Act 1956,42.93,91,99,46,20,4,2,1,180511400,129620200,50891200,29016100,18450900,0.6872,R&R,419,0.2745,0,SYNTHETIC_DEMO,Prototype-only synthetic acquisition record linked to a real Survey of India village boundary; not a government acquisition record.
SYN-ACQ-01364,SYN-PROJ-01364,CHHATTISGARH,Raipur,Arang,Farfaud,444476.0,Irrigation,Other applicable statute,24.07,134,133,20,7,15,9,0,220916300,108173900,112742400,14598000,8258000,0.9446,Completed,311,0.3295,0,SYNTHETIC_DEMO,Prototype-only synthetic acquisition record linked to a real Survey of India village boundary; not a government acquisition record.
SYN-ACQ-01365,SYN-PROJ-01365,CHHATTISGARH,Kabeerdham,Kawardha,Newari,439167.0,Industrial Corridor,National Highways Act 1956,46.95,173,94,10,10,19,18,0,208580600,193558700,15022000,3416200,2719000,0.6999,Possession,195,0.1138,0,SYNTHETIC_DEMO,Prototype-only synthetic acquisition record linked to a real Survey of India village boundary; not a government acquisition record.
SYN-ACQ-01366,SYN-PROJ-01366,CHHATTISGARH,Janjgir-Champa,Pamgarh,Mulmula,437034.0,Urban Infrastructure,RFCTLARR Act 2013,58.85,105,6,2,2,1,0,0,303526600,214327200,89199400,1297000,739400,0.8858,Scrutiny,174,0.0114,0,SYNTHETIC_DEMO,Prototype-only synthetic acquisition record linked to a real Survey of India village boundary; not a government acquisition record.
SYN-ACQ-01367,SYN-PROJ-01367,CHHATTISGARH,Balod,Marri Bangla (Deori),Mudhiya,442996.0,Industrial Corridor,National Highways Act 1956,38.16,120,7,1,1,1,0,0,167766100,131422700,36343400,222000,86400,0.6181,Possession,335,0.131,0,SYNTHETIC_DEMO,Prototype-only synthetic acquisition record linked to a real Survey of India village boundary; not a government acquisition record.
SYN-ACQ-01368,SYN-PROJ-01368,CHHATTISGARH,Bijapur,Bhopalpattnam,FOREST,51.0,National Highway,RFCTLARR Act 2013,68.31,123,97,25,0,44,33,3,181949500,83357200,98592300,18144000,10419300,0.7291,R&R,306,0.3693,0,SYNTHETIC_DEMO,Prototype-only synthetic acquisition record linked to a real Survey of India village boundary; not a government acquisition record.
SYN-ACQ-01369,SYN-PROJ-01369,CHHATTISGARH,Surajpur,Premnagar,Namna,432894.0,Power Transmission,Railways Act 1989,56.52,188,7,4,0,2,0,1,278439000,246880000,31559000,3202300,2730700,0.5747,R&R,507,0.2924,0,SYNTHETIC_DEMO,Prototype-only synthetic acquisition record linked to a real Survey of India village boundary; not a government acquisition record.
SYN-ACQ-01370,SYN-PROJ-01370,CHHATTISGARH,Surguja,Udaypur,Doi,433177.0,National Highway,RFCTLARR Act 2013,23.19,64,125,14,14,30,28,1,198420500,183964300,14456200,3544800,1745500,0.8938,Completed,413,0.1986,0,SYNTHETIC_DEMO,Prototype-only synthetic acquisition record linked to a real Survey of India village boundary; not a government acquisition record.
SYN-ACQ-01371,SYN-PROJ-01371,CHHATTISGARH,Gariyaband,Amlipadar,Kalimati,445528.0,Irrigation,National Highways Act 1956,37.96,152,175,70,4,53,46,3,124124700,72221900,51902800,11888200,2918800,0.8353,Completed,486,0.2756,0,SYNTHETIC_DEMO,Prototype-only synthetic acquisition record linked to a real Survey of India village boundary; not a government acquisition record.
SYN-ACQ-01372,SYN-PROJ-01372,CHHATTISGARH,Raigarh,Mukdega,Chiraikhar,434591.0,Railway,RFCTLARR Act 2013,55.52,98,113,27,0,17,11,0,291883300,256407900,35475400,17095500,12538800,0.6593,Compensation,500,0.1309,0,SYNTHETIC_DEMO,Prototype-only synthetic acquisition record linked to a real Survey of India village boundary; not a government acquisition record.
SYN-ACQ-01373,SYN-PROJ-01373,CHHATTISGARH,Gariyaband,Gariyaband,Kajansara,445095.0,Urban Infrastructure,National Highways Act 1956,65.44,93,9,2,2,7,5,0,527658700,399718100,127940600,1023500,675700,0.6434,Notification,630,0.3724,0,SYNTHETIC_DEMO,Prototype-only synthetic acquisition record linked to a real Survey of India village boundary; not a government acquisition record.
SYN-ACQ-01374,SYN-PROJ-01374,CHHATTISGARH,Raigarh,Kharsia,Chhotejam Pali,435174.0,National Highway,National Highways Act 1956,54.57,155,82,2,1,24,22,1,366443300,307407500,59035800,1325400,1247100,0.8106,Possession,459,0.2585,0,SYNTHETIC_DEMO,Prototype-only synthetic acquisition record linked to a real Survey of India village boundary; not a government acquisition record.
SYN-ACQ-01375,SYN-PROJ-01375,CHHATTISGARH,Narayanpur,Orchha,Murumwada,450017.0,Industrial Corridor,Other applicable statute,31.68,188,87,4,4,14,8,0,235488000,225119400,10368600,685000,485100,0.8992,Award,328,0.0356,0,SYNTHETIC_DEMO,Prototype-only synthetic acquisition record linked to a real Survey of India village boundary; not a government acquisition record.
SYN-ACQ-01376,SYN-PROJ-01376,CHHATTISGARH,Jashpur,Jashpur,Salekera,433876.0,Urban Infrastructure,National Highways Act 1956,26.73,23,139,63,38,45,44,0,191972100,104872100,87100000,10198400,6223500,0.7933,Objection/Hearing,525,0.2988,0,SYNTHETIC_DEMO,Prototype-only synthetic acquisition record linked to a real Survey of India village boundary; not a government acquisition record.
SYN-ACQ-01377,SYN-PROJ-01377,CHHATTISGARH,Bastar,Darbha,Temrubhata,449581.0,Irrigation,RFCTLARR Act 2013,73.12,32,84,24,17,13,6,0,267536700,140342000,127194700,4421800,3670400,0.7146,Scrutiny,502,0.4185,0,SYNTHETIC_DEMO,Prototype-only synthetic acquisition record linked to a real Survey of India village boundary; not a government acquisition record.
SYN-ACQ-01378,SYN-PROJ-01378,CHHATTISGARH,Korba,Barpali,Damkhancha,436474.0,Power Transmission,Other applicable statute,56.37,80,68,25,25,10,6,0,262585200,93954100,168631100,19511600,6542200,0.9484,Compensation,301,0.1501,0,SYNTHETIC_DEMO,Prototype-only synthetic acquisition record linked to a real Survey of India village boundary; not a government acquisition record.
SYN-ACQ-01379,SYN-PROJ-01379,CHHATTISGARH,Jashpur,Bagbahar,Chhatasarai,434309.0,Irrigation,National Highways Act 1956,41.34,42,41,16,16,3,2,0,279978800,275939200,4039600,5057700,4212600,0.6329,Notification,265,0.005,0,SYNTHETIC_DEMO,Prototype-only synthetic acquisition record linked to a real Survey of India village boundary; not a government acquisition record.
SYN-ACQ-01380,SYN-PROJ-01380,CHHATTISGARH,Dhamtari,Kukrel,Bendrapani,447421.0,Urban Infrastructure,National Highways Act 1956,27.56,181,15,4,4,6,4,0,91663600,34312900,57350700,2476600,1667400,0.5764,Award,638,0.3543,0,SYNTHETIC_DEMO,Prototype-only synthetic acquisition record linked to a real Survey of India village boundary; not a government acquisition record.
SYN-ACQ-01381,SYN-PROJ-01381,CHHATTISGARH,Mungeli,Mungeli,Guna,438256.0,Industrial Corridor,Other applicable statute,43.32,33,60,28,28,22,21,1,250094800,198043700,52051200,24366400,14014400,0.7782,Completed,323,0.2432,0,SYNTHETIC_DEMO,Prototype-only synthetic acquisition record linked to a real Survey of India village boundary; not a government acquisition record.
SYN-ACQ-01382,SYN-PROJ-01382,CHHATTISGARH,Uttar Bastar Kanker,Charama,Charbhatha,447440.0,Industrial Corridor,Other applicable statute,30.82,24,142,72,38,23,12,2,281473400,244749900,36723500,54284200,47322400,0.8874,Compensation,304,0.1137,0,SYNTHETIC_DEMO,Prototype-only synthetic acquisition record linked to a real Survey of India village boundary; not a government acquisition record.
SYN-ACQ-01383,SYN-PROJ-01383,CHHATTISGARH,Surguja,Batouli,Bilaspur,433494.0,Irrigation,Railways Act 1989,55.17,58,94,36,36,26,25,3,495319200,399720000,95599300,18098700,7638500,0.5977,GIS Verification,428,0.301,0,SYNTHETIC_DEMO,Prototype-only synthetic acquisition record linked to a real Survey of India village boundary; not a government acquisition record.
SYN-ACQ-01384,SYN-PROJ-01384,CHHATTISGARH,Balrampur-Ramanujganj,Raghunathnagar,Chanwarsarai,432104.0,National Highway,Railways Act 1989,29.0,115,43,9,0,4,2,0,252003300,173757900,78245400,2951800,1932600,0.7175,GIS Verification,484,0.3836,0,SYNTHETIC_DEMO,Prototype-only synthetic acquisition record linked to a real Survey of India village boundary; not a government acquisition record.
SYN-ACQ-01385,SYN-PROJ-01385,CHHATTISGARH,Korba,Bhaisma,FOREST,51.0,Urban Infrastructure,Railways Act 1989,33.22,119,20,7,0,0,0,0,96215300,58491900,37723400,6203900,4120900,0.8737,Completed,313,0.0683,0,SYNTHETIC_DEMO,Prototype-only synthetic acquisition record linked to a real Survey of India village boundary; not a government acquisition record.
SYN-ACQ-01386,SYN-PROJ-01386,CHHATTISGARH,Korea,Sonhat,Badra,431542.0,Irrigation,RFCTLARR Act 2013,38.44,69,140,35,20,21,9,0,260007300,141099100,118908300,22807600,15260800,0.7431,Objection/Hearing,485,0.2483,0,SYNTHETIC_DEMO,Prototype-only synthetic acquisition record linked to a real Survey of India village boundary; not a government acquisition record.
SYN-ACQ-01387,SYN-PROJ-01387,CHHATTISGARH,Manendragarh-Chirmiri-Bharatpur (MCB),Bharatpur,Badwahi,431192.0,Railway,Other applicable statute,65.24,53,133,30,10,5,2,0,247664800,247664800,0,17225900,9373500,0.9426,Compensation,218,0.0325,0,SYNTHETIC_DEMO,Prototype-only synthetic acquisition record linked to a real Survey of India village boundary; not a government acquisition record.
SYN-ACQ-01388,SYN-PROJ-01388,CHHATTISGARH,Surajpur,Surajpur,Champaknagar,432598.0,Irrigation,Railways Act 1989,4.87,122,137,42,12,23,11,1,70764400,58746100,12018300,37675400,35104000,0.6332,Award,456,0.3617,0,SYNTHETIC_DEMO,Prototype-only synthetic acquisition record linked to a real Survey of India village boundary; not a government acquisition record.
SYN-ACQ-01389,SYN-PROJ-01389,CHHATTISGARH,Mahasamund,Pithora,Rajpalpur Tukda,446395.0,Industrial Corridor,RFCTLARR Act 2013,68.86,206,36,6,6,15,9,2,249591900,249591900,0,5207100,2309400,0.709,Possession,562,0.2867,0,SYNTHETIC_DEMO,Prototype-only synthetic acquisition record linked to a real Survey of India village boundary; not a government acquisition record.
SYN-ACQ-01390,SYN-PROJ-01390,CHHATTISGARH,Surguja,Darima,Mahuatikra,433017.0,Power Transmission,Railways Act 1989,2.69,142,63,9,9,21,8,0,26488200,19427300,7061000,2472200,2046300,0.5607,Compensation,628,0.1832,0,SYNTHETIC_DEMO,Prototype-only synthetic acquisition record linked to a real Survey of India village boundary; not a government acquisition record.
SYN-ACQ-01391,SYN-PROJ-01391,CHHATTISGARH,Surguja,Lakhanpur,Bharatpur,433091.0,Industrial Corridor,RFCTLARR Act 2013,34.13,196,121,46,27,34,29,4,245655300,176608600,69046800,12171600,10505400,0.8567,Scrutiny,529,0.2546,0,SYNTHETIC_DEMO,Prototype-only synthetic acquisition record linked to a real Survey of India village boundary; not a government acquisition record.
SYN-ACQ-01392,SYN-PROJ-01392,CHHATTISGARH,Raigarh,Lailunga,Sohanpur,434631.0,Power Transmission,Other applicable statute,36.33,218,30,8,8,11,10,1,132467600,114698900,17768700,4190100,2149000,0.8018,Scrutiny,258,0.0423,0,SYNTHETIC_DEMO,Prototype-only synthetic acquisition record linked to a real Survey of India village boundary; not a government acquisition record.
SYN-ACQ-01393,SYN-PROJ-01393,CHHATTISGARH,Bilaspur,Takhatpur,Baghel Kapa,438583.0,Railway,RFCTLARR Act 2013,14.25,83,55,24,24,3,1,1,126245300,77032500,49212800,9833200,6013600,0.8731,GIS Verification,447,0.3703,0,SYNTHETIC_DEMO,Prototype-only synthetic acquisition record linked to a real Survey of India village boundary; not a government acquisition record.
SYN-ACQ-01394,SYN-PROJ-01394,CHHATTISGARH,Rajnandgaon,Rajnandgaon,Boirdeeh,440776.0,Industrial Corridor,Railways Act 1989,10.11,78,66,33,30,19,9,0,25216900,21458700,3758100,10444600,5187100,0.7699,Notification,529,0.2486,0,SYNTHETIC_DEMO,Prototype-only synthetic acquisition record linked to a real Survey of India village boundary; not a government acquisition record.
SYN-ACQ-01395,SYN-PROJ-01395,CHHATTISGARH,Sakti,Sakti,Turri,437001.0,National Highway,Railways Act 1989,17.45,147,21,8,8,3,2,0,160844300,104464900,56379500,6554500,5556400,0.9097,Notification,690,0.4727,0,SYNTHETIC_DEMO,Prototype-only synthetic acquisition record linked to a real Survey of India village boundary; not a government acquisition record.
SYN-ACQ-01396,SYN-PROJ-01396,CHHATTISGARH,Bemetara,Nandghat,Botebod,441817.0,National Highway,Other applicable statute,0.97,214,12,3,2,3,2,0,8174100,8101100,73000,1475400,1240900,0.8013,Objection/Hearing,199,0.0,0,SYNTHETIC_DEMO,Prototype-only synthetic acquisition record linked to a real Survey of India village boundary; not a government acquisition record.
SYN-ACQ-01397,SYN-PROJ-01397,CHHATTISGARH,Uttar Bastar Kanker,Charama,FOREST,51.0,Railway,National Highways Act 1956,29.4,214,21,1,1,8,4,0,193366400,101554500,91811900,789300,516800,0.7176,Award,429,0.237,0,SYNTHETIC_DEMO,Prototype-only synthetic acquisition record linked to a real Survey of India village boundary; not a government acquisition record.
SYN-ACQ-01398,SYN-PROJ-01398,CHHATTISGARH,Dakshin Bastar Dantewada,Bade Bacheli,Sameli,450256.0,Industrial Corridor,RFCTLARR Act 2013,5.09,216,125,42,29,19,11,1,94258000,84395100,9862900,30866400,22286900,0.7817,Completed,350,0.2452,0,SYNTHETIC_DEMO,Prototype-only synthetic acquisition record linked to a real Survey of India village boundary; not a government acquisition record.
SYN-ACQ-01399,SYN-PROJ-01399,CHHATTISGARH,Sakti,BARADWAR,Reda,437007.0,Railway,National Highways Act 1956,13.65,188,168,49,38,66,57,3,100343000,54346500,45996400,7688100,6436600,0.8385,Award,377,0.2742,0,SYNTHETIC_DEMO,Prototype-only synthetic acquisition record linked to a real Survey of India village boundary; not a government acquisition record.
SYN-ACQ-01400,SYN-PROJ-01400,CHHATTISGARH,Raigarh,Chhal,Maharajganj,434497.0,Urban Infrastructure,Railways Act 1989,39.52,92,122,55,37,21,18,0,114330500,67776700,46553800,27228600,6957300,0.6741,Completed,517,0.1695,0,SYNTHETIC_DEMO,Prototype-only synthetic acquisition record linked to a real Survey of India village boundary; not a government acquisition record.
SYN-ACQ-01401,SYN-PROJ-01401,CHHATTISGARH,Bastar,Jagdalpur,KALIPUR (PART),449144.0,Power Transmission,National Highways Act 1956,44.74,66,64,28,7,17,16,4,99435300,60866800,38568500,6866600,2457100,0.6144,Notification,630,0.5166,0,SYNTHETIC_DEMO,Prototype-only synthetic acquisition record linked to a real Survey of India village boundary; not a government acquisition record.
SYN-ACQ-01402,SYN-PROJ-01402,CHHATTISGARH,Korba,Barpali,Karainara,436470.0,Industrial Corridor,Railways Act 1989,22.34,148,127,30,7,32,15,3,174444800,174444800,0,22907000,9184000,0.9198,Compensation,531,0.2626,0,SYNTHETIC_DEMO,Prototype-only synthetic acquisition record linked to a real Survey of India village boundary; not a government acquisition record.
SYN-ACQ-01403,SYN-PROJ-01403,CHHATTISGARH,Mohla-Manpur-Ambagarh Chouki,Mohla,Keshala,441338.0,Railway,RFCTLARR Act 2013,32.93,7,171,50,15,17,9,2,148370800,130255300,18115500,25679400,17274000,0.6884,Notification,411,0.1924,0,SYNTHETIC_DEMO,Prototype-only synthetic acquisition record linked to a real Survey of India village boundary; not a government acquisition record.
SYN-ACQ-01404,SYN-PROJ-01404,CHHATTISGARH,Mahasamund,Saraipali,Badepandhi,445911.0,Power Transmission,National Highways Act 1956,28.32,141,97,40,11,39,26,0,139056900,96528400,42528500,26954000,17697200,0.6971,Completed,373,0.2921,0,SYNTHETIC_DEMO,Prototype-only synthetic acquisition record linked to a real Survey of India village boundary; not a government acquisition record.
SYN-ACQ-01405,SYN-PROJ-01405,CHHATTISGARH,Jashpur,Kansabel,FOREST,51.0,Industrial Corridor,Other applicable statute,30.45,87,72,14,14,10,9,1,286418900,194397100,92021800,11294500,8738300,0.8205,R&R,704,0.4012,0,SYNTHETIC_DEMO,Prototype-only synthetic acquisition record linked to a real Survey of India village boundary; not a government acquisition record.
SYN-ACQ-01406,SYN-PROJ-01406,CHHATTISGARH,Surguja,Lakhanpur,Pratappur,433056.0,Irrigation,Railways Act 1989,36.42,189,172,77,35,35,33,1,237439400,106979900,130459500,46329600,32118100,0.563,R&R,433,0.2258,0,SYNTHETIC_DEMO,Prototype-only synthetic acquisition record linked to a real Survey of India village boundary; not a government acquisition record.
SYN-ACQ-01407,SYN-PROJ-01407,CHHATTISGARH,Gariyaband,Devbhog,Murliguda,445578.0,Industrial Corridor,National Highways Act 1956,35.43,17,131,14,14,41,24,1,80179000,66021900,14157100,2684900,2077100,0.8023,Notification,342,0.3648,0,SYNTHETIC_DEMO,Prototype-only synthetic acquisition record linked to a real Survey of India village boundary; not a government acquisition record.
SYN-ACQ-01408,SYN-PROJ-01408,CHHATTISGARH,Bastar,Bhanpuri,Chhotealnar,449309.0,Railway,Other applicable statute,32.17,53,128,7,7,16,14,0,289747700,119140000,170607800,4963800,4957000,0.5671,Completed,490,0.1969,0,SYNTHETIC_DEMO,Prototype-only synthetic acquisition record linked to a real Survey of India village boundary; not a government acquisition record.
SYN-ACQ-01409,SYN-PROJ-01409,CHHATTISGARH,Rajnandgaon,Kumarda,Choraha Banjari,440994.0,Urban Infrastructure,Railways Act 1989,0.54,87,28,6,5,2,1,1,8895900,7666400,1229500,2606300,912600,0.8544,Objection/Hearing,190,0.0593,0,SYNTHETIC_DEMO,Prototype-only synthetic acquisition record linked to a real Survey of India village boundary; not a government acquisition record.
SYN-ACQ-01410,SYN-PROJ-01410,CHHATTISGARH,Korea,Sonhat,Kanto,431527.0,Irrigation,National Highways Act 1956,2.78,25,65,16,16,8,6,1,11552500,11552500,0,3559300,3169800,0.7975,Possession,386,0.107,0,SYNTHETIC_DEMO,Prototype-only synthetic acquisition record linked to a real Survey of India village boundary; not a government acquisition record.
SYN-ACQ-01411,SYN-PROJ-01411,CHHATTISGARH,Surajpur,Pratappur,Kewara,432227.0,Irrigation,Railways Act 1989,57.02,92,81,11,11,9,6,1,528698900,406806000,121892900,4407900,3173300,0.7947,Notification,450,0.2272,0,SYNTHETIC_DEMO,Prototype-only synthetic acquisition record linked to a real Survey of India village boundary; not a government acquisition record.
SYN-ACQ-01412,SYN-PROJ-01412,CHHATTISGARH,Raipur,Tilda,Chhachhan Pahri,444942.0,Irrigation,National Highways Act 1956,54.97,207,172,63,26,6,3,0,451851600,312391900,139459700,41683000,35101200,0.7791,GIS Verification,462,0.3077,0,SYNTHETIC_DEMO,Prototype-only synthetic acquisition record linked to a real Survey of India village boundary; not a government acquisition record.
SYN-ACQ-01413,SYN-PROJ-01413,CHHATTISGARH,Khairagarh-Chhuikhadan-Gandai,Khairagarh,Damari,440403.0,Irrigation,Other applicable statute,41.76,43,137,36,26,4,3,0,120383700,82877900,37505900,17469200,13095100,0.7383,Objection/Hearing,337,0.1222,0,SYNTHETIC_DEMO,Prototype-only synthetic acquisition record linked to a real Survey of India village boundary; not a government acquisition record.
SYN-ACQ-01414,SYN-PROJ-01414,CHHATTISGARH,Mungeli,Lormi,Khapari Kalan,437758.0,Irrigation,Other applicable statute,41.34,108,151,30,26,39,21,2,374890600,279920300,94970400,5859600,2849400,0.9134,GIS Verification,422,0.2615,0,SYNTHETIC_DEMO,Prototype-only synthetic acquisition record linked to a real Survey of India village boundary; not a government acquisition record.
SYN-ACQ-01415,SYN-PROJ-01415,CHHATTISGARH,Raigarh,Tamnar,FOREST,51.0,Power Transmission,Other applicable statute,56.21,5,9,2,2,2,0,0,396749800,194527400,202222400,1063400,486100,0.6349,Notification,456,0.242,0,SYNTHETIC_DEMO,Prototype-only synthetic acquisition record linked to a real Survey of India village boundary; not a government acquisition record.
SYN-ACQ-01416,SYN-PROJ-01416,CHHATTISGARH,Sakti,Dabhra,Kosmanda,437167.0,Urban Infrastructure,Railways Act 1989,43.35,158,128,10,10,32,28,3,430287000,383359800,46927100,8371800,8371800,0.9951,Objection/Hearing,306,0.0855,0,SYNTHETIC_DEMO,Prototype-only synthetic acquisition record linked to a real Survey of India village boundary; not a government acquisition record.
SYN-ACQ-01417,SYN-PROJ-01417,CHHATTISGARH,Surguja,Lundra,Jamdi,433380.0,Industrial Corridor,Railways Act 1989,18.33,85,176,14,13,46,34,8,80516700,80516700,0,4763600,4208200,0.5727,Objection/Hearing,436,0.2809,0,SYNTHETIC_DEMO,Prototype-only synthetic acquisition record linked to a real Survey of India village boundary; not a government acquisition record.
SYN-ACQ-01418,SYN-PROJ-01418,CHHATTISGARH,Gaurela-Pendra-Marwahi,Pendra,Lata,437633.0,Urban Infrastructure,Railways Act 1989,35.4,24,72,18,18,19,16,2,158438600,103348400,55090100,11551700,5505400,0.8664,Proposal,272,0.3576,0,SYNTHETIC_DEMO,Prototype-only synthetic acquisition record linked to a real Survey of India village boundary; not a government acquisition record.
SYN-ACQ-01419,SYN-PROJ-01419,CHHATTISGARH,Raipur,Kharora,Pathara Kundi,444955.0,Railway,Other applicable statute,24.89,196,59,18,18,4,1,0,144374400,102702100,41672400,12367300,3555100,0.7645,Award,390,0.188,0,SYNTHETIC_DEMO,Prototype-only synthetic acquisition record linked to a real Survey of India village boundary; not a government acquisition record.
SYN-ACQ-01420,SYN-PROJ-01420,CHHATTISGARH,Surguja,Udaypur,Parsa,433198.0,National Highway,RFCTLARR Act 2013,53.71,99,138,46,15,50,28,3,409538200,341601900,67936300,34272800,14155900,0.5616,Notification,486,0.2808,0,SYNTHETIC_DEMO,Prototype-only synthetic acquisition record linked to a real Survey of India village boundary; not a government acquisition record.
SYN-ACQ-01421,SYN-PROJ-01421,CHHATTISGARH,Gariyaband,Devbhog,Mungiya,445576.0,Irrigation,National Highways Act 1956,70.12,98,79,31,14,3,2,1,346325000,242339500,103985500,21723200,17378900,0.9406,Objection/Hearing,514,0.3248,0,SYNTHETIC_DEMO,Prototype-only synthetic acquisition record linked to a real Survey of India village boundary; not a government acquisition record.
SYN-ACQ-01422,SYN-PROJ-01422,CHHATTISGARH,Mahasamund,Basna,Mohka,445750.0,Railway,Railways Act 1989,21.92,19,32,12,12,4,3,0,213794900,186453700,27341200,3808000,1838000,0.9563,Notification,320,0.2067,0,SYNTHETIC_DEMO,Prototype-only synthetic acquisition record linked to a real Survey of India village boundary; not a government acquisition record.
SYN-ACQ-01423,SYN-PROJ-01423,CHHATTISGARH,Sakti,Sakti,Rishabhtirth,436907.0,Power Transmission,Other applicable statute,0.97,218,42,15,15,10,9,0,20705200,13325300,7380000,6772600,6772600,0.6643,R&R,512,0.3611,0,SYNTHETIC_DEMO,Prototype-only synthetic acquisition record linked to a real Survey of India village boundary; not a government acquisition record.
SYN-ACQ-01424,SYN-PROJ-01424,CHHATTISGARH,Dhamtari,Kurud,Bhahtagaon,446841.0,Industrial Corridor,Railways Act 1989,43.3,14,66,23,23,2,1,0,428473100,346516000,81957100,20202300,20174900,0.6223,Possession,228,0.0981,0,SYNTHETIC_DEMO,Prototype-only synthetic acquisition record linked to a real Survey of India village boundary; not a government acquisition record.
SYN-ACQ-01425,SYN-PROJ-01425,CHHATTISGARH,Dhamtari,Kukrel,Louder,446901.0,Power Transmission,RFCTLARR Act 2013,57.01,32,36,16,10,0,0,0,450248000,214411100,235836900,3112200,2265300,0.8663,Notification,299,0.1143,0,SYNTHETIC_DEMO,Prototype-only synthetic acquisition record linked to a real Survey of India village boundary; not a government acquisition record.
SYN-ACQ-01426,SYN-PROJ-01426,CHHATTISGARH,Bilaspur,Pachpedi,Amgaon,438894.0,Power Transmission,National Highways Act 1956,61.55,13,113,44,20,17,9,3,393335800,326293600,67042200,34627000,33203900,0.8905,Objection/Hearing,500,0.2967,0,SYNTHETIC_DEMO,Prototype-only synthetic acquisition record linked to a real Survey of India village boundary; not a government acquisition record.
SYN-ACQ-01427,SYN-PROJ-01427,CHHATTISGARH,Mahasamund,Bagbahra,Pankadih,446750.0,Railway,RFCTLARR Act 2013,12.74,129,103,16,16,15,8,3,89165200,89165200,0,8082200,2822400,0.96,GIS Verification,484,0.1107,0,SYNTHETIC_DEMO,Prototype-only synthetic acquisition record linked to a real Survey of India village boundary; not a government acquisition record.
SYN-ACQ-01428,SYN-PROJ-01428,CHHATTISGARH,Bijapur,Kutru,Kodepalli,451124.0,National Highway,National Highways Act 1956,53.52,123,84,40,36,3,1,0,334502900,244862900,89640000,27940300,20314000,0.7355,Award,633,0.2902,0,SYNTHETIC_DEMO,Prototype-only synthetic acquisition record linked to a real Survey of India village boundary; not a government acquisition record.
SYN-ACQ-01429,SYN-PROJ-01429,CHHATTISGARH,Jashpur,Kunkuri,Nonpani,433992.0,Urban Infrastructure,National Highways Act 1956,53.1,140,88,33,1,10,6,0,252683300,186359000,66324300,22994600,10767900,0.6385,Notification,328,0.0977,0,SYNTHETIC_DEMO,Prototype-only synthetic acquisition record linked to a real Survey of India village boundary; not a government acquisition record.
SYN-ACQ-01430,SYN-PROJ-01430,CHHATTISGARH,Bijapur,Bhopalpattnam,Ponjer,450812.0,Industrial Corridor,Other applicable statute,60.86,208,82,33,33,8,7,1,200832100,154745600,46086500,12506700,3750300,0.6114,R&R,641,0.2524,0,SYNTHETIC_DEMO,Prototype-only synthetic acquisition record linked to a real Survey of India village boundary; not a government acquisition record.
SYN-ACQ-01431,SYN-PROJ-01431,CHHATTISGARH,Balodabazar-Bhatapara,Palari,Khairi,443957.0,National Highway,Other applicable statute,43.34,136,93,39,37,12,6,0,313285600,206295200,106990400,30289200,28795900,0.8986,Objection/Hearing,167,0.1054,0,SYNTHETIC_DEMO,Prototype-only synthetic acquisition record linked to a real Survey of India village boundary; not a government acquisition record.
SYN-ACQ-01432,SYN-PROJ-01432,CHHATTISGARH,Surajpur,Odgi,Karri,432710.0,Irrigation,Other applicable statute,38.66,180,61,21,5,2,1,0,319765300,259538500,60226800,3617100,1984000,0.8143,Compensation,275,0.0832,0,SYNTHETIC_DEMO,Prototype-only synthetic acquisition record linked to a real Survey of India village boundary; not a government acquisition record.
SYN-ACQ-01433,SYN-PROJ-01433,CHHATTISGARH,Korba,Dipka,Keshla,435829.0,Industrial Corridor,Other applicable statute,57.11,184,30,15,15,5,2,0,494821700,319511900,175309900,2497700,1554800,0.8404,Possession,412,0.1091,0,SYNTHETIC_DEMO,Prototype-only synthetic acquisition record linked to a real Survey of India village boundary; not a government acquisition record.
SYN-ACQ-01434,SYN-PROJ-01434,CHHATTISGARH,Balodabazar-Bhatapara,Simga,Dhabadih,443497.0,National Highway,National Highways Act 1956,40.42,185,168,22,1,16,13,2,133132300,94743100,38389200,12266000,12266000,0.665,GIS Verification,323,0.1705,0,SYNTHETIC_DEMO,Prototype-only synthetic acquisition record linked to a real Survey of India village boundary; not a government acquisition record.
SYN-ACQ-01435,SYN-PROJ-01435,CHHATTISGARH,Kondagaon,Pharasgaon,Gohada,449004.0,National Highway,Railways Act 1989,40.88,27,82,18,15,14,8,1,229682700,93989800,135692900,13325700,8531200,0.8217,Notification,224,0.0806,0,SYNTHETIC_DEMO,Prototype-only synthetic acquisition record linked to a real Survey of India village boundary; not a government acquisition record.
SYN-ACQ-01436,SYN-PROJ-01436,CHHATTISGARH,Bastar,Jagdalpur,Atapharisemra,449072.0,Urban Infrastructure,Railways Act 1989,14.02,193,150,74,39,5,4,0,88287100,84572500,3714500,14489600,2555400,0.8269,Notification,442,0.1219,0,SYNTHETIC_DEMO,Prototype-only synthetic acquisition record linked to a real Survey of India village boundary; not a government acquisition record.
SYN-ACQ-01437,SYN-PROJ-01437,CHHATTISGARH,Jashpur,Jashpur,FOREST,51.0,National Highway,Railways Act 1989,23.57,47,41,7,5,9,5,0,193646100,161371300,32274700,3226700,3167100,0.8889,Notification,628,0.3106,0,SYNTHETIC_DEMO,Prototype-only synthetic acquisition record linked to a real Survey of India village boundary; not a government acquisition record.
SYN-ACQ-01438,SYN-PROJ-01438,CHHATTISGARH,Mahasamund,Pithora,Kotgarh,446413.0,Railway,Railways Act 1989,14.25,125,140,67,10,37,17,2,147502400,119854800,27647600,36369300,34033800,0.7,Notification,366,0.1508,0,SYNTHETIC_DEMO,Prototype-only synthetic acquisition record linked to a real Survey of India village boundary; not a government acquisition record.
SYN-ACQ-01439,SYN-PROJ-01439,CHHATTISGARH,Jashpur,Duldula,Gidhasand,434095.0,Industrial Corridor,Other applicable statute,50.7,95,167,31,12,22,21,1,187073500,166868200,20205300,12385000,10218500,0.7679,Objection/Hearing,540,0.1638,0,SYNTHETIC_DEMO,Prototype-only synthetic acquisition record linked to a real Survey of India village boundary; not a government acquisition record.
SYN-ACQ-01440,SYN-PROJ-01440,CHHATTISGARH,Durg,Patan,Khapri,442764.0,Power Transmission,Railways Act 1989,4.12,208,134,29,20,9,5,2,68209000,41447700,26761300,7233300,4048400,0.9471,Possession,469,0.2541,0,SYNTHETIC_DEMO,Prototype-only synthetic acquisition record linked to a real Survey of India village boundary; not a government acquisition record.
SYN-ACQ-01441,SYN-PROJ-01441,CHHATTISGARH,Surajpur,Latori,Jagatpur,432503.0,Railway,Railways Act 1989,2.69,70,81,23,7,26,10,2,14562300,10810600,3751700,15718900,15718900,0.9408,R&R,410,0.1894,0,SYNTHETIC_DEMO,Prototype-only synthetic acquisition record linked to a real Survey of India village boundary; not a government acquisition record.
SYN-ACQ-01442,SYN-PROJ-01442,CHHATTISGARH,Bijapur,Bhairamgarh,Belchar,451227.0,Urban Infrastructure,Other applicable statute,57.13,179,155,64,14,34,25,3,535485500,353805000,181680500,44406100,15186100,0.6515,R&R,436,0.0975,0,SYNTHETIC_DEMO,Prototype-only synthetic acquisition record linked to a real Survey of India village boundary; not a government acquisition record.
SYN-ACQ-01443,SYN-PROJ-01443,CHHATTISGARH,Balod,Marri Bangla (Deori),Bharnabhat,442972.0,Power Transmission,Other applicable statute,24.29,112,8,4,4,0,0,0,83594100,67165800,16428300,1443700,455000,0.7839,Objection/Hearing,594,0.2285,0,SYNTHETIC_DEMO,Prototype-only synthetic acquisition record linked to a real Survey of India village boundary; not a government acquisition record.
SYN-ACQ-01444,SYN-PROJ-01444,CHHATTISGARH,Balod,Daundi,Pathara Tola,443268.0,Railway,Other applicable statute,16.38,128,84,23,2,11,6,0,80668900,80668900,0,8688100,7905200,0.6576,Award,250,0.0075,0,SYNTHETIC_DEMO,Prototype-only synthetic acquisition record linked to a real Survey of India village boundary; not a government acquisition record.
SYN-ACQ-01445,SYN-PROJ-01445,CHHATTISGARH,Uttar Bastar Kanker,Bande,Chhote Bethiya,448384.0,Railway,National Highways Act 1956,66.04,159,40,5,5,9,3,1,442253300,217749800,224503500,1273900,403300,0.7812,Objection/Hearing,612,0.3134,0,SYNTHETIC_DEMO,Prototype-only synthetic acquisition record linked to a real Survey of India village boundary; not a government acquisition record.
SYN-ACQ-01446,SYN-PROJ-01446,CHHATTISGARH,Korea,Patna,Jamghana,431461.0,Irrigation,National Highways Act 1956,17.13,7,52,23,23,9,5,0,98060100,70498100,27562000,16172900,16172900,0.7567,Notification,536,0.2847,0,SYNTHETIC_DEMO,Prototype-only synthetic acquisition record linked to a real Survey of India village boundary; not a government acquisition record.
SYN-ACQ-01447,SYN-PROJ-01447,CHHATTISGARH,Kondagaon,Kondagaon,Chichpolang,448689.0,Industrial Corridor,RFCTLARR Act 2013,15.72,187,160,77,39,52,37,3,96805500,64213500,32592100,55116500,41822100,0.6484,Notification,463,0.2699,0,SYNTHETIC_DEMO,Prototype-only synthetic acquisition record linked to a real Survey of India village boundary; not a government acquisition record.
SYN-ACQ-01448,SYN-PROJ-01448,CHHATTISGARH,Sakti,Malkharoda,Chhote Rabeli,437304.0,Industrial Corridor,Other applicable statute,51.41,21,93,30,21,19,13,1,295807400,165594600,130212800,11231600,6170900,0.663,Notification,424,0.4771,0,SYNTHETIC_DEMO,Prototype-only synthetic acquisition record linked to a real Survey of India village boundary; not a government acquisition record.
SYN-ACQ-01449,SYN-PROJ-01449,CHHATTISGARH,Kabeerdham,Rengakharkala,Ghatola,439548.0,Urban Infrastructure,National Highways Act 1956,21.04,145,149,16,16,43,34,4,148111300,134839600,13271600,13334700,13334700,0.8361,Award,459,0.1755,0,SYNTHETIC_DEMO,Prototype-only synthetic acquisition record linked to a real Survey of India village boundary; not a government acquisition record.
SYN-ACQ-01450,SYN-PROJ-01450,CHHATTISGARH,Balodabazar-Bhatapara,Balodabazar,Rawan (CT),443851.0,Irrigation,National Highways Act 1956,43.57,195,40,18,10,11,9,0,279671800,265621200,14050500,13625500,5626500,0.6241,Objection/Hearing,601,0.4388,0,SYNTHETIC_DEMO,Prototype-only synthetic acquisition record linked to a real Survey of India village boundary; not a government acquisition record.
SYN-ACQ-01451,SYN-PROJ-01451,CHHATTISGARH,Raigarh,Lailunga,FOREST,51.0,Irrigation,Other applicable statute,41.38,43,120,60,7,14,9,1,243705000,209981500,33723500,17293800,4578900,0.9272,Possession,276,0.019,0,SYNTHETIC_DEMO,Prototype-only synthetic acquisition record linked to a real Survey of India village boundary; not a government acquisition record.
SYN-ACQ-01452,SYN-PROJ-01452,CHHATTISGARH,Kabeerdham,Kunda,Kheltukri,439996.0,Power Transmission,Other applicable statute,21.48,166,120,13,13,34,16,2,95967700,95967700,0,6988000,5193800,0.5781,Compensation,364,0.2579,0,SYNTHETIC_DEMO,Prototype-only synthetic acquisition record linked to a real Survey of India village boundary; not a government acquisition record.
SYN-ACQ-01453,SYN-PROJ-01453,CHHATTISGARH,Sarangarh-Bilaigarh,Sarsiwa,Balaudi,444353.0,National Highway,National Highways Act 1956,59.34,177,27,13,13,2,1,0,511368500,266359000,245009500,2479000,1645500,0.8719,Possession,329,0.0463,0,SYNTHETIC_DEMO,Prototype-only synthetic acquisition record linked to a real Survey of India village boundary; not a government acquisition record.
SYN-ACQ-01454,SYN-PROJ-01454,CHHATTISGARH,Kabeerdham,Sahaspur Lohara,Rakse,439687.0,Urban Infrastructure,RFCTLARR Act 2013,38.81,67,119,44,3,9,4,1,107082300,35625600,71456800,32464700,23406500,0.705,Completed,563,0.2106,0,SYNTHETIC_DEMO,Prototype-only synthetic acquisition record linked to a real Survey of India village boundary; not a government acquisition record.
SYN-ACQ-01455,SYN-PROJ-01455,CHHATTISGARH,Mungeli,Pathariya,Siltara,438411.0,Railway,Other applicable statute,15.45,81,45,9,9,4,2,0,151766400,144038400,7728000,7674500,6652300,0.6252,Notification,398,0.1849,0,SYNTHETIC_DEMO,Prototype-only synthetic acquisition record linked to a real Survey of India village boundary; not a government acquisition record.
SYN-ACQ-01456,SYN-PROJ-01456,CHHATTISGARH,Dhamtari,Nagri,Bhiterras,447287.0,Power Transmission,Other applicable statute,14.43,10,171,22,6,26,10,0,49384700,23048400,26336300,15559100,10266900,0.6564,GIS Verification,394,0.1665,0,SYNTHETIC_DEMO,Prototype-only synthetic acquisition record linked to a real Survey of India village boundary; not a government acquisition record.
SYN-ACQ-01457,SYN-PROJ-01457,CHHATTISGARH,Gariyaband,Gariyaband,Keshodar,445101.0,Railway,Railways Act 1989,70.67,125,146,42,17,26,25,4,230140000,222428100,7711900,32564500,11572100,0.8132,Completed,498,0.1567,0,SYNTHETIC_DEMO,Prototype-only synthetic acquisition record linked to a real Survey of India village boundary; not a government acquisition record.
SYN-ACQ-01458,SYN-PROJ-01458,CHHATTISGARH,Raipur,Arang,Paragaon-1 (Paragaon),444490.0,Railway,RFCTLARR Act 2013,73.1,8,144,48,6,52,50,1,323722500,323722500,0,11059400,8663900,0.7155,Completed,536,0.2511,0,SYNTHETIC_DEMO,Prototype-only synthetic acquisition record linked to a real Survey of India village boundary; not a government acquisition record.
SYN-ACQ-01459,SYN-PROJ-01459,CHHATTISGARH,Kondagaon,Mardapal,Padnar,448739.0,Railway,RFCTLARR Act 2013,43.48,61,20,11,11,5,3,0,133381300,59955600,73425700,7170700,4856700,0.8059,R&R,592,0.4305,0,SYNTHETIC_DEMO,Prototype-only synthetic acquisition record linked to a real Survey of India village boundary; not a government acquisition record.
SYN-ACQ-01460,SYN-PROJ-01460,CHHATTISGARH,Korba,Barpali,Ghataduwari,436468.0,Urban Infrastructure,Railways Act 1989,48.01,58,81,6,5,24,20,0,133120200,74793900,58326300,2479300,2059000,0.9867,GIS Verification,340,0.2434,0,SYNTHETIC_DEMO,Prototype-only synthetic acquisition record linked to a real Survey of India village boundary; not a government acquisition record.
SYN-ACQ-01461,SYN-PROJ-01461,CHHATTISGARH,Surguja,Ambikapur,Forest,51.0,National Highway,Other applicable statute,62.79,3,21,10,2,4,3,0,332205600,267420900,64784700,5590500,4996300,0.6475,Award,382,0.2243,0,SYNTHETIC_DEMO,Prototype-only synthetic acquisition record linked to a real Survey of India village boundary; not a government acquisition record.
SYN-ACQ-01462,SYN-PROJ-01462,CHHATTISGARH,Jashpur,Farsabahar,Sajbahar,434140.0,Urban Infrastructure,National Highways Act 1956,56.41,107,155,57,20,47,30,4,525080600,372555300,152525300,36427000,27258400,0.9303,Possession,336,0.0989,0,SYNTHETIC_DEMO,Prototype-only synthetic acquisition record linked to a real Survey of India village boundary; not a government acquisition record.
SYN-ACQ-01463,SYN-PROJ-01463,CHHATTISGARH,Gariyaband,Mainpur,Chuiha,445404.0,Industrial Corridor,Railways Act 1989,55.93,141,68,27,7,1,0,1,505459200,364123100,141336100,7426300,3616700,0.8355,Award,509,0.2964,0,SYNTHETIC_DEMO,Prototype-only synthetic acquisition record linked to a real Survey of India village boundary; not a government acquisition record.
SYN-ACQ-01464,SYN-PROJ-01464,CHHATTISGARH,Balod,Daundi,FOREST,51.0,National Highway,Other applicable statute,17.76,65,151,40,19,30,22,2,88256900,44347600,43909300,22722900,13797700,0.8089,Objection/Hearing,349,0.3184,0,SYNTHETIC_DEMO,Prototype-only synthetic acquisition record linked to a real Survey of India village boundary; not a government acquisition record.
SYN-ACQ-01465,SYN-PROJ-01465,CHHATTISGARH,Durg,Patan,Basin (Kutri),442746.0,Railway,National Highways Act 1956,27.25,127,140,29,29,27,15,1,187588900,176272500,11316400,24707600,21871100,0.7704,Proposal,516,0.2496,0,SYNTHETIC_DEMO,Prototype-only synthetic acquisition record linked to a real Survey of India village boundary; not a government acquisition record.
SYN-ACQ-01466,SYN-PROJ-01466,CHHATTISGARH,Mahasamund,Pithora,Arangitukda Naya,446397.0,Railway,Railways Act 1989,71.71,89,164,26,26,30,20,2,358606100,270146500,88459500,18339500,7053400,0.8734,Compensation,230,0.001,0,SYNTHETIC_DEMO,Prototype-only synthetic acquisition record linked to a real Survey of India village boundary; not a government acquisition record.
SYN-ACQ-01467,SYN-PROJ-01467,CHHATTISGARH,Bijapur,Usur,Gunjeparti,450933.0,Power Transmission,Other applicable statute,72.99,28,110,7,5,7,3,0,306705000,180221200,126483800,4261200,1139200,0.8217,Award,445,0.1867,0,SYNTHETIC_DEMO,Prototype-only synthetic acquisition record linked to a real Survey of India village boundary; not a government acquisition record.
SYN-ACQ-01468,SYN-PROJ-01468,CHHATTISGARH,Mohla-Manpur-Ambagarh Chouki,Khadgaon,FOREST,51.0,Power Transmission,RFCTLARR Act 2013,20.4,33,13,6,6,0,0,0,110143100,106921800,3221400,3067800,2067000,0.7909,Notification,484,0.249,0,SYNTHETIC_DEMO,Prototype-only synthetic acquisition record linked to a real Survey of India village boundary; not a government acquisition record.
SYN-ACQ-01469,SYN-PROJ-01469,CHHATTISGARH,Sarangarh-Bilaigarh,Sarsiwa,Balpur,444356.0,National Highway,RFCTLARR Act 2013,69.56,170,112,17,17,31,16,0,607829800,607829800,0,8271300,6168000,0.8183,Compensation,298,0.0873,0,SYNTHETIC_DEMO,Prototype-only synthetic acquisition record linked to a real Survey of India village boundary; not a government acquisition record.
SYN-ACQ-01470,SYN-PROJ-01470,CHHATTISGARH,Balodabazar-Bhatapara,Lavan,Gindola,443780.0,Power Transmission,RFCTLARR Act 2013,14.94,175,78,16,10,18,7,1,103370200,64957100,38413100,4278400,4278400,0.6801,GIS Verification,452,0.357,0,SYNTHETIC_DEMO,Prototype-only synthetic acquisition record linked to a real Survey of India village boundary; not a government acquisition record.
SYN-ACQ-01471,SYN-PROJ-01471,CHHATTISGARH,Dhamtari,Dhamtari,Semra,447050.0,Irrigation,Other applicable statute,7.07,73,128,30,30,36,30,0,68689900,46555500,22134400,16889000,16889000,0.6471,Proposal,661,0.3733,0,SYNTHETIC_DEMO,Prototype-only synthetic acquisition record linked to a real Survey of India village boundary; not a government acquisition record.
SYN-ACQ-01472,SYN-PROJ-01472,CHHATTISGARH,Manendragarh-Chirmiri-Bharatpur (MCB),Kotadol,Janaura,431371.0,Power Transmission,RFCTLARR Act 2013,2.94,108,71,22,11,15,13,1,16470400,10766400,5704000,12767100,10579100,0.8763,Award,470,0.2312,0,SYNTHETIC_DEMO,Prototype-only synthetic acquisition record linked to a real Survey of India village boundary; not a government acquisition record.
SYN-ACQ-01473,SYN-PROJ-01473,CHHATTISGARH,Balodabazar-Bhatapara,Sonakhan,Nithora,444102.0,National Highway,RFCTLARR Act 2013,10.8,62,54,8,8,10,7,0,111553000,45122400,66430600,3493500,2571500,0.9964,Award,573,0.3512,0,SYNTHETIC_DEMO,Prototype-only synthetic acquisition record linked to a real Survey of India village boundary; not a government acquisition record.
SYN-ACQ-01474,SYN-PROJ-01474,CHHATTISGARH,Korba,Barpali,Sajapani,436472.0,Industrial Corridor,Other applicable statute,6.5,146,108,33,33,18,15,1,72661000,43629300,29031700,28554000,25532800,0.9404,R&R,212,0.1794,0,SYNTHETIC_DEMO,Prototype-only synthetic acquisition record linked to a real Survey of India village boundary; not a government acquisition record.
SYN-ACQ-01475,SYN-PROJ-01475,CHHATTISGARH,Balrampur-Ramanujganj,Wadrafnagar,FOREST,51.0,National Highway,RFCTLARR Act 2013,58.28,79,15,2,2,5,3,2,227314700,182553700,44760900,1744600,1384200,0.9971,Notification,682,0.4898,0,SYNTHETIC_DEMO,Prototype-only synthetic acquisition record linked to a real Survey of India village boundary; not a government acquisition record.
SYN-ACQ-01476,SYN-PROJ-01476,CHHATTISGARH,Manendragarh-Chirmiri-Bharatpur (MCB),Bharatpur,Jaiti,431261.0,Power Transmission,National Highways Act 1956,5.41,177,130,32,2,4,3,0,59694500,32947300,26747200,21543300,11815800,0.8001,Notification,541,0.1706,0,SYNTHETIC_DEMO,Prototype-only synthetic acquisition record linked to a real Survey of India village boundary; not a government acquisition record.
SYN-ACQ-01477,SYN-PROJ-01477,CHHATTISGARH,Jashpur,Jashpur,Killing,433795.0,Railway,Other applicable statute,21.46,107,127,55,26,26,17,1,112475300,95839200,16636100,12326900,7196200,0.8149,Completed,473,0.2897,0,SYNTHETIC_DEMO,Prototype-only synthetic acquisition record linked to a real Survey of India village boundary; not a government acquisition record.
SYN-ACQ-01478,SYN-PROJ-01478,CHHATTISGARH,Jashpur,Kunkuri,Beharakhar,433987.0,Urban Infrastructure,National Highways Act 1956,4.81,73,109,39,14,12,6,2,78484400,69435400,9049000,21405700,11530100,0.9514,Compensation,287,0.0656,0,SYNTHETIC_DEMO,Prototype-only synthetic acquisition record linked to a real Survey of India village boundary; not a government acquisition record.
SYN-ACQ-01479,SYN-PROJ-01479,CHHATTISGARH,Bilaspur,Pachpedi,Bharari,438922.0,Industrial Corridor,National Highways Act 1956,74.17,116,59,26,19,21,14,1,473107500,469196700,3910900,17300500,16756800,0.8749,Objection/Hearing,255,0.0959,0,SYNTHETIC_DEMO,Prototype-only synthetic acquisition record linked to a real Survey of India village boundary; not a government acquisition record.
SYN-ACQ-01480,SYN-PROJ-01480,CHHATTISGARH,Balrampur-Ramanujganj,Ramanujganj,Ramanujganj (NP),801917.0,Railway,Other applicable statute,60.21,92,124,10,10,41,23,5,229789000,154676900,75112200,5605100,3393600,0.7828,Notification,326,0.0964,0,SYNTHETIC_DEMO,Prototype-only synthetic acquisition record linked to a real Survey of India village boundary; not a government acquisition record.
SYN-ACQ-01481,SYN-PROJ-01481,CHHATTISGARH,Balod,Gurur,Bheja,443425.0,Power Transmission,Railways Act 1989,59.55,81,151,10,8,36,24,1,254077900,145910500,108167400,7834500,4311200,0.8903,Objection/Hearing,256,0.0585,0,SYNTHETIC_DEMO,Prototype-only synthetic acquisition record linked to a real Survey of India village boundary; not a government acquisition record.
SYN-ACQ-01482,SYN-PROJ-01482,CHHATTISGARH,Surguja,Ambikapur,Bhitthi Khurd,432932.0,Power Transmission,RFCTLARR Act 2013,28.27,149,62,29,29,4,2,1,76175900,51972600,24203300,10726400,7098800,0.563,Completed,430,0.3509,0,SYNTHETIC_DEMO,Prototype-only synthetic acquisition record linked to a real Survey of India village boundary; not a government acquisition record.
SYN-ACQ-01483,SYN-PROJ-01483,CHHATTISGARH,Uttar Bastar Kanker,Kanker,Murragaon,447818.0,Railway,National Highways Act 1956,64.41,148,178,44,30,62,35,0,522466400,273490300,248976000,28269000,25391900,0.7771,Compensation,579,0.3056,0,SYNTHETIC_DEMO,Prototype-only synthetic acquisition record linked to a real Survey of India village boundary; not a government acquisition record.
SYN-ACQ-01484,SYN-PROJ-01484,CHHATTISGARH,Narayanpur,Kohkameta,Palemeta,449834.0,Railway,RFCTLARR Act 2013,50.57,180,151,44,30,19,11,0,339535800,262220900,77314800,19470600,13992200,0.8503,Completed,375,0.1001,0,SYNTHETIC_DEMO,Prototype-only synthetic acquisition record linked to a real Survey of India village boundary; not a government acquisition record.
SYN-ACQ-01485,SYN-PROJ-01485,CHHATTISGARH,Jashpur,Bagicha,Bagicha (NP),801931.0,Industrial Corridor,RFCTLARR Act 2013,19.77,49,126,10,10,35,32,0,121178700,121178700,0,7735600,3940100,0.7577,Notification,423,0.0,0,SYNTHETIC_DEMO,Prototype-only synthetic acquisition record linked to a real Survey of India village boundary; not a government acquisition record.
SYN-ACQ-01486,SYN-PROJ-01486,CHHATTISGARH,Uttar Bastar Kanker,Kanker,Chiwranj,447843.0,National Highway,Other applicable statute,1.21,28,146,62,3,45,33,1,40997200,32187500,8809700,28653500,19801900,0.5971,Notification,632,0.438,0,SYNTHETIC_DEMO,Prototype-only synthetic acquisition record linked to a real Survey of India village boundary; not a government acquisition record.
SYN-ACQ-01487,SYN-PROJ-01487,CHHATTISGARH,Sakti,Chandrapur,Khaira Khurd,437185.0,Railway,Railways Act 1989,32.66,117,143,69,31,29,20,1,284726800,148297900,136428900,24935700,9725800,0.9718,R&R,518,0.273,0,SYNTHETIC_DEMO,Prototype-only synthetic acquisition record linked to a real Survey of India village boundary; not a government acquisition record.
SYN-ACQ-01488,SYN-PROJ-01488,CHHATTISGARH,Dhamtari,Belargaon,FOREST,51.0,National Highway,Other applicable statute,69.88,101,81,13,8,6,5,0,625284600,625284600,0,2244600,1321100,0.7527,Award,472,0.2218,0,SYNTHETIC_DEMO,Prototype-only synthetic acquisition record linked to a real Survey of India village boundary; not a government acquisition record.
SYN-ACQ-01489,SYN-PROJ-01489,CHHATTISGARH,Dakshin Bastar Dantewada,Gidam,Kandakarka,450148.0,Railway,National Highways Act 1956,67.59,219,169,15,15,8,4,1,306970200,181270100,125700100,7086400,6439300,0.6042,Notification,235,0.1884,0,SYNTHETIC_DEMO,Prototype-only synthetic acquisition record linked to a real Survey of India village boundary; not a government acquisition record.
SYN-ACQ-01490,SYN-PROJ-01490,CHHATTISGARH,Balrampur-Ramanujganj,Raghunathnagar,Mudhiya,432091.0,Irrigation,RFCTLARR Act 2013,7.42,70,12,2,2,3,2,0,40748000,37525800,3222300,1535900,782800,0.806,Scrutiny,189,0.0,0,SYNTHETIC_DEMO,Prototype-only synthetic acquisition record linked to a real Survey of India village boundary; not a government acquisition record.
SYN-ACQ-01491,SYN-PROJ-01491,CHHATTISGARH,Bastar,Jagdalpur,Jagdalpur (M.Corp.),802064.0,Power Transmission,Other applicable statute,48.17,106,57,4,4,13,6,2,240069900,163120400,76949500,1075700,543100,0.7236,GIS Verification,262,0.0978,0,SYNTHETIC_DEMO,Prototype-only synthetic acquisition record linked to a real Survey of India village boundary; not a government acquisition record.
SYN-ACQ-01492,SYN-PROJ-01492,CHHATTISGARH,Surguja,Udaypur,Chainpur,433214.0,Power Transmission,Railways Act 1989,24.47,197,42,20,20,13,8,3,53496300,43429500,10066800,15050400,4058700,0.934,Completed,622,0.1175,0,SYNTHETIC_DEMO,Prototype-only synthetic acquisition record linked to a real Survey of India village boundary; not a government acquisition record.
SYN-ACQ-01493,SYN-PROJ-01493,CHHATTISGARH,Janjgir-Champa,Baloda,Mohda,436672.0,National Highway,National Highways Act 1956,29.79,104,11,6,6,2,0,0,121894200,93606700,28287500,1581200,1090300,0.9746,R&R,434,0.1659,0,SYNTHETIC_DEMO,Prototype-only synthetic acquisition record linked to a real Survey of India village boundary; not a government acquisition record.
SYN-ACQ-01494,SYN-PROJ-01494,CHHATTISGARH,Bastar,Bastar,Karmari,449341.0,Industrial Corridor,RFCTLARR Act 2013,21.83,7,24,4,4,6,5,0,73196200,50631200,22565000,3279300,2944500,0.6075,Compensation,590,0.2915,0,SYNTHETIC_DEMO,Prototype-only synthetic acquisition record linked to a real Survey of India village boundary; not a government acquisition record.
SYN-ACQ-01495,SYN-PROJ-01495,CHHATTISGARH,Balrampur-Ramanujganj,Chalgali,Manpur,432153.0,Railway,Railways Act 1989,6.07,71,74,33,22,5,3,0,70463100,70463100,0,21548100,15579800,0.9473,GIS Verification,365,0.0878,0,SYNTHETIC_DEMO,Prototype-only synthetic acquisition record linked to a real Survey of India village boundary; not a government acquisition record.
SYN-ACQ-01496,SYN-PROJ-01496,CHHATTISGARH,Jashpur,Farsabahar,Tuba,434200.0,Irrigation,Railways Act 1989,0.62,94,166,61,32,46,38,3,28954100,20759100,8195100,10776600,6891200,0.774,Notification,700,0.3007,0,SYNTHETIC_DEMO,Prototype-only synthetic acquisition record linked to a real Survey of India village boundary; not a government acquisition record.
SYN-ACQ-01497,SYN-PROJ-01497,CHHATTISGARH,Korba,Poundi-Uproda,FOREST,51.0,Industrial Corridor,Railways Act 1989,15.43,109,10,6,6,1,0,0,144920100,121439300,23480800,3790800,2339900,0.5564,Compensation,551,0.3323,0,SYNTHETIC_DEMO,Prototype-only synthetic acquisition record linked to a real Survey of India village boundary; not a government acquisition record.
SYN-ACQ-01498,SYN-PROJ-01498,CHHATTISGARH,Kabeerdham,Bodla,Dhooma Chhapar,439257.0,Industrial Corridor,Railways Act 1989,21.01,130,116,38,33,35,34,5,158493000,115729700,42763300,8414400,1893700,0.8487,Compensation,587,0.3678,0,SYNTHETIC_DEMO,Prototype-only synthetic acquisition record linked to a real Survey of India village boundary; not a government acquisition record.
SYN-ACQ-01499,SYN-PROJ-01499,CHHATTISGARH,Uttar Bastar Kanker,Bhanupratappur,FOREST,51.0,Railway,Railways Act 1989,42.05,92,65,20,20,19,13,1,359296300,220230500,139065800,6553000,6553000,0.5653,Scrutiny,584,0.3487,0,SYNTHETIC_DEMO,Prototype-only synthetic acquisition record linked to a real Survey of India village boundary; not a government acquisition record.
SYN-ACQ-01500,SYN-PROJ-01500,CHHATTISGARH,Narayanpur,Narayanpur,Mundpal,449755.0,Irrigation,National Highways Act 1956,54.27,125,31,4,4,2,1,0,161426800,144537100,16889700,1812700,1212900,0.654,Scrutiny,614,0.2664,0,SYNTHETIC_DEMO,Prototype-only synthetic acquisition record linked to a real Survey of India village boundary; not a government acquisition record.
SYN-ACQ-01501,SYN-PROJ-01501,CHHATTISGARH,Uttar Bastar Kanker,Bhanupratappur,FOREST,51.0,Irrigation,Railways Act 1989,5.04,133,49,12,4,11,5,0,17468100,10278200,7189800,8262000,5656100,0.6852,Completed,663,0.3042,0,SYNTHETIC_DEMO,Prototype-only synthetic acquisition record linked to a real Survey of India village boundary; not a government acquisition record.
SYN-ACQ-01502,SYN-PROJ-01502,CHHATTISGARH,Mahasamund,Komakhan,Khusrupali,446598.0,Irrigation,Other applicable statute,55.22,28,110,14,1,31,15,6,292571600,192028900,100542700,4649700,3002500,0.7375,Award,555,0.3296,0,SYNTHETIC_DEMO,Prototype-only synthetic acquisition record linked to a real Survey of India village boundary; not a government acquisition record.
SYN-ACQ-01503,SYN-PROJ-01503,CHHATTISGARH,Uttar Bastar Kanker,Bande,Karshak Nagar,448361.0,Railway,National Highways Act 1956,30.86,188,141,60,18,40,16,3,147505900,117337400,30168500,33159100,14171700,0.7469,Notification,213,0.0613,0,SYNTHETIC_DEMO,Prototype-only synthetic acquisition record linked to a real Survey of India village boundary; not a government acquisition record.
SYN-ACQ-01504,SYN-PROJ-01504,CHHATTISGARH,Sukma,Konta,Jabeli,450498.0,Industrial Corridor,National Highways Act 1956,29.37,68,115,7,7,2,1,0,102182000,80021700,22160300,2436600,1186600,0.9711,GIS Verification,181,0.0385,0,SYNTHETIC_DEMO,Prototype-only synthetic acquisition record linked to a real Survey of India village boundary; not a government acquisition record.
SYN-ACQ-01505,SYN-PROJ-01505,CHHATTISGARH,Narayanpur,Orchha,Mandali,449975.0,National Highway,RFCTLARR Act 2013,40.93,155,164,24,24,11,9,0,312738800,181190600,131548200,16312600,6592000,0.8494,R&R,689,0.2425,0,SYNTHETIC_DEMO,Prototype-only synthetic acquisition record linked to a real Survey of India village boundary; not a government acquisition record.
SYN-ACQ-01506,SYN-PROJ-01506,CHHATTISGARH,Kondagaon,Makdi,Tedmunda,448854.0,Power Transmission,National Highways Act 1956,64.1,67,90,23,23,8,6,1,356287600,305673100,50614400,17257300,14174300,0.737,Notification,45,0.0,0,SYNTHETIC_DEMO,Prototype-only synthetic acquisition record linked to a real Survey of India village boundary; not a government acquisition record.
SYN-ACQ-01507,SYN-PROJ-01507,CHHATTISGARH,Bemetara,Thankhamariya,Rampura,442183.0,National Highway,Railways Act 1989,51.16,17,146,33,23,36,22,1,405416000,332163700,73252400,28191300,25795300,0.8583,Objection/Hearing,250,0.1401,0,SYNTHETIC_DEMO,Prototype-only synthetic acquisition record linked to a real Survey of India village boundary; not a government acquisition record.
SYN-ACQ-01508,SYN-PROJ-01508,CHHATTISGARH,Bilaspur,Takhatpur,Safaribhatha,438533.0,Irrigation,RFCTLARR Act 2013,16.4,180,90,16,11,18,8,2,168622600,124958300,43664400,10796400,7502800,0.6764,Award,751,0.4734,0,SYNTHETIC_DEMO,Prototype-only synthetic acquisition record linked to a real Survey of India village boundary; not a government acquisition record.
SYN-ACQ-01509,SYN-PROJ-01509,CHHATTISGARH,Kabeerdham,Pandariya,Bhadrali,439862.0,Railway,RFCTLARR Act 2013,22.07,38,15,5,5,3,1,0,105351400,83265200,22086200,3286700,1121100,0.9094,Possession,130,0.0647,0,SYNTHETIC_DEMO,Prototype-only synthetic acquisition record linked to a real Survey of India village boundary; not a government acquisition record.
SYN-ACQ-01510,SYN-PROJ-01510,CHHATTISGARH,Sukma,Dornapal,Singanmargu,450467.0,National Highway,Other applicable statute,61.41,147,26,1,1,5,3,1,466487100,457879200,8607900,646200,444800,0.9383,GIS Verification,416,0.1327,0,SYNTHETIC_DEMO,Prototype-only synthetic acquisition record linked to a real Survey of India village boundary; not a government acquisition record.
SYN-ACQ-01511,SYN-PROJ-01511,CHHATTISGARH,Sukma,Konta,Lendra,450386.0,Railway,National Highways Act 1956,66.65,19,48,4,4,1,0,0,256890200,253907100,2983100,1233800,734900,0.6575,Scrutiny,316,0.035,0,SYNTHETIC_DEMO,Prototype-only synthetic acquisition record linked to a real Survey of India village boundary; not a government acquisition record.
SYN-ACQ-01512,SYN-PROJ-01512,CHHATTISGARH,Bilaspur,Bilha,Nipaniya,438980.0,National Highway,RFCTLARR Act 2013,30.89,124,20,6,1,1,0,0,172628000,160813800,11814300,3059000,2112100,0.7218,GIS Verification,45,0.0008,0,SYNTHETIC_DEMO,Prototype-only synthetic acquisition record linked to a real Survey of India village boundary; not a government acquisition record.
SYN-ACQ-01513,SYN-PROJ-01513,CHHATTISGARH,Balodabazar-Bhatapara,Kasdol,Mudpar,444042.0,Power Transmission,Other applicable statute,45.36,158,43,7,7,13,11,0,271903100,159249700,112653400,1858300,1577100,0.8726,R&R,155,0.2309,0,SYNTHETIC_DEMO,Prototype-only synthetic acquisition record linked to a real Survey of India village boundary; not a government acquisition record.
SYN-ACQ-01514,SYN-PROJ-01514,CHHATTISGARH,Uttar Bastar Kanker,Antagarh,Nawagaon,448045.0,Industrial Corridor,RFCTLARR Act 2013,63.3,201,119,17,2,16,12,4,263266000,212148100,51117900,11830100,10587000,0.7771,Objection/Hearing,498,0.3583,0,SYNTHETIC_DEMO,Prototype-only synthetic acquisition record linked to a real Survey of India village boundary; not a government acquisition record.
SYN-ACQ-01515,SYN-PROJ-01515,CHHATTISGARH,Gariyaband,Rajim,Khapri Urf.Dudhkaiya),444788.0,Irrigation,RFCTLARR Act 2013,64.19,66,160,10,10,23,15,1,377633800,365071200,12562600,2823800,968800,0.7076,Notification,618,0.2303,0,SYNTHETIC_DEMO,Prototype-only synthetic acquisition record linked to a real Survey of India village boundary; not a government acquisition record.
SYN-ACQ-01516,SYN-PROJ-01516,CHHATTISGARH,Surguja,Lundra,Karanki,433413.0,Industrial Corridor,Railways Act 1989,43.8,146,150,56,33,37,30,4,407834000,233516800,174317200,20584500,13935500,0.7485,Completed,353,0.2329,0,SYNTHETIC_DEMO,Prototype-only synthetic acquisition record linked to a real Survey of India village boundary; not a government acquisition record.
SYN-ACQ-01517,SYN-PROJ-01517,CHHATTISGARH,Mahasamund,Mahasamund,Barbaspur,446243.0,Railway,National Highways Act 1956,73.6,91,108,32,31,18,16,1,455819900,324799100,131020800,28596300,19472700,0.5673,GIS Verification,844,0.47,0,SYNTHETIC_DEMO,Prototype-only synthetic acquisition record linked to a real Survey of India village boundary; not a government acquisition record.
SYN-ACQ-01518,SYN-PROJ-01518,CHHATTISGARH,Sukma,Konta,Uskawaya,450523.0,Industrial Corridor,Other applicable statute,72.4,152,93,30,1,3,1,0,493604400,199653000,293951400,9649200,9649200,0.8916,Possession,435,0.191,0,SYNTHETIC_DEMO,Prototype-only synthetic acquisition record linked to a real Survey of India village boundary; not a government acquisition record.
SYN-ACQ-01519,SYN-PROJ-01519,CHHATTISGARH,Surajpur,Ramanujnagar,FOREST,51.0,Irrigation,RFCTLARR Act 2013,7.88,131,45,23,23,12,5,0,71068400,50701000,20367400,18106500,12692800,0.573,Award,402,0.3072,0,SYNTHETIC_DEMO,Prototype-only synthetic acquisition record linked to a real Survey of India village boundary; not a government acquisition record.
SYN-ACQ-01520,SYN-PROJ-01520,CHHATTISGARH,Janjgir-Champa,Shivrinarayan,Tulsi,436791.0,Power Transmission,Railways Act 1989,41.3,183,128,15,12,7,5,1,218279600,107134900,111144700,9059200,5512900,0.6361,Notification,407,0.1532,0,SYNTHETIC_DEMO,Prototype-only synthetic acquisition record linked to a real Survey of India village boundary; not a government acquisition record.
SYN-ACQ-01521,SYN-PROJ-01521,CHHATTISGARH,Manendragarh-Chirmiri-Bharatpur (MCB),Kelhari,Padhewa,431665.0,National Highway,National Highways Act 1956,37.63,3,57,3,3,6,4,1,176380900,100850400,75530500,1982500,1842000,0.6252,Possession,681,0.4415,0,SYNTHETIC_DEMO,Prototype-only synthetic acquisition record linked to a real Survey of India village boundary; not a government acquisition record.
SYN-ACQ-01522,SYN-PROJ-01522,CHHATTISGARH,Surajpur,Bhatgaon,Manpur,432764.0,Urban Infrastructure,National Highways Act 1956,64.48,199,34,16,16,7,6,0,161801900,123905400,37896500,6558000,4967200,0.9476,Compensation,551,0.2405,0,SYNTHETIC_DEMO,Prototype-only synthetic acquisition record linked to a real Survey of India village boundary; not a government acquisition record.
SYN-ACQ-01523,SYN-PROJ-01523,CHHATTISGARH,Korba,Poundi-Uproda,Damau Kunda,435980.0,Industrial Corridor,RFCTLARR Act 2013,10.34,200,168,39,27,52,26,3,90044700,76476100,13568500,14706200,8639300,0.9703,Objection/Hearing,482,0.0914,0,SYNTHETIC_DEMO,Prototype-only synthetic acquisition record linked to a real Survey of India village boundary; not a government acquisition record.
SYN-ACQ-01524,SYN-PROJ-01524,CHHATTISGARH,Kondagaon,Makdi,Karmari,448849.0,Irrigation,Other applicable statute,41.14,197,76,12,0,9,6,1,317560600,312412400,5148200,10073600,5528000,0.8211,Award,446,0.2508,0,SYNTHETIC_DEMO,Prototype-only synthetic acquisition record linked to a real Survey of India village boundary; not a government acquisition record.
SYN-ACQ-01525,SYN-PROJ-01525,CHHATTISGARH,Dakshin Bastar Dantewada,Gidam,Katulnar,450139.0,Power Transmission,National Highways Act 1956,37.62,215,60,4,4,1,0,0,288879700,260099100,28780500,2732000,1915800,0.8123,Objection/Hearing,254,0.0756,0,SYNTHETIC_DEMO,Prototype-only synthetic acquisition record linked to a real Survey of India village boundary; not a government acquisition record.
SYN-ACQ-01526,SYN-PROJ-01526,CHHATTISGARH,Mahasamund,Bagbahra,Amethi,446671.0,Railway,National Highways Act 1956,38.88,139,33,9,9,5,2,0,304316400,163130400,141186000,6691500,3963400,0.7883,Objection/Hearing,401,0.2466,0,SYNTHETIC_DEMO,Prototype-only synthetic acquisition record linked to a real Survey of India village boundary; not a government acquisition record.
SYN-ACQ-01527,SYN-PROJ-01527,CHHATTISGARH,Manendragarh-Chirmiri-Bharatpur (MCB),Chirmiri,Dubchhola,431767.0,Irrigation,Other applicable statute,72.71,217,138,62,30,30,23,1,192254100,120341100,71912900,38897700,15074500,0.842,Compensation,550,0.3061,0,SYNTHETIC_DEMO,Prototype-only synthetic acquisition record linked to a real Survey of India village boundary; not a government acquisition record.
SYN-ACQ-01528,SYN-PROJ-01528,CHHATTISGARH,Durg,Durg,Arasnara,442554.0,Urban Infrastructure,National Highways Act 1956,47.39,4,173,39,12,11,10,0,470765600,407120900,63644700,15018800,7246500,0.7825,GIS Verification,458,0.2884,0,SYNTHETIC_DEMO,Prototype-only synthetic acquisition record linked to a real Survey of India village boundary; not a government acquisition record.
SYN-ACQ-01529,SYN-PROJ-01529,CHHATTISGARH,Mahasamund,Basna,Bichhiya,445806.0,Irrigation,Railways Act 1989,37.48,137,120,37,17,20,17,1,145304500,109248700,36055800,28442100,19041700,0.9037,Compensation,462,0.0672,0,SYNTHETIC_DEMO,Prototype-only synthetic acquisition record linked to a real Survey of India village boundary; not a government acquisition record.
SYN-ACQ-01530,SYN-PROJ-01530,CHHATTISGARH,Korba,Korba,FOREST,51.0,Irrigation,National Highways Act 1956,0.65,63,108,46,19,30,22,1,34431600,21147200,13284400,37571800,32329200,0.9174,R&R,397,0.2957,0,SYNTHETIC_DEMO,Prototype-only synthetic acquisition record linked to a real Survey of India village boundary; not a government acquisition record.
SYN-ACQ-01531,SYN-PROJ-01531,CHHATTISGARH,Raigarh,Pusour,Daubhathli,435090.0,Industrial Corridor,RFCTLARR Act 2013,71.39,35,33,3,3,9,7,2,558986400,558986400,0,2612000,1621700,0.6911,Completed,270,0.14,0,SYNTHETIC_DEMO,Prototype-only synthetic acquisition record linked to a real Survey of India village boundary; not a government acquisition record.
SYN-ACQ-01532,SYN-PROJ-01532,CHHATTISGARH,Bemetara,Bemetara,Bilai,441994.0,Urban Infrastructure,Railways Act 1989,54.37,190,147,60,32,35,26,1,317339500,183174100,134165400,23835000,19222200,0.7516,Compensation,425,0.2011,0,SYNTHETIC_DEMO,Prototype-only synthetic acquisition record linked to a real Survey of India village boundary; not a government acquisition record.
SYN-ACQ-01533,SYN-PROJ-01533,CHHATTISGARH,Mahasamund,Basna,Bhawarchuwa Tukda,445647.0,Railway,RFCTLARR Act 2013,11.47,28,123,53,17,29,24,2,85382600,60397800,24984800,16723400,10742400,0.6945,Completed,537,0.2928,0,SYNTHETIC_DEMO,Prototype-only synthetic acquisition record linked to a real Survey of India village boundary; not a government acquisition record.
SYN-ACQ-01534,SYN-PROJ-01534,CHHATTISGARH,Gariyaband,Fingeshwar,FOREST,51.0,Urban Infrastructure,National Highways Act 1956,38.57,143,140,12,12,39,18,3,168000200,58521900,109478300,8106800,4475800,0.6794,Proposal,449,0.3688,0,SYNTHETIC_DEMO,Prototype-only synthetic acquisition record linked to a real Survey of India village boundary; not a government acquisition record.
SYN-ACQ-01535,SYN-PROJ-01535,CHHATTISGARH,Gariyaband,Gariyaband,Hardi,445066.0,National Highway,National Highways Act 1956,41.62,104,14,7,7,4,3,0,391310400,342505300,48805000,5485700,1638200,0.7335,R&R,273,0.1423,0,SYNTHETIC_DEMO,Prototype-only synthetic acquisition record linked to a real Survey of India village boundary; not a government acquisition record.
SYN-ACQ-01536,SYN-PROJ-01536,CHHATTISGARH,Mahasamund,Bagbahra,Churki,446743.0,Irrigation,Railways Act 1989,51.16,30,126,20,1,26,16,2,359805100,296639100,63166000,16533600,9116700,0.6512,Objection/Hearing,539,0.2199,0,SYNTHETIC_DEMO,Prototype-only synthetic acquisition record linked to a real Survey of India village boundary; not a government acquisition record.
SYN-ACQ-01537,SYN-PROJ-01537,CHHATTISGARH,Bijapur,Usur,Palaguda,450953.0,Power Transmission,RFCTLARR Act 2013,32.07,212,71,10,10,9,8,0,167608300,127748700,39859600,1918900,1553100,0.9313,Completed,521,0.1612,0,SYNTHETIC_DEMO,Prototype-only synthetic acquisition record linked to a real Survey of India village boundary; not a government acquisition record.
SYN-ACQ-01538,SYN-PROJ-01538,CHHATTISGARH,Jashpur,Bagbahar,Jhimaki,434330.0,National Highway,Other applicable statute,34.87,84,9,4,4,0,0,0,227051100,227051100,0,3039100,152000,0.8987,Compensation,425,0.0,0,SYNTHETIC_DEMO,Prototype-only synthetic acquisition record linked to a real Survey of India village boundary; not a government acquisition record.
SYN-ACQ-01539,SYN-PROJ-01539,CHHATTISGARH,Mahasamund,Pithora,Gauriya,446503.0,Railway,Railways Act 1989,39.0,163,8,4,0,1,0,0,179700100,136492100,43207900,1546700,912500,0.7936,Compensation,467,0.2375,0,SYNTHETIC_DEMO,Prototype-only synthetic acquisition record linked to a real Survey of India village boundary; not a government acquisition record.
SYN-ACQ-01540,SYN-PROJ-01540,CHHATTISGARH,Kondagaon,BADERAJPUR,Rogadihi,650902.0,National Highway,National Highways Act 1956,51.19,69,29,6,6,11,6,1,268290600,267670700,620000,2934600,2637400,0.9541,GIS Verification,597,0.3516,0,SYNTHETIC_DEMO,Prototype-only synthetic acquisition record linked to a real Survey of India village boundary; not a government acquisition record.
SYN-ACQ-01541,SYN-PROJ-01541,CHHATTISGARH,Korba,Pasan,Semra,436016.0,Railway,RFCTLARR Act 2013,60.85,31,114,22,22,7,5,0,402925100,286312700,116612300,16358200,13705300,0.6195,Completed,358,0.1947,0,SYNTHETIC_DEMO,Prototype-only synthetic acquisition record linked to a real Survey of India village boundary; not a government acquisition record.
SYN-ACQ-01542,SYN-PROJ-01542,CHHATTISGARH,Sarangarh-Bilaigarh,Sarangarh,Ghathula Bade,435513.0,Urban Infrastructure,Railways Act 1989,64.76,86,153,67,19,35,28,2,625413500,482183300,143230300,57347600,54419100,0.6305,Completed,213,0.2228,0,SYNTHETIC_DEMO,Prototype-only synthetic acquisition record linked to a real Survey of India village boundary; not a government acquisition record.
SYN-ACQ-01543,SYN-PROJ-01543,CHHATTISGARH,Dakshin Bastar Dantewada,Bade Bacheli,Pirnar,450252.0,Railway,Railways Act 1989,65.7,167,102,23,17,1,0,0,631992200,389647200,242345000,15060700,15060700,0.9298,Scrutiny,281,0.125,0,SYNTHETIC_DEMO,Prototype-only synthetic acquisition record linked to a real Survey of India village boundary; not a government acquisition record.
SYN-ACQ-01544,SYN-PROJ-01544,CHHATTISGARH,Balodabazar-Bhatapara,Lavan,Lata,443825.0,Urban Infrastructure,Other applicable statute,44.11,76,73,27,26,24,9,0,286092900,263037800,23055100,5827500,4740200,0.9006,Compensation,608,0.4152,0,SYNTHETIC_DEMO,Prototype-only synthetic acquisition record linked to a real Survey of India village boundary; not a government acquisition record.
SYN-ACQ-01545,SYN-PROJ-01545,CHHATTISGARH,Jashpur,Kunkuri,FOREST,51.0,National Highway,RFCTLARR Act 2013,60.45,70,42,20,20,2,0,0,135709900,135709900,0,16369900,14671900,0.9699,Scrutiny,105,0.0,0,SYNTHETIC_DEMO,Prototype-only synthetic acquisition record linked to a real Survey of India village boundary; not a government acquisition record.
SYN-ACQ-01546,SYN-PROJ-01546,CHHATTISGARH,Kabeerdham,Bodla,Pondi,439367.0,National Highway,RFCTLARR Act 2013,69.52,189,149,44,34,19,10,2,317787500,224596600,93190900,31346600,7199200,0.8353,Proposal,414,0.0676,0,SYNTHETIC_DEMO,Prototype-only synthetic acquisition record linked to a real Survey of India village boundary; not a government acquisition record.
SYN-ACQ-01547,SYN-PROJ-01547,CHHATTISGARH,Dhamtari,Magarlod,Pipraud,447003.0,Industrial Corridor,National Highways Act 1956,70.56,29,133,62,0,30,28,1,601221100,450623200,150597900,54417100,39016300,0.5913,Objection/Hearing,722,0.3924,0,SYNTHETIC_DEMO,Prototype-only synthetic acquisition record linked to a real Survey of India village boundary; not a government acquisition record.
SYN-ACQ-01548,SYN-PROJ-01548,CHHATTISGARH,Surguja,Lundra,Jori,433330.0,Industrial Corridor,RFCTLARR Act 2013,34.53,24,112,46,18,10,7,2,146486500,116145500,30340900,7581900,5422200,0.8678,Notification,589,0.3755,0,SYNTHETIC_DEMO,Prototype-only synthetic acquisition record linked to a real Survey of India village boundary; not a government acquisition record.
SYN-ACQ-01549,SYN-PROJ-01549,CHHATTISGARH,Kondagaon,Pharasgaon,Mode,448975.0,National Highway,National Highways Act 1956,22.71,143,124,32,4,25,11,3,124285400,106206500,18078900,25871200,21302600,0.9571,Objection/Hearing,420,0.2191,0,SYNTHETIC_DEMO,Prototype-only synthetic acquisition record linked to a real Survey of India village boundary; not a government acquisition record.
SYN-ACQ-01550,SYN-PROJ-01550,CHHATTISGARH,Sarangarh-Bilaigarh,Baramkela,Charbhantha,435729.0,Railway,Other applicable statute,1.96,78,120,28,22,30,17,0,49245400,33154300,16091000,5093500,2725400,0.9523,Compensation,317,0.0985,0,SYNTHETIC_DEMO,Prototype-only synthetic acquisition record linked to a real Survey of India village boundary; not a government acquisition record.
SYN-ACQ-01551,SYN-PROJ-01551,CHHATTISGARH,Mohla-Manpur-Ambagarh Chouki,Mohla,FOREST,51.0,Irrigation,National Highways Act 1956,58.18,53,148,52,6,7,6,0,305529700,204157100,101372700,30659400,12154500,0.9588,Award,568,0.1891,0,SYNTHETIC_DEMO,Prototype-only synthetic acquisition record linked to a real Survey of India village boundary; not a government acquisition record.
SYN-ACQ-01552,SYN-PROJ-01552,CHHATTISGARH,Raipur,Kharora,Bharuwadih Kala,444952.0,Irrigation,RFCTLARR Act 2013,26.15,136,16,4,4,0,0,0,233798600,179832200,53966400,1655000,1655000,0.7639,Compensation,236,0.2705,0,SYNTHETIC_DEMO,Prototype-only synthetic acquisition record linked to a real Survey of India village boundary; not a government acquisition record.
SYN-ACQ-01553,SYN-PROJ-01553,CHHATTISGARH,Kondagaon,BADERAJPUR,Pharsadihi,650900.0,Power Transmission,Railways Act 1989,4.78,98,114,9,9,12,10,2,41435400,41435400,0,3274600,1852300,0.7946,Possession,334,0.0535,0,SYNTHETIC_DEMO,Prototype-only synthetic acquisition record linked to a real Survey of India village boundary; not a government acquisition record.
SYN-ACQ-01554,SYN-PROJ-01554,CHHATTISGARH,Raigarh,Tamnar,Banjikhol,434742.0,National Highway,Railways Act 1989,13.56,98,134,47,33,39,21,0,56670300,31899900,24770300,20099000,12442800,0.6625,Compensation,591,0.2934,0,SYNTHETIC_DEMO,Prototype-only synthetic acquisition record linked to a real Survey of India village boundary; not a government acquisition record.
SYN-ACQ-01555,SYN-PROJ-01555,CHHATTISGARH,Dhamtari,Magarlod,Pendra,446920.0,Railway,National Highways Act 1956,42.01,214,127,43,4,12,9,0,350521300,317129300,33391900,38530000,28169700,0.9743,Scrutiny,178,0.0297,0,SYNTHETIC_DEMO,Prototype-only synthetic acquisition record linked to a real Survey of India village boundary; not a government acquisition record.
SYN-ACQ-01556,SYN-PROJ-01556,CHHATTISGARH,Bastar,Bakavand,Belgaon,449494.0,Industrial Corridor,Other applicable statute,52.26,4,70,26,3,21,9,0,374560100,255458800,119101400,11996500,7666600,0.9307,Possession,567,0.2429,0,SYNTHETIC_DEMO,Prototype-only synthetic acquisition record linked to a real Survey of India village boundary; not a government acquisition record.
SYN-ACQ-01557,SYN-PROJ-01557,CHHATTISGARH,Korba,Poundi-Uproda,Thutipipar,436104.0,Industrial Corridor,Railways Act 1989,48.87,218,44,12,10,15,8,0,409819800,289920900,119898900,5692700,4897700,0.8669,Notification,443,0.0969,0,SYNTHETIC_DEMO,Prototype-only synthetic acquisition record linked to a real Survey of India village boundary; not a government acquisition record.
SYN-ACQ-01558,SYN-PROJ-01558,CHHATTISGARH,Raigarh,Raigarh,FOREST,51.0,National Highway,National Highways Act 1956,54.9,36,138,3,3,18,17,1,526355600,278270400,248085200,2621400,1602200,0.7641,Award,305,0.2119,0,SYNTHETIC_DEMO,Prototype-only synthetic acquisition record linked to a real Survey of India village boundary; not a government acquisition record.
SYN-ACQ-01559,SYN-PROJ-01559,CHHATTISGARH,Mohla-Manpur-Ambagarh Chouki,Ambagarh Chouki,Dodke,441674.0,Railway,Other applicable statute,26.47,89,43,13,10,14,13,0,212510400,98254900,114255500,6219600,5076800,0.59,Notification,577,0.4236,0,SYNTHETIC_DEMO,Prototype-only synthetic acquisition record linked to a real Survey of India village boundary; not a government acquisition record.
SYN-ACQ-01560,SYN-PROJ-01560,CHHATTISGARH,Surajpur,Premnagar,Bhagwanpur,432888.0,Railway,National Highways Act 1956,47.06,199,44,4,4,8,4,0,378719900,144848200,233871700,1890600,1253000,0.8343,Award,367,0.2286,0,SYNTHETIC_DEMO,Prototype-only synthetic acquisition record linked to a real Survey of India village boundary; not a government acquisition record.
SYN-ACQ-01561,SYN-PROJ-01561,CHHATTISGARH,Raigarh,Dharamjaigarh,MARPAHAR R.F.,51.0,National Highway,RFCTLARR Act 2013,47.44,85,177,64,37,52,43,1,253419500,196123600,57295900,25690200,7302400,0.8328,Scrutiny,323,0.0583,0,SYNTHETIC_DEMO,Prototype-only synthetic acquisition record linked to a real Survey of India village boundary; not a government acquisition record.
SYN-ACQ-01562,SYN-PROJ-01562,CHHATTISGARH,Rajnandgaon,Rajnandgaon,Baiga Tola,440816.0,Power Transmission,National Highways Act 1956,54.67,166,125,24,24,18,13,1,417567800,126774000,290793800,15272700,10290500,0.9905,R&R,554,0.1978,0,SYNTHETIC_DEMO,Prototype-only synthetic acquisition record linked to a real Survey of India village boundary; not a government acquisition record.
SYN-ACQ-01563,SYN-PROJ-01563,CHHATTISGARH,Kondagaon,Makdi,Sodma,448846.0,Power Transmission,National Highways Act 1956,44.08,197,15,5,5,2,1,0,391229600,224528400,166701200,1676900,686600,0.923,Proposal,320,0.027,0,SYNTHETIC_DEMO,Prototype-only synthetic acquisition record linked to a real Survey of India village boundary; not a government acquisition record.
SYN-ACQ-01564,SYN-PROJ-01564,CHHATTISGARH,Uttar Bastar Kanker,Bhanupratappur,Baijanpuri,447604.0,Railway,Railways Act 1989,62.78,143,125,51,37,48,42,6,585228400,540045900,45182500,35323200,27293100,0.843,Objection/Hearing,397,0.2579,0,SYNTHETIC_DEMO,Prototype-only synthetic acquisition record linked to a real Survey of India village boundary; not a government acquisition record.
SYN-ACQ-01565,SYN-PROJ-01565,CHHATTISGARH,Gaurela-Pendra-Marwahi,Marwahi,Kachhar,437536.0,Railway,National Highways Act 1956,20.42,38,36,10,10,3,2,0,192433800,119333900,73100000,8700300,7175200,0.8493,Possession,386,0.2226,0,SYNTHETIC_DEMO,Prototype-only synthetic acquisition record linked to a real Survey of India village boundary; not a government acquisition record.
SYN-ACQ-01566,SYN-PROJ-01566,CHHATTISGARH,Jashpur,Bagicha,Mahuwadih,433711.0,Power Transmission,RFCTLARR Act 2013,32.07,174,59,16,11,9,8,2,259938700,118662600,141276100,3427800,1026400,0.7772,R&R,467,0.3334,0,SYNTHETIC_DEMO,Prototype-only synthetic acquisition record linked to a real Survey of India village boundary; not a government acquisition record.
SYN-ACQ-01567,SYN-PROJ-01567,CHHATTISGARH,Manendragarh-Chirmiri-Bharatpur (MCB),Kelhari,Kelhari,431638.0,Industrial Corridor,National Highways Act 1956,4.09,121,102,18,18,16,14,5,44518200,38140500,6377700,2963900,724900,0.7864,Compensation,388,0.2583,0,SYNTHETIC_DEMO,Prototype-only synthetic acquisition record linked to a real Survey of India village boundary; not a government acquisition record.
SYN-ACQ-01568,SYN-PROJ-01568,CHHATTISGARH,Balodabazar-Bhatapara,Kasdol,Chharchhed,444031.0,National Highway,Railways Act 1989,39.58,176,36,19,5,7,6,0,269279000,207233100,62045900,3388100,2360000,0.9505,Compensation,520,0.3507,0,SYNTHETIC_DEMO,Prototype-only synthetic acquisition record linked to a real Survey of India village boundary; not a government acquisition record.
SYN-ACQ-01569,SYN-PROJ-01569,CHHATTISGARH,Bemetara,Berla,Hadgaon,442256.0,Industrial Corridor,RFCTLARR Act 2013,62.28,204,60,20,20,3,2,0,417458500,289428000,128030500,15632200,11006600,0.8455,Notification,361,0.3072,0,SYNTHETIC_DEMO,Prototype-only synthetic acquisition record linked to a real Survey of India village boundary; not a government acquisition record.
SYN-ACQ-01570,SYN-PROJ-01570,CHHATTISGARH,Kabeerdham,Pipariya,Agarikalan,439138.0,Urban Infrastructure,RFCTLARR Act 2013,10.17,158,121,10,10,31,21,1,59078000,34771400,24306600,8186800,5032100,0.9546,Possession,365,0.1885,0,SYNTHETIC_DEMO,Prototype-only synthetic acquisition record linked to a real Survey of India village boundary; not a government acquisition record.
SYN-ACQ-01571,SYN-PROJ-01571,CHHATTISGARH,Mahasamund,Pithora,Jhapimauha (Jhapimauta),446415.0,National Highway,Other applicable statute,1.82,163,55,24,24,14,6,1,21024100,15019600,6004500,20910000,15855300,0.748,Completed,475,0.3549,0,SYNTHETIC_DEMO,Prototype-only synthetic acquisition record linked to a real Survey of India village boundary; not a government acquisition record.
SYN-ACQ-01572,SYN-PROJ-01572,CHHATTISGARH,Bemetara,Nandghat,Temri,441853.0,Irrigation,National Highways Act 1956,39.26,10,85,2,2,7,6,0,177982600,177982600,0,449200,261100,0.7789,Completed,210,0.0021,0,SYNTHETIC_DEMO,Prototype-only synthetic acquisition record linked to a real Survey of India village boundary; not a government acquisition record.
SYN-ACQ-01573,SYN-PROJ-01573,CHHATTISGARH,Balod,Daundi,Kesopur,443343.0,National Highway,Railways Act 1989,24.05,95,49,25,25,9,5,0,134087200,100657300,33430000,19813500,15925300,0.8024,GIS Verification,399,0.2411,0,SYNTHETIC_DEMO,Prototype-only synthetic acquisition record linked to a real Survey of India village boundary; not a government acquisition record.
SYN-ACQ-01574,SYN-PROJ-01574,CHHATTISGARH,Mahasamund,Mahasamund,Kurrubhatha,446169.0,Urban Infrastructure,Railways Act 1989,68.98,209,98,41,25,28,25,3,265287700,213306100,51981600,24680100,21982400,0.9795,Scrutiny,558,0.3252,0,SYNTHETIC_DEMO,Prototype-only synthetic acquisition record linked to a real Survey of India village boundary; not a government acquisition record.
SYN-ACQ-01575,SYN-PROJ-01575,CHHATTISGARH,Balodabazar-Bhatapara,Palari,Sakri,443880.0,Urban Infrastructure,RFCTLARR Act 2013,48.33,53,97,7,7,44,35,5,446053500,446053500,0,1767600,1417400,0.9826,Objection/Hearing,554,0.2295,0,SYNTHETIC_DEMO,Prototype-only synthetic acquisition record linked to a real Survey of India village boundary; not a government acquisition record.
SYN-ACQ-01576,SYN-PROJ-01576,CHHATTISGARH,Sarangarh-Bilaigarh,Baramkela,Penwaragarh,435671.0,Power Transmission,Other applicable statute,64.46,213,88,22,11,34,20,2,384344000,252701900,131642100,12676500,9378000,0.7521,Scrutiny,583,0.3909,0,SYNTHETIC_DEMO,Prototype-only synthetic acquisition record linked to a real Survey of India village boundary; not a government acquisition record.
SYN-ACQ-01577,SYN-PROJ-01577,CHHATTISGARH,Kondagaon,Kondagaon,Satgaon,448670.0,Industrial Corridor,Other applicable statute,49.48,184,141,39,9,39,30,0,179859900,144719800,35140200,9235600,7479400,0.7686,Completed,403,0.1821,0,SYNTHETIC_DEMO,Prototype-only synthetic acquisition record linked to a real Survey of India village boundary; not a government acquisition record.
SYN-ACQ-01578,SYN-PROJ-01578,CHHATTISGARH,Mungeli,Mungeli,Thakurkapa,438141.0,Irrigation,RFCTLARR Act 2013,54.92,108,145,25,25,43,17,1,489483700,361901200,127582500,5209700,3454400,0.5566,Objection/Hearing,419,0.3392,0,SYNTHETIC_DEMO,Prototype-only synthetic acquisition record linked to a real Survey of India village boundary; not a government acquisition record.
SYN-ACQ-01579,SYN-PROJ-01579,CHHATTISGARH,Sukma,Konta,Linganpalli,450488.0,Irrigation,Railways Act 1989,12.71,81,68,18,13,3,2,1,125057500,82386500,42671000,10940600,7099300,0.7757,Possession,549,0.1831,0,SYNTHETIC_DEMO,Prototype-only synthetic acquisition record linked to a real Survey of India village boundary; not a government acquisition record.
SYN-ACQ-01580,SYN-PROJ-01580,CHHATTISGARH,Sukma,Konta,Betahadma,450531.0,Railway,National Highways Act 1956,4.48,122,149,40,16,25,21,0,70515800,69233600,1282300,24851200,19373300,0.9657,Award,227,0.1206,0,SYNTHETIC_DEMO,Prototype-only synthetic acquisition record linked to a real Survey of India village boundary; not a government acquisition record.
SYN-ACQ-01581,SYN-PROJ-01581,CHHATTISGARH,Uttar Bastar Kanker,Bhanupratappur,FOREST,51.0,Irrigation,Railways Act 1989,50.38,67,98,10,10,32,29,3,111904900,79039100,32865800,3346200,2419800,0.8626,GIS Verification,293,0.0379,0,SYNTHETIC_DEMO,Prototype-only synthetic acquisition record linked to a real Survey of India village boundary; not a government acquisition record.
SYN-ACQ-01582,SYN-PROJ-01582,CHHATTISGARH,Balrampur-Ramanujganj,Balrampur,Sauni,432063.0,Urban Infrastructure,Other applicable statute,37.46,9,23,3,3,4,3,0,108334400,84805800,23528600,1252000,820700,0.767,Completed,289,0.0459,0,SYNTHETIC_DEMO,Prototype-only synthetic acquisition record linked to a real Survey of India village boundary; not a government acquisition record.
SYN-ACQ-01583,SYN-PROJ-01583,CHHATTISGARH,Uttar Bastar Kanker,Durgkondal,Chemal,447674.0,Power Transmission,National Highways Act 1956,26.74,160,22,1,1,8,6,0,102679900,59647600,43032300,874300,686500,0.9481,GIS Verification,499,0.2106,0,SYNTHETIC_DEMO,Prototype-only synthetic acquisition record linked to a real Survey of India village boundary; not a government acquisition record.
SYN-ACQ-01584,SYN-PROJ-01584,CHHATTISGARH,Balrampur-Ramanujganj,Ramanujganj,Deogai,431932.0,National Highway,Railways Act 1989,70.74,153,9,3,3,3,1,0,586387000,586387000,0,2524900,1057500,0.8358,Objection/Hearing,363,0.0651,0,SYNTHETIC_DEMO,Prototype-only synthetic acquisition record linked to a real Survey of India village boundary; not a government acquisition record.
SYN-ACQ-01585,SYN-PROJ-01585,CHHATTISGARH,Narayanpur,Chhotedongar,Mahimagawadi,449767.0,Industrial Corridor,Railways Act 1989,13.92,77,86,27,11,17,8,2,162820900,146607000,16213900,24218100,16898000,0.5631,R&R,538,0.4808,0,SYNTHETIC_DEMO,Prototype-only synthetic acquisition record linked to a real Survey of India village boundary; not a government acquisition record.
SYN-ACQ-01586,SYN-PROJ-01586,CHHATTISGARH,Rajnandgaon,Rajnandgaon,Somni,440827.0,Power Transmission,Other applicable statute,71.92,56,116,16,4,12,9,2,197228100,178315200,18912900,10421600,7869800,0.595,Completed,241,0.0895,0,SYNTHETIC_DEMO,Prototype-only synthetic acquisition record linked to a real Survey of India village boundary; not a government acquisition record.
SYN-ACQ-01587,SYN-PROJ-01587,CHHATTISGARH,Balrampur-Ramanujganj,Rajpur,Karwan,433242.0,National Highway,RFCTLARR Act 2013,31.02,148,120,56,19,21,15,0,285851200,211840500,74010700,8707900,4513100,0.9222,Compensation,351,0.0,0,SYNTHETIC_DEMO,Prototype-only synthetic acquisition record linked to a real Survey of India village boundary; not a government acquisition record.
SYN-ACQ-01588,SYN-PROJ-01588,CHHATTISGARH,Kondagaon,Kondagaon,Bhiragaon,448681.0,National Highway,Railways Act 1989,60.96,203,90,32,23,28,24,4,284241900,84910400,199331500,24600400,10153800,0.9166,Possession,608,0.3683,0,SYNTHETIC_DEMO,Prototype-only synthetic acquisition record linked to a real Survey of India village boundary; not a government acquisition record.
SYN-ACQ-01589,SYN-PROJ-01589,CHHATTISGARH,Sarangarh-Bilaigarh,Baramkela,BIJAMAL R.F.,51.0,Urban Infrastructure,RFCTLARR Act 2013,13.42,160,82,38,9,3,1,0,90114000,21851500,68262500,11124000,9037000,0.6399,Completed,823,0.532,0,SYNTHETIC_DEMO,Prototype-only synthetic acquisition record linked to a real Survey of India village boundary; not a government acquisition record.
SYN-ACQ-01590,SYN-PROJ-01590,CHHATTISGARH,Manendragarh-Chirmiri-Bharatpur (MCB),Khadganva,Ratanpur,431775.0,Industrial Corridor,Railways Act 1989,57.73,149,112,34,15,22,14,0,343381100,311488000,31893100,12727000,12727000,0.5622,Notification,326,0.2428,0,SYNTHETIC_DEMO,Prototype-only synthetic acquisition record linked to a real Survey of India village boundary; not a government acquisition record.
SYN-ACQ-01591,SYN-PROJ-01591,CHHATTISGARH,Durg,Durg,Khamharia,442591.0,Industrial Corridor,Railways Act 1989,69.75,194,40,13,7,6,3,0,330440000,298554100,31885900,6990700,6088800,0.6168,Award,237,0.0301,0,SYNTHETIC_DEMO,Prototype-only synthetic acquisition record linked to a real Survey of India village boundary; not a government acquisition record.
SYN-ACQ-01592,SYN-PROJ-01592,CHHATTISGARH,Dakshin Bastar Dantewada,Dantewada,Kuper,450082.0,Power Transmission,Railways Act 1989,30.4,5,79,11,9,17,12,2,119673700,101884100,17789600,8942800,7465300,0.6554,Scrutiny,215,0.1583,0,SYNTHETIC_DEMO,Prototype-only synthetic acquisition record linked to a real Survey of India village boundary; not a government acquisition record.
SYN-ACQ-01593,SYN-PROJ-01593,CHHATTISGARH,Bilaspur,Beltara,Bhandi,438715.0,Irrigation,Other applicable statute,43.52,185,48,20,2,11,8,1,213714400,154204800,59509600,11634400,8980700,0.9287,Notification,447,0.1775,0,SYNTHETIC_DEMO,Prototype-only synthetic acquisition record linked to a real Survey of India village boundary; not a government acquisition record.
SYN-ACQ-01594,SYN-PROJ-01594,CHHATTISGARH,Uttar Bastar Kanker,Charama,Junwani,447433.0,Industrial Corridor,Other applicable statute,2.2,103,172,70,26,65,33,1,43101600,40992900,2108700,51002100,39848400,0.5905,Completed,560,0.1906,0,SYNTHETIC_DEMO,Prototype-only synthetic acquisition record linked to a real Survey of India village boundary; not a government acquisition record.
SYN-ACQ-01595,SYN-PROJ-01595,CHHATTISGARH,Khairagarh-Chhuikhadan-Gandai,Chhuikhadan,Salhekalan,440300.0,Railway,National Highways Act 1956,64.85,130,71,27,9,12,9,0,406587400,276364700,130222700,23061500,22527900,0.7538,Award,404,0.1462,0,SYNTHETIC_DEMO,Prototype-only synthetic acquisition record linked to a real Survey of India village boundary; not a government acquisition record.
SYN-ACQ-01596,SYN-PROJ-01596,CHHATTISGARH,Balod,Marri Bangla (Deori),Koliyari,442935.0,Railway,RFCTLARR Act 2013,43.66,22,113,31,7,9,5,0,154167900,91069400,63098500,5056300,4128000,0.5868,Completed,464,0.4081,0,SYNTHETIC_DEMO,Prototype-only synthetic acquisition record linked to a real Survey of India village boundary; not a government acquisition record.
SYN-ACQ-01597,SYN-PROJ-01597,CHHATTISGARH,Kabeerdham,Bodla,Amapani,439319.0,Railway,RFCTLARR Act 2013,43.54,58,62,2,2,17,11,0,365339500,365339500,0,515100,417400,0.5778,R&R,565,0.1853,0,SYNTHETIC_DEMO,Prototype-only synthetic acquisition record linked to a real Survey of India village boundary; not a government acquisition record.
SYN-ACQ-01598,SYN-PROJ-01598,CHHATTISGARH,Janjgir-Champa,Akaltara,Sankar,436593.0,National Highway,Railways Act 1989,45.12,30,83,17,17,25,16,1,167153100,115507700,51645400,13870100,13870100,0.8963,Notification,527,0.3961,0,SYNTHETIC_DEMO,Prototype-only synthetic acquisition record linked to a real Survey of India village boundary; not a government acquisition record.
SYN-ACQ-01599,SYN-PROJ-01599,CHHATTISGARH,Gaurela-Pendra-Marwahi,Marwahi,Karhaniya,437543.0,Power Transmission,RFCTLARR Act 2013,32.12,86,84,22,8,3,1,1,191794400,69098100,122696300,3515600,2524700,0.9078,Notification,433,0.2518,0,SYNTHETIC_DEMO,Prototype-only synthetic acquisition record linked to a real Survey of India village boundary; not a government acquisition record.
SYN-ACQ-01600,SYN-PROJ-01600,CHHATTISGARH,Jashpur,Farsabahar,Abira,434144.0,National Highway,Railways Act 1989,54.2,37,169,81,15,44,17,4,363331700,219572500,143759200,38978600,29779100,0.7506,Proposal,675,0.5845,1,SYNTHETIC_DEMO,Prototype-only synthetic acquisition record linked to a real Survey of India village boundary; not a government acquisition record.
SYN-ACQ-01601,SYN-PROJ-01601,CHHATTISGARH,Surajpur,Odgi,Palkewra,432661.0,Irrigation,RFCTLARR Act 2013,17.28,105,56,14,14,10,8,1,139222400,108807100,30415200,12124900,10723300,0.6542,Notification,367,0.1165,0,SYNTHETIC_DEMO,Prototype-only synthetic acquisition record linked to a real Survey of India village boundary; not a government acquisition record.
SYN-ACQ-01602,SYN-PROJ-01602,CHHATTISGARH,Jashpur,Duldula,FOREST,51.0,Power Transmission,Railways Act 1989,58.93,197,143,1,1,12,7,2,169791700,105644300,64147400,776300,776300,0.6447,Award,445,0.3528,0,SYNTHETIC_DEMO,Prototype-only synthetic acquisition record linked to a real Survey of India village boundary; not a government acquisition record.
SYN-ACQ-01603,SYN-PROJ-01603,CHHATTISGARH,Raipur,Dharsiwa,Akoli-2 (Akoli),444725.0,Industrial Corridor,Other applicable statute,43.29,92,131,21,10,19,14,1,391825600,391825600,0,8478700,8478700,0.6822,Objection/Hearing,408,0.1443,0,SYNTHETIC_DEMO,Prototype-only synthetic acquisition record linked to a real Survey of India village boundary; not a government acquisition record.
SYN-ACQ-01604,SYN-PROJ-01604,CHHATTISGARH,Mahasamund,Saraipali,Damodarha,446013.0,Urban Infrastructure,National Highways Act 1956,45.79,52,162,28,28,38,24,4,453267400,404307100,48960300,23762300,23762300,0.6496,Compensation,429,0.1133,0,SYNTHETIC_DEMO,Prototype-only synthetic acquisition record linked to a real Survey of India village boundary; not a government acquisition record.
SYN-ACQ-01605,SYN-PROJ-01605,CHHATTISGARH,Kabeerdham,Bodla,Daldali,439235.0,Railway,Other applicable statute,10.82,129,27,4,4,3,2,0,85497300,41394100,44103200,3389400,2473100,0.8718,Possession,338,0.1799,0,SYNTHETIC_DEMO,Prototype-only synthetic acquisition record linked to a real Survey of India village boundary; not a government acquisition record.
SYN-ACQ-01606,SYN-PROJ-01606,CHHATTISGARH,Bijapur,Gangaloor,Gongla,450984.0,Irrigation,Other applicable statute,37.07,181,19,3,3,3,2,0,155867800,88183800,67684000,1942900,1942900,0.8509,Notification,500,0.1261,0,SYNTHETIC_DEMO,Prototype-only synthetic acquisition record linked to a real Survey of India village boundary; not a government acquisition record.
SYN-ACQ-01607,SYN-PROJ-01607,CHHATTISGARH,Uttar Bastar Kanker,Pakhanjur,Jaipur,448198.0,Industrial Corridor,RFCTLARR Act 2013,48.31,80,34,16,11,2,1,0,231596900,187634600,43962300,6945500,3990000,0.8225,Notification,270,0.0172,0,SYNTHETIC_DEMO,Prototype-only synthetic acquisition record linked to a real Survey of India village boundary; not a government acquisition record.
SYN-ACQ-01608,SYN-PROJ-01608,CHHATTISGARH,Gariyaband,Chhura,Boriajhar,445229.0,Railway,Other applicable statute,63.97,139,157,8,8,12,5,1,182514800,101154600,81360100,2709000,1431900,0.7451,Award,629,0.2831,0,SYNTHETIC_DEMO,Prototype-only synthetic acquisition record linked to a real Survey of India village boundary; not a government acquisition record.
SYN-ACQ-01609,SYN-PROJ-01609,CHHATTISGARH,Mungeli,Mungeli,Damapur,438128.0,Irrigation,RFCTLARR Act 2013,7.65,59,160,1,1,28,12,1,60678400,48864600,11813900,191300,191300,0.92,GIS Verification,299,0.0866,0,SYNTHETIC_DEMO,Prototype-only synthetic acquisition record linked to a real Survey of India village boundary; not a government acquisition record.
SYN-ACQ-01610,SYN-PROJ-01610,CHHATTISGARH,Jashpur,Sanna,FOREST,51.0,Irrigation,RFCTLARR Act 2013,1.89,181,114,24,9,8,5,0,41250300,35625900,5624400,15638400,14705400,0.9303,Scrutiny,257,0.0,0,SYNTHETIC_DEMO,Prototype-only synthetic acquisition record linked to a real Survey of India village boundary; not a government acquisition record.
SYN-ACQ-01611,SYN-PROJ-01611,CHHATTISGARH,Bilaspur,Sankari,Udela,438642.0,Power Transmission,Other applicable statute,13.87,72,86,4,4,4,3,0,103051900,59963900,43088000,2887800,1825700,0.736,Possession,396,0.149,0,SYNTHETIC_DEMO,Prototype-only synthetic acquisition record linked to a real Survey of India village boundary; not a government acquisition record.
SYN-ACQ-01612,SYN-PROJ-01612,CHHATTISGARH,Dakshin Bastar Dantewada,Barsur,FOREST,51.0,Industrial Corridor,RFCTLARR Act 2013,64.67,3,112,45,21,11,6,2,408125700,385525400,22600300,18690900,14257600,0.6916,Proposal,285,0.0,0,SYNTHETIC_DEMO,Prototype-only synthetic acquisition record linked to a real Survey of India village boundary; not a government acquisition record.
SYN-ACQ-01613,SYN-PROJ-01613,CHHATTISGARH,Khairagarh-Chhuikhadan-Gandai,Salhewara,Ankalkuwa,440080.0,Industrial Corridor,RFCTLARR Act 2013,3.48,115,170,31,8,7,2,0,55466600,55466600,0,20083700,10798100,0.5868,Compensation,232,0.0165,0,SYNTHETIC_DEMO,Prototype-only synthetic acquisition record linked to a real Survey of India village boundary; not a government acquisition record.
SYN-ACQ-01614,SYN-PROJ-01614,CHHATTISGARH,Bemetara,Thankhamariya,Tedhi,442244.0,Industrial Corridor,RFCTLARR Act 2013,38.18,28,150,30,29,30,16,5,337196200,198651100,138545100,15302500,11719500,0.7089,Compensation,673,0.4638,0,SYNTHETIC_DEMO,Prototype-only synthetic acquisition record linked to a real Survey of India village boundary; not a government acquisition record.
SYN-ACQ-01615,SYN-PROJ-01615,CHHATTISGARH,Kabeerdham,Pipariya,Mirmitti,439147.0,Irrigation,RFCTLARR Act 2013,61.98,39,7,3,3,1,0,0,562810300,562810300,0,750800,507000,0.9923,R&R,177,0.0,0,SYNTHETIC_DEMO,Prototype-only synthetic acquisition record linked to a real Survey of India village boundary; not a government acquisition record.
SYN-ACQ-01616,SYN-PROJ-01616,CHHATTISGARH,Sarangarh-Bilaigarh,Baramkela,Khairat,435804.0,Power Transmission,Railways Act 1989,61.11,29,8,3,3,4,1,0,286147600,229613500,56534100,2309800,2309800,0.7066,Compensation,508,0.3868,0,SYNTHETIC_DEMO,Prototype-only synthetic acquisition record linked to a real Survey of India village boundary; not a government acquisition record.
SYN-ACQ-01617,SYN-PROJ-01617,CHHATTISGARH,Rajnandgaon,Chhuriya,Fafamar,440960.0,Railway,Other applicable statute,52.43,68,174,59,19,39,25,1,335240000,335240000,0,25441700,23242800,0.628,Compensation,450,0.2452,0,SYNTHETIC_DEMO,Prototype-only synthetic acquisition record linked to a real Survey of India village boundary; not a government acquisition record.
SYN-ACQ-01618,SYN-PROJ-01618,CHHATTISGARH,Balod,Arjunda,Kandul,442826.0,Industrial Corridor,Other applicable statute,65.84,199,21,8,5,7,4,0,296094500,296094500,0,2970700,1503400,0.8595,Completed,258,0.088,0,SYNTHETIC_DEMO,Prototype-only synthetic acquisition record linked to a real Survey of India village boundary; not a government acquisition record.
SYN-ACQ-01619,SYN-PROJ-01619,CHHATTISGARH,Kabeerdham,Rengakharkala,Jharpat,439451.0,Urban Infrastructure,Railways Act 1989,48.81,95,123,48,30,21,12,2,403217800,403217800,0,12019300,8303100,0.6433,Possession,450,0.2864,0,SYNTHETIC_DEMO,Prototype-only synthetic acquisition record linked to a real Survey of India village boundary; not a government acquisition record.
SYN-ACQ-01620,SYN-PROJ-01620,CHHATTISGARH,Mahasamund,Komakhan,Dongargaon,446532.0,Power Transmission,Railways Act 1989,50.99,13,64,15,15,7,4,1,457725300,341365300,116360100,8623000,3832100,0.6843,Proposal,146,0.1012,0,SYNTHETIC_DEMO,Prototype-only synthetic acquisition record linked to a real Survey of India village boundary; not a government acquisition record.
SYN-ACQ-01621,SYN-PROJ-01621,CHHATTISGARH,Balod,Arjunda,Matewa,442791.0,Irrigation,Railways Act 1989,20.53,167,62,24,15,0,0,0,162334800,80600200,81734600,16480800,12558300,0.7249,Compensation,540,0.3336,0,SYNTHETIC_DEMO,Prototype-only synthetic acquisition record linked to a real Survey of India village boundary; not a government acquisition record.
SYN-ACQ-01622,SYN-PROJ-01622,CHHATTISGARH,Raipur,Mandir Hasoud,Seoni-1 (Seoni),444531.0,Industrial Corridor,Other applicable statute,47.0,177,109,18,18,22,17,1,250024100,189650800,60373300,5261900,4007400,0.9875,Proposal,416,0.0527,0,SYNTHETIC_DEMO,Prototype-only synthetic acquisition record linked to a real Survey of India village boundary; not a government acquisition record.
SYN-ACQ-01623,SYN-PROJ-01623,CHHATTISGARH,Rajnandgaon,Dongargaon,Kirgi,441168.0,Industrial Corridor,Other applicable statute,59.95,171,109,18,18,25,19,2,236571100,188433500,48137600,13194100,3902200,0.8271,Completed,121,0.0357,0,SYNTHETIC_DEMO,Prototype-only synthetic acquisition record linked to a real Survey of India village boundary; not a government acquisition record.
SYN-ACQ-01624,SYN-PROJ-01624,CHHATTISGARH,Narayanpur,Narayanpur,Matawand Bagbeda,449705.0,Industrial Corridor,National Highways Act 1956,54.86,188,143,1,1,9,7,1,294258200,280341100,13917100,265200,265200,0.9989,Award,141,0.0229,0,SYNTHETIC_DEMO,Prototype-only synthetic acquisition record linked to a real Survey of India village boundary; not a government acquisition record.
SYN-ACQ-01625,SYN-PROJ-01625,CHHATTISGARH,Surguja,Ambikapur,Rajpuri Khurd,432939.0,Railway,Other applicable statute,36.4,212,65,16,16,12,8,3,78601200,72183700,6417500,14041100,10272100,0.9681,Completed,435,0.2862,0,SYNTHETIC_DEMO,Prototype-only synthetic acquisition record linked to a real Survey of India village boundary; not a government acquisition record.
SYN-ACQ-01626,SYN-PROJ-01626,CHHATTISGARH,Jashpur,Kunkuri,Charaimara,434033.0,Power Transmission,RFCTLARR Act 2013,57.29,16,177,49,7,41,38,0,356210700,276761400,79449300,26078300,24721300,0.8804,Completed,313,0.0571,0,SYNTHETIC_DEMO,Prototype-only synthetic acquisition record linked to a real Survey of India village boundary; not a government acquisition record.
SYN-ACQ-01627,SYN-PROJ-01627,CHHATTISGARH,Khairagarh-Chhuikhadan-Gandai,Salhewara,Rajawar,440058.0,Urban Infrastructure,RFCTLARR Act 2013,70.98,24,86,32,22,3,2,0,581855500,433806900,148048500,16924900,13876100,0.7563,Compensation,585,0.2486,0,SYNTHETIC_DEMO,Prototype-only synthetic acquisition record linked to a real Survey of India village boundary; not a government acquisition record.
SYN-ACQ-01628,SYN-PROJ-01628,CHHATTISGARH,Khairagarh-Chhuikhadan-Gandai,Khairagarh,Bharatpur,440321.0,Power Transmission,Railways Act 1989,54.13,197,64,12,12,6,4,0,446193200,362240500,83952700,5719900,5118300,0.992,Completed,229,0.0955,0,SYNTHETIC_DEMO,Prototype-only synthetic acquisition record linked to a real Survey of India village boundary; not a government acquisition record.
SYN-ACQ-01629,SYN-PROJ-01629,CHHATTISGARH,Uttar Bastar Kanker,Pakhanjur,Gondahoor,448201.0,Irrigation,RFCTLARR Act 2013,28.7,142,66,25,21,5,4,0,85339700,60039000,25300700,14616300,9765200,0.7059,Notification,612,0.3154,0,SYNTHETIC_DEMO,Prototype-only synthetic acquisition record linked to a real Survey of India village boundary; not a government acquisition record.
SYN-ACQ-01630,SYN-PROJ-01630,CHHATTISGARH,Balrampur-Ramanujganj,Balrampur,Kapildevpur,431955.0,National Highway,Other applicable statute,41.85,189,29,9,3,4,1,1,236001300,159554400,76446900,6444100,5585800,0.5592,Proposal,407,0.2001,0,SYNTHETIC_DEMO,Prototype-only synthetic acquisition record linked to a real Survey of India village boundary; not a government acquisition record.
SYN-ACQ-01631,SYN-PROJ-01631,CHHATTISGARH,Bijapur,Bhopalpattnam,Arkipalli,450709.0,Railway,Railways Act 1989,58.34,198,134,8,8,25,17,1,472760900,413914100,58846900,3744900,3744900,0.7629,Completed,592,0.3262,0,SYNTHETIC_DEMO,Prototype-only synthetic acquisition record linked to a real Survey of India village boundary; not a government acquisition record.
SYN-ACQ-01632,SYN-PROJ-01632,CHHATTISGARH,Jashpur,Bagicha,Jhinki,433677.0,Urban Infrastructure,RFCTLARR Act 2013,71.08,59,135,10,7,8,6,1,670704800,459410900,211293900,8303900,7658000,0.6063,Scrutiny,300,0.089,0,SYNTHETIC_DEMO,Prototype-only synthetic acquisition record linked to a real Survey of India village boundary; not a government acquisition record.
SYN-ACQ-01633,SYN-PROJ-01633,CHHATTISGARH,Korea,Baikunthpur,Dongripara,431395.0,Urban Infrastructure,Other applicable statute,54.04,5,97,35,10,5,3,1,389014100,193825100,195189000,17861600,15478700,0.8522,R&R,636,0.3236,0,SYNTHETIC_DEMO,Prototype-only synthetic acquisition record linked to a real Survey of India village boundary; not a government acquisition record.
SYN-ACQ-01634,SYN-PROJ-01634,CHHATTISGARH,Janjgir-Champa,Akaltara,Pondidalha,436599.0,National Highway,National Highways Act 1956,19.58,62,20,11,11,0,0,0,181519200,150246900,31272300,4875600,4436000,0.5501,Notification,427,0.2507,0,SYNTHETIC_DEMO,Prototype-only synthetic acquisition record linked to a real Survey of India village boundary; not a government acquisition record.
SYN-ACQ-01635,SYN-PROJ-01635,CHHATTISGARH,Mahasamund,Mahasamund,Paraswani,446248.0,Irrigation,Railways Act 1989,50.63,109,163,38,1,24,19,1,320422000,193903100,126518800,28848900,11762100,0.8099,Award,377,0.2608,0,SYNTHETIC_DEMO,Prototype-only synthetic acquisition record linked to a real Survey of India village boundary; not a government acquisition record.
SYN-ACQ-01636,SYN-PROJ-01636,CHHATTISGARH,Korba,Hardibazar,Rangole,436230.0,Industrial Corridor,Other applicable statute,27.9,215,61,5,1,5,4,0,132533500,86642300,45891200,965000,672900,0.7264,Notification,502,0.2479,0,SYNTHETIC_DEMO,Prototype-only synthetic acquisition record linked to a real Survey of India village boundary; not a government acquisition record.
SYN-ACQ-01637,SYN-PROJ-01637,CHHATTISGARH,Balrampur-Ramanujganj,Chalgali,Jamai,432165.0,Urban Infrastructure,Railways Act 1989,43.55,160,169,10,0,21,17,3,378820500,251555800,127264700,2297500,1721700,0.8475,Possession,330,0.213,0,SYNTHETIC_DEMO,Prototype-only synthetic acquisition record linked to a real Survey of India village boundary; not a government acquisition record.
SYN-ACQ-01638,SYN-PROJ-01638,CHHATTISGARH,Bemetara,Saja,Somai Khurd,442086.0,Power Transmission,Railways Act 1989,58.38,7,138,65,11,22,14,2,170673400,81109100,89564300,28426900,26089000,0.7752,Compensation,317,0.1585,0,SYNTHETIC_DEMO,Prototype-only synthetic acquisition record linked to a real Survey of India village boundary; not a government acquisition record.
SYN-ACQ-01639,SYN-PROJ-01639,CHHATTISGARH,Narayanpur,Kohkameta,Nednar,449946.0,Urban Infrastructure,Other applicable statute,40.57,151,47,7,7,16,7,1,394437100,211468500,182968600,1594300,651600,0.6079,Completed,466,0.1986,0,SYNTHETIC_DEMO,Prototype-only synthetic acquisition record linked to a real Survey of India village boundary; not a government acquisition record.
SYN-ACQ-01640,SYN-PROJ-01640,CHHATTISGARH,Mungeli,Pathariya,Bhatgaon,438358.0,Irrigation,Other applicable statute,12.56,155,166,1,1,24,19,0,107686600,71755500,35931100,282900,191000,0.6522,R&R,697,0.3074,0,SYNTHETIC_DEMO,Prototype-only synthetic acquisition record linked to a real Survey of India village boundary; not a government acquisition record.
SYN-ACQ-01641,SYN-PROJ-01641,CHHATTISGARH,Raigarh,Tamnar,Jharna,434829.0,Power Transmission,Other applicable statute,61.72,12,32,7,1,2,1,0,372102000,278877600,93224400,5732600,3942500,0.5812,Objection/Hearing,308,0.0,0,SYNTHETIC_DEMO,Prototype-only synthetic acquisition record linked to a real Survey of India village boundary; not a government acquisition record.
SYN-ACQ-01642,SYN-PROJ-01642,CHHATTISGARH,Narayanpur,Orchha,Thulthuli,450038.0,Irrigation,RFCTLARR Act 2013,23.25,61,126,42,27,26,18,1,147870500,111063000,36807500,25474100,19048300,0.558,Scrutiny,782,0.4725,0,SYNTHETIC_DEMO,Prototype-only synthetic acquisition record linked to a real Survey of India village boundary; not a government acquisition record.
SYN-ACQ-01643,SYN-PROJ-01643,CHHATTISGARH,Sarangarh-Bilaigarh,Sariya,Rajpur,435615.0,Power Transmission,RFCTLARR Act 2013,29.35,95,175,56,2,38,17,1,284654200,172997000,111657200,39210500,39210500,0.8687,Scrutiny,431,0.2122,0,SYNTHETIC_DEMO,Prototype-only synthetic acquisition record linked to a real Survey of India village boundary; not a government acquisition record.
SYN-ACQ-01644,SYN-PROJ-01644,CHHATTISGARH,Korea,Baikunthpur,Jharnapara,431443.0,Irrigation,Other applicable statute,1.13,181,66,33,33,4,3,0,23134100,15383400,7750700,11053800,9415200,0.9918,Completed,74,0.0291,0,SYNTHETIC_DEMO,Prototype-only synthetic acquisition record linked to a real Survey of India village boundary; not a government acquisition record.
SYN-ACQ-01645,SYN-PROJ-01645,CHHATTISGARH,Balod,Daundi,Junwani,443252.0,National Highway,National Highways Act 1956,40.84,100,108,29,29,5,2,0,110013300,83335600,26677700,8851200,4771700,0.9164,Compensation,192,0.0,0,SYNTHETIC_DEMO,Prototype-only synthetic acquisition record linked to a real Survey of India village boundary; not a government acquisition record.
SYN-ACQ-01646,SYN-PROJ-01646,CHHATTISGARH,Balrampur-Ramanujganj,Balrampur,FOREST,51.0,Urban Infrastructure,National Highways Act 1956,0.73,208,32,13,13,7,3,1,7397900,5719100,1678800,5863200,2882600,0.5666,Notification,453,0.4713,0,SYNTHETIC_DEMO,Prototype-only synthetic acquisition record linked to a real Survey of India village boundary; not a government acquisition record.
SYN-ACQ-01647,SYN-PROJ-01647,CHHATTISGARH,Kondagaon,BADERAJPUR,Khalari,448608.0,Railway,Other applicable statute,3.74,216,152,26,21,51,40,1,45279000,39518200,5760800,8740600,4105700,0.6064,Possession,659,0.237,0,SYNTHETIC_DEMO,Prototype-only synthetic acquisition record linked to a real Survey of India village boundary; not a government acquisition record.
SYN-ACQ-01648,SYN-PROJ-01648,CHHATTISGARH,Bastar,Jagdalpur,MACHKOT R.F.,51.0,Irrigation,Railways Act 1989,6.42,106,108,52,4,26,11,0,28854300,22525500,6328800,38744900,38744900,0.6846,Completed,447,0.2117,0,SYNTHETIC_DEMO,Prototype-only synthetic acquisition record linked to a real Survey of India village boundary; not a government acquisition record.
SYN-ACQ-01649,SYN-PROJ-01649,CHHATTISGARH,Raipur,Abhanpur,Nahana Chandi,444610.0,Urban Infrastructure,RFCTLARR Act 2013,33.1,106,171,55,39,31,18,1,295780200,199749300,96030900,19663500,19663500,0.9755,Compensation,418,0.1453,0,SYNTHETIC_DEMO,Prototype-only synthetic acquisition record linked to a real Survey of India village boundary; not a government acquisition record.
SYN-ACQ-01650,SYN-PROJ-01650,CHHATTISGARH,Surajpur,Odgi,Raisara,432681.0,Irrigation,RFCTLARR Act 2013,26.33,76,85,18,18,11,5,1,257967400,214162400,43805000,3240900,2247000,0.597,R&R,612,0.4305,0,SYNTHETIC_DEMO,Prototype-only synthetic acquisition record linked to a real Survey of India village boundary; not a government acquisition record.
SYN-ACQ-01651,SYN-PROJ-01651,CHHATTISGARH,Manendragarh-Chirmiri-Bharatpur (MCB),Manendragarh,Hastinapur,431706.0,Irrigation,Railways Act 1989,53.12,206,82,34,10,22,10,0,141188000,97455200,43732800,29701400,18042300,0.5811,Compensation,520,0.2984,0,SYNTHETIC_DEMO,Prototype-only synthetic acquisition record linked to a real Survey of India village boundary; not a government acquisition record.
SYN-ACQ-01652,SYN-PROJ-01652,CHHATTISGARH,Uttar Bastar Kanker,Durgkondal,Newari,447749.0,Urban Infrastructure,RFCTLARR Act 2013,13.8,132,66,5,5,12,4,4,105508700,81484500,24024200,3511100,3511100,0.6506,GIS Verification,363,0.3151,0,SYNTHETIC_DEMO,Prototype-only synthetic acquisition record linked to a real Survey of India village boundary; not a government acquisition record.
SYN-ACQ-01653,SYN-PROJ-01653,CHHATTISGARH,Raigarh,Pusour,Lara,435144.0,Railway,Other applicable statute,48.87,7,150,14,14,22,20,0,443570600,390126400,53444200,11600200,9941100,0.9186,Award,350,0.1775,0,SYNTHETIC_DEMO,Prototype-only synthetic acquisition record linked to a real Survey of India village boundary; not a government acquisition record.
SYN-ACQ-01654,SYN-PROJ-01654,CHHATTISGARH,Jashpur,Bagicha,FOREST,51.0,Railway,Railways Act 1989,63.68,177,86,8,6,26,22,2,440903500,354079000,86824500,3157000,1722600,0.6153,Completed,549,0.3559,0,SYNTHETIC_DEMO,Prototype-only synthetic acquisition record linked to a real Survey of India village boundary; not a government acquisition record.
SYN-ACQ-01655,SYN-PROJ-01655,CHHATTISGARH,Raipur,Mandir Hasoud,Mandir Hasoud (M),804962.0,National Highway,Other applicable statute,18.17,144,102,25,25,27,15,4,193425000,124579300,68845800,18437800,15291500,0.6454,Objection/Hearing,650,0.3978,0,SYNTHETIC_DEMO,Prototype-only synthetic acquisition record linked to a real Survey of India village boundary; not a government acquisition record.
SYN-ACQ-01656,SYN-PROJ-01656,CHHATTISGARH,Surguja,Darima,Bhalu Kachhar,433042.0,Power Transmission,RFCTLARR Act 2013,12.39,45,73,16,16,17,8,0,74087500,50322600,23764900,7598400,4262800,0.9141,Completed,452,0.1615,0,SYNTHETIC_DEMO,Prototype-only synthetic acquisition record linked to a real Survey of India village boundary; not a government acquisition record.
SYN-ACQ-01657,SYN-PROJ-01657,CHHATTISGARH,Kondagaon,Makdi,Turrebeda,448932.0,Power Transmission,Railways Act 1989,3.55,7,29,2,2,8,4,0,18090200,17051800,1038400,744100,508000,0.5775,Award,330,0.1712,0,SYNTHETIC_DEMO,Prototype-only synthetic acquisition record linked to a real Survey of India village boundary; not a government acquisition record.
SYN-ACQ-01658,SYN-PROJ-01658,CHHATTISGARH,Mahasamund,Pithora,FOREST,51.0,National Highway,Other applicable statute,9.81,39,179,15,15,41,19,5,90509000,70546000,19962900,4869300,2210300,0.8337,Completed,566,0.2541,0,SYNTHETIC_DEMO,Prototype-only synthetic acquisition record linked to a real Survey of India village boundary; not a government acquisition record.
SYN-ACQ-01659,SYN-PROJ-01659,CHHATTISGARH,Gaurela-Pendra-Marwahi,Marwahi,Kodawahi,437590.0,Industrial Corridor,RFCTLARR Act 2013,58.26,77,34,18,7,4,3,0,308318400,294230800,14087600,15976500,11766800,0.9143,Compensation,212,0.0,0,SYNTHETIC_DEMO,Prototype-only synthetic acquisition record linked to a real Survey of India village boundary; not a government acquisition record.
SYN-ACQ-01660,SYN-PROJ-01660,CHHATTISGARH,Sarangarh-Bilaigarh,Bhatgaon,Churela,444307.0,Power Transmission,National Highways Act 1956,0.45,175,148,55,19,22,13,1,19055900,7671100,11384900,19468900,17045800,0.832,Scrutiny,608,0.3758,0,SYNTHETIC_DEMO,Prototype-only synthetic acquisition record linked to a real Survey of India village boundary; not a government acquisition record.
SYN-ACQ-01661,SYN-PROJ-01661,CHHATTISGARH,Raipur,Mandir Hasoud,Reewa,444559.0,Irrigation,National Highways Act 1956,32.81,153,95,26,26,22,11,1,171295600,118546700,52748900,8073000,4347700,0.7663,Notification,638,0.317,0,SYNTHETIC_DEMO,Prototype-only synthetic acquisition record linked to a real Survey of India village boundary; not a government acquisition record.
SYN-ACQ-01662,SYN-PROJ-01662,CHHATTISGARH,Surguja,Lakhanpur,Singitana,433115.0,Power Transmission,Other applicable statute,53.5,211,123,25,6,28,19,0,469059900,447817300,21242600,12820800,12820800,0.7699,Award,549,0.2015,0,SYNTHETIC_DEMO,Prototype-only synthetic acquisition record linked to a real Survey of India village boundary; not a government acquisition record.
SYN-ACQ-01663,SYN-PROJ-01663,CHHATTISGARH,Gaurela-Pendra-Marwahi,Pendra Road,FOREST,51.0,National Highway,RFCTLARR Act 2013,50.81,71,42,13,13,4,2,1,218956200,138174000,80782300,6094200,3319000,0.7321,Award,586,0.2709,0,SYNTHETIC_DEMO,Prototype-only synthetic acquisition record linked to a real Survey of India village boundary; not a government acquisition record.
SYN-ACQ-01664,SYN-PROJ-01664,CHHATTISGARH,Jashpur,Pathalgaon,Patarapali,434260.0,Railway,National Highways Act 1956,31.55,145,64,1,1,28,25,3,145632800,59169900,86462900,888200,767800,0.9956,Proposal,698,0.3568,0,SYNTHETIC_DEMO,Prototype-only synthetic acquisition record linked to a real Survey of India village boundary; not a government acquisition record.
SYN-ACQ-01665,SYN-PROJ-01665,CHHATTISGARH,Bilaspur,Belgahna,Manikpur,437938.0,Urban Infrastructure,Other applicable statute,30.51,92,85,15,15,13,8,1,247792400,247792400,0,11102200,8371300,0.7277,R&R,237,0.1507,0,SYNTHETIC_DEMO,Prototype-only synthetic acquisition record linked to a real Survey of India village boundary; not a government acquisition record.
SYN-ACQ-01666,SYN-PROJ-01666,CHHATTISGARH,Mahasamund,Komakhan,Kosmi,446563.0,Railway,RFCTLARR Act 2013,58.4,82,144,71,29,18,13,1,278282500,278282500,0,37797700,30653700,0.6255,Objection/Hearing,469,0.2188,0,SYNTHETIC_DEMO,Prototype-only synthetic acquisition record linked to a real Survey of India village boundary; not a government acquisition record.
SYN-ACQ-01667,SYN-PROJ-01667,CHHATTISGARH,Balrampur-Ramanujganj,Wadrafnagar,Lamori,432140.0,Power Transmission,Other applicable statute,26.7,156,19,7,7,3,1,0,108180900,75615800,32565100,3648200,2460800,0.7332,Compensation,215,0.0836,0,SYNTHETIC_DEMO,Prototype-only synthetic acquisition record linked to a real Survey of India village boundary; not a government acquisition record.
SYN-ACQ-01668,SYN-PROJ-01668,CHHATTISGARH,Balodabazar-Bhatapara,Kasdol,Turturiya,444145.0,Irrigation,Other applicable statute,53.46,144,58,13,13,14,6,0,424883700,333060300,91823400,8147800,8147800,0.9661,Objection/Hearing,335,0.1617,0,SYNTHETIC_DEMO,Prototype-only synthetic acquisition record linked to a real Survey of India village boundary; not a government acquisition record.
SYN-ACQ-01669,SYN-PROJ-01669,CHHATTISGARH,Narayanpur,Narayanpur,Netanar,449750.0,Industrial Corridor,RFCTLARR Act 2013,0.79,82,130,59,17,45,28,5,23193800,10584400,12609400,28131600,24057800,0.8728,Compensation,639,0.2059,0,SYNTHETIC_DEMO,Prototype-only synthetic acquisition record linked to a real Survey of India village boundary; not a government acquisition record.
SYN-ACQ-01670,SYN-PROJ-01670,CHHATTISGARH,Dhamtari,Belargaon,Gattasilli,447213.0,National Highway,RFCTLARR Act 2013,30.66,196,67,25,5,13,7,0,178989300,105765500,73223800,6747700,4676600,0.9156,Possession,771,0.3482,0,SYNTHETIC_DEMO,Prototype-only synthetic acquisition record linked to a real Survey of India village boundary; not a government acquisition record.
SYN-ACQ-01671,SYN-PROJ-01671,CHHATTISGARH,Kabeerdham,Rengakharkala,Chamari,439510.0,Irrigation,RFCTLARR Act 2013,13.07,212,49,7,7,4,2,1,62821400,28061300,34760100,3745900,2134800,0.7333,R&R,550,0.3954,0,SYNTHETIC_DEMO,Prototype-only synthetic acquisition record linked to a real Survey of India village boundary; not a government acquisition record.
SYN-ACQ-01672,SYN-PROJ-01672,CHHATTISGARH,Surguja,Mainpat,FOREST,51.0,Irrigation,Railways Act 1989,60.52,213,101,40,16,33,23,7,236259200,236259200,0,10535900,5014200,0.8713,Scrutiny,329,0.21,0,SYNTHETIC_DEMO,Prototype-only synthetic acquisition record linked to a real Survey of India village boundary; not a government acquisition record.
SYN-ACQ-01673,SYN-PROJ-01673,CHHATTISGARH,Bastar,Bakavand,Rajnagar,449473.0,Irrigation,RFCTLARR Act 2013,21.38,98,52,7,7,20,9,1,189990500,173902800,16087700,3942100,2870100,0.8456,Award,278,0.1064,0,SYNTHETIC_DEMO,Prototype-only synthetic acquisition record linked to a real Survey of India village boundary; not a government acquisition record.
SYN-ACQ-01674,SYN-PROJ-01674,CHHATTISGARH,Mohla-Manpur-Ambagarh Chouki,Manpur,FOREST,51.0,National Highway,National Highways Act 1956,8.36,56,64,16,6,17,11,0,57250500,45906400,11344100,5219300,5219300,0.8918,Notification,301,0.0618,0,SYNTHETIC_DEMO,Prototype-only synthetic acquisition record linked to a real Survey of India village boundary; not a government acquisition record.
SYN-ACQ-01675,SYN-PROJ-01675,CHHATTISGARH,Janjgir-Champa,Akaltara,Buchihardi,436664.0,Urban Infrastructure,Railways Act 1989,73.48,47,80,15,8,3,2,0,545219300,399716600,145502700,6928600,6670100,0.8497,Award,393,0.1589,0,SYNTHETIC_DEMO,Prototype-only synthetic acquisition record linked to a real Survey of India village boundary; not a government acquisition record.
SYN-ACQ-01676,SYN-PROJ-01676,CHHATTISGARH,Kondagaon,Kondagaon,Bhiragaon,448808.0,Power Transmission,National Highways Act 1956,3.41,154,26,14,14,3,2,0,23867600,3275500,20592100,8571100,8211200,0.6825,Notification,489,0.4237,0,SYNTHETIC_DEMO,Prototype-only synthetic acquisition record linked to a real Survey of India village boundary; not a government acquisition record.
SYN-ACQ-01677,SYN-PROJ-01677,CHHATTISGARH,Kabeerdham,Kawardha,Bodhaikunda,439051.0,Irrigation,Other applicable statute,72.57,114,155,71,2,56,33,1,426140900,207347700,218793200,27354900,20519500,0.8797,Completed,702,0.3245,0,SYNTHETIC_DEMO,Prototype-only synthetic acquisition record linked to a real Survey of India village boundary; not a government acquisition record.
SYN-ACQ-01678,SYN-PROJ-01678,CHHATTISGARH,Jashpur,Duldula,FOREST,51.0,Power Transmission,Other applicable statute,31.0,167,170,5,5,30,13,3,350212100,215668900,134543200,3304200,2614900,0.5773,Completed,472,0.2188,0,SYNTHETIC_DEMO,Prototype-only synthetic acquisition record linked to a real Survey of India village boundary; not a government acquisition record.
SYN-ACQ-01679,SYN-PROJ-01679,CHHATTISGARH,Jashpur,Kunkuri,Jokbahala,433985.0,Urban Infrastructure,Railways Act 1989,32.08,103,137,66,9,36,24,1,317877500,253953300,63924200,40377800,23697400,0.7369,Objection/Hearing,526,0.1566,0,SYNTHETIC_DEMO,Prototype-only synthetic acquisition record linked to a real Survey of India village boundary; not a government acquisition record.
SYN-ACQ-01680,SYN-PROJ-01680,CHHATTISGARH,Balrampur-Ramanujganj,Raghunathnagar,Babhani,432087.0,Railway,RFCTLARR Act 2013,28.32,121,179,1,1,30,15,1,279037700,92626300,186411300,882400,870100,0.981,Award,547,0.1663,0,SYNTHETIC_DEMO,Prototype-only synthetic acquisition record linked to a real Survey of India village boundary; not a government acquisition record.
SYN-ACQ-01681,SYN-PROJ-01681,CHHATTISGARH,Gariyaband,Gariyaband,Khatti,445087.0,Railway,RFCTLARR Act 2013,53.3,8,12,6,6,2,1,0,173891500,137494600,36396900,1541800,749200,0.7738,R&R,369,0.253,0,SYNTHETIC_DEMO,Prototype-only synthetic acquisition record linked to a real Survey of India village boundary; not a government acquisition record.
SYN-ACQ-01682,SYN-PROJ-01682,CHHATTISGARH,Mahasamund,Komakhan,Khattadih,446571.0,Industrial Corridor,Other applicable statute,12.96,50,168,15,15,50,42,1,37640700,36427000,1213700,8939000,7831900,0.8061,Award,402,0.24,0,SYNTHETIC_DEMO,Prototype-only synthetic acquisition record linked to a real Survey of India village boundary; not a government acquisition record.
SYN-ACQ-01683,SYN-PROJ-01683,CHHATTISGARH,Mahasamund,Komakhan,Bidora,446601.0,Urban Infrastructure,RFCTLARR Act 2013,48.51,123,32,3,3,6,2,0,273929700,149415700,124514000,2580900,1756000,0.6571,Possession,591,0.3287,0,SYNTHETIC_DEMO,Prototype-only synthetic acquisition record linked to a real Survey of India village boundary; not a government acquisition record.
SYN-ACQ-01684,SYN-PROJ-01684,CHHATTISGARH,Bemetara,Bemetara,Ughara,442008.0,Urban Infrastructure,Other applicable statute,66.94,211,33,12,12,8,6,0,273359300,198557400,74801900,9514400,8865500,0.9803,Objection/Hearing,318,0.2541,0,SYNTHETIC_DEMO,Prototype-only synthetic acquisition record linked to a real Survey of India village boundary; not a government acquisition record.
SYN-ACQ-01685,SYN-PROJ-01685,CHHATTISGARH,Uttar Bastar Kanker,Kanker,Sidesar,447872.0,Irrigation,RFCTLARR Act 2013,52.44,19,91,13,13,22,21,1,466295900,352347500,113948400,8902500,7039300,0.5594,R&R,501,0.4286,0,SYNTHETIC_DEMO,Prototype-only synthetic acquisition record linked to a real Survey of India village boundary; not a government acquisition record.
SYN-ACQ-01686,SYN-PROJ-01686,CHHATTISGARH,Jashpur,Farsabahar,Mauhadih,434162.0,Irrigation,RFCTLARR Act 2013,35.34,169,57,7,4,8,4,1,275601000,139085700,136515200,4657200,3882700,0.5802,Objection/Hearing,549,0.5133,0,SYNTHETIC_DEMO,Prototype-only synthetic acquisition record linked to a real Survey of India village boundary; not a government acquisition record.
SYN-ACQ-01687,SYN-PROJ-01687,CHHATTISGARH,Sarangarh-Bilaigarh,Bhatgaon,Saliha,444309.0,Urban Infrastructure,Other applicable statute,23.77,149,31,16,7,10,8,1,132406500,119807300,12599300,13630900,10031200,0.9575,Possession,375,0.085,0,SYNTHETIC_DEMO,Prototype-only synthetic acquisition record linked to a real Survey of India village boundary; not a government acquisition record.
SYN-ACQ-01688,SYN-PROJ-01688,CHHATTISGARH,Raigarh,Pusour,Nawapara (Bade),435118.0,Industrial Corridor,National Highways Act 1956,17.93,56,26,13,13,8,5,1,135555800,80520700,55035100,8846000,7183500,0.8295,Award,418,0.2267,0,SYNTHETIC_DEMO,Prototype-only synthetic acquisition record linked to a real Survey of India village boundary; not a government acquisition record.
SYN-ACQ-01689,SYN-PROJ-01689,CHHATTISGARH,Uttar Bastar Kanker,Aamabeda,Badepinjodi,448161.0,Urban Infrastructure,Railways Act 1989,46.49,74,154,60,3,39,28,5,142268200,129960400,12307800,9508400,7115300,0.9929,Compensation,489,0.1382,0,SYNTHETIC_DEMO,Prototype-only synthetic acquisition record linked to a real Survey of India village boundary; not a government acquisition record.
SYN-ACQ-01690,SYN-PROJ-01690,CHHATTISGARH,Janjgir-Champa,Baloda,Uslapur,436716.0,Industrial Corridor,Railways Act 1989,39.65,151,175,1,1,11,5,0,437249400,270240500,167008800,225700,225700,0.8923,Objection/Hearing,478,0.2153,0,SYNTHETIC_DEMO,Prototype-only synthetic acquisition record linked to a real Survey of India village boundary; not a government acquisition record.
SYN-ACQ-01691,SYN-PROJ-01691,CHHATTISGARH,Bemetara,Thankhamariya,Baniyadih,442178.0,National Highway,RFCTLARR Act 2013,66.16,194,73,33,8,26,12,2,189003900,144418900,44585000,8031300,4834400,0.7136,R&R,418,0.2479,0,SYNTHETIC_DEMO,Prototype-only synthetic acquisition record linked to a real Survey of India village boundary; not a government acquisition record.
SYN-ACQ-01692,SYN-PROJ-01692,CHHATTISGARH,Jashpur,Manora,Kerakona,433947.0,Railway,Railways Act 1989,37.83,80,126,18,18,18,8,1,115494600,73941200,41553400,8081700,4532200,0.7338,Compensation,766,0.31,0,SYNTHETIC_DEMO,Prototype-only synthetic acquisition record linked to a real Survey of India village boundary; not a government acquisition record.
SYN-ACQ-01693,SYN-PROJ-01693,CHHATTISGARH,Surguja,Sitapur,Bamlaya,433452.0,Railway,National Highways Act 1956,57.28,128,110,36,32,16,10,3,423667500,404171300,19496200,8063100,7376200,0.7515,Award,356,0.1561,0,SYNTHETIC_DEMO,Prototype-only synthetic acquisition record linked to a real Survey of India village boundary; not a government acquisition record.
SYN-ACQ-01694,SYN-PROJ-01694,CHHATTISGARH,Sukma,Konta,Devarpalli,450530.0,National Highway,Railways Act 1989,17.43,79,118,16,13,19,12,1,93254200,87214300,6039900,13197400,6854000,0.8551,Completed,310,0.2455,0,SYNTHETIC_DEMO,Prototype-only synthetic acquisition record linked to a real Survey of India village boundary; not a government acquisition record.
SYN-ACQ-01695,SYN-PROJ-01695,CHHATTISGARH,Korba,Dipka,Ghanadabri,435914.0,Industrial Corridor,Railways Act 1989,72.27,164,42,3,3,17,9,0,541472300,272223900,269248400,2509600,2509600,0.8575,R&R,530,0.3989,0,SYNTHETIC_DEMO,Prototype-only synthetic acquisition record linked to a real Survey of India village boundary; not a government acquisition record.
SYN-ACQ-01696,SYN-PROJ-01696,CHHATTISGARH,Durg,Patan,Jhadmokhali,442733.0,Power Transmission,National Highways Act 1956,38.23,59,30,4,4,6,4,0,363543700,214721900,148821900,1038900,1027700,0.6352,GIS Verification,652,0.3341,0,SYNTHETIC_DEMO,Prototype-only synthetic acquisition record linked to a real Survey of India village boundary; not a government acquisition record.
SYN-ACQ-01697,SYN-PROJ-01697,CHHATTISGARH,Sarangarh-Bilaigarh,Sarangarh,Amalidipa,435526.0,Irrigation,National Highways Act 1956,30.25,12,55,5,5,21,9,4,304468300,179584300,124884000,3496300,2238500,0.7296,GIS Verification,523,0.2464,0,SYNTHETIC_DEMO,Prototype-only synthetic acquisition record linked to a real Survey of India village boundary; not a government acquisition record.
SYN-ACQ-01698,SYN-PROJ-01698,CHHATTISGARH,Uttar Bastar Kanker,Aamabeda,Mechanar,448146.0,Power Transmission,RFCTLARR Act 2013,57.27,148,9,3,3,3,2,0,354753900,275479000,79274900,1275300,766400,0.8426,Notification,566,0.2786,0,SYNTHETIC_DEMO,Prototype-only synthetic acquisition record linked to a real Survey of India village boundary; not a government acquisition record.
SYN-ACQ-01699,SYN-PROJ-01699,CHHATTISGARH,Uttar Bastar Kanker,Aamabeda,Yetegaon,448113.0,Industrial Corridor,National Highways Act 1956,25.68,36,76,13,6,2,1,0,210163600,153998100,56165500,9723500,5133500,0.909,Notification,335,0.0358,0,SYNTHETIC_DEMO,Prototype-only synthetic acquisition record linked to a real Survey of India village boundary; not a government acquisition record.
SYN-ACQ-01700,SYN-PROJ-01700,CHHATTISGARH,Raipur,Dharsiwa,Giraud,444743.0,Power Transmission,Other applicable statute,42.27,219,128,31,29,17,8,0,188609900,50154400,138455500,24316800,14636300,0.804,R&R,585,0.3759,0,SYNTHETIC_DEMO,Prototype-only synthetic acquisition record linked to a real Survey of India village boundary; not a government acquisition record.
SYN-ACQ-01701,SYN-PROJ-01701,CHHATTISGARH,Raigarh,Mukdega,Basantpur,434601.0,National Highway,National Highways Act 1956,43.64,159,143,2,2,26,16,0,328800800,263253400,65547400,1006300,639300,0.7942,Possession,186,0.0514,0,SYNTHETIC_DEMO,Prototype-only synthetic acquisition record linked to a real Survey of India village boundary; not a government acquisition record.
SYN-ACQ-01702,SYN-PROJ-01702,CHHATTISGARH,Mungeli,Lalpur Thana,Nawagaon Jait,437847.0,Railway,Other applicable statute,70.14,121,85,27,12,35,21,3,266637200,115484500,151152700,22338800,14617200,0.9777,Notification,503,0.1184,0,SYNTHETIC_DEMO,Prototype-only synthetic acquisition record linked to a real Survey of India village boundary; not a government acquisition record.
SYN-ACQ-01703,SYN-PROJ-01703,CHHATTISGARH,Bijapur,Bijapur,Bhosaguda,451033.0,Industrial Corridor,RFCTLARR Act 2013,63.83,147,99,23,0,20,15,0,429845000,257321500,172523400,20223000,19162500,0.8886,Proposal,533,0.3418,0,SYNTHETIC_DEMO,Prototype-only synthetic acquisition record linked to a real Survey of India village boundary; not a government acquisition record.
SYN-ACQ-01704,SYN-PROJ-01704,CHHATTISGARH,Mahasamund,Bagbahra,Nawagaon,446744.0,Industrial Corridor,Railways Act 1989,63.32,5,99,3,3,16,8,0,537652600,327632400,210020200,826300,782300,0.7691,Notification,667,0.2616,0,SYNTHETIC_DEMO,Prototype-only synthetic acquisition record linked to a real Survey of India village boundary; not a government acquisition record.
SYN-ACQ-01705,SYN-PROJ-01705,CHHATTISGARH,Rajnandgaon,Ghumka,Khajri,440731.0,National Highway,National Highways Act 1956,49.31,104,113,48,6,21,17,1,241277700,241277700,0,24085500,15225600,0.8376,Compensation,380,0.049,0,SYNTHETIC_DEMO,Prototype-only synthetic acquisition record linked to a real Survey of India village boundary; not a government acquisition record.
SYN-ACQ-01706,SYN-PROJ-01706,CHHATTISGARH,Khairagarh-Chhuikhadan-Gandai,Chhuikhadan,Bhendra,440194.0,Irrigation,Railways Act 1989,34.53,200,42,22,15,7,6,0,236088600,213349200,22739400,7378800,6601100,0.8648,Compensation,292,0.1051,0,SYNTHETIC_DEMO,Prototype-only synthetic acquisition record linked to a real Survey of India village boundary; not a government acquisition record.
SYN-ACQ-01707,SYN-PROJ-01707,CHHATTISGARH,Raigarh,Pusour,Mahaloi,435080.0,Railway,RFCTLARR Act 2013,33.38,16,136,60,30,22,21,2,82467700,81473000,994700,9262200,9047600,0.9494,Compensation,582,0.3467,0,SYNTHETIC_DEMO,Prototype-only synthetic acquisition record linked to a real Survey of India village boundary; not a government acquisition record.
SYN-ACQ-01708,SYN-PROJ-01708,CHHATTISGARH,Bijapur,Bhopalpattnam,Redeepalli,450741.0,Urban Infrastructure,RFCTLARR Act 2013,11.39,204,170,27,27,36,26,6,136990600,71263000,65727600,18993700,15539900,0.9557,Objection/Hearing,492,0.297,0,SYNTHETIC_DEMO,Prototype-only synthetic acquisition record linked to a real Survey of India village boundary; not a government acquisition record.
SYN-ACQ-01709,SYN-PROJ-01709,CHHATTISGARH,Kabeerdham,Bodla,Katgo,439405.0,Railway,Other applicable statute,48.41,35,104,35,13,32,25,1,213208300,101978900,111229500,12656600,12656600,0.5632,Award,814,0.4714,0,SYNTHETIC_DEMO,Prototype-only synthetic acquisition record linked to a real Survey of India village boundary; not a government acquisition record.
SYN-ACQ-01710,SYN-PROJ-01710,CHHATTISGARH,Bilaspur,Pachpedi,Jalnso,438920.0,Industrial Corridor,Railways Act 1989,66.69,142,46,4,4,6,3,0,154965100,98489400,56475700,1637600,1542900,0.761,Award,498,0.1942,0,SYNTHETIC_DEMO,Prototype-only synthetic acquisition record linked to a real Survey of India village boundary; not a government acquisition record.
SYN-ACQ-01711,SYN-PROJ-01711,CHHATTISGARH,Janjgir-Champa,Saragaon,Sarhar,437017.0,National Highway,National Highways Act 1956,66.19,210,141,2,2,18,9,3,623594700,274094100,349500600,998200,937700,0.9868,Compensation,429,0.2072,0,SYNTHETIC_DEMO,Prototype-only synthetic acquisition record linked to a real Survey of India village boundary; not a government acquisition record.
SYN-ACQ-01712,SYN-PROJ-01712,CHHATTISGARH,Mahasamund,Basna,Bamhanindih,445692.0,Irrigation,RFCTLARR Act 2013,35.6,154,23,4,4,4,3,1,290448200,284461700,5986500,2921400,1949600,0.5698,Award,277,0.1573,0,SYNTHETIC_DEMO,Prototype-only synthetic acquisition record linked to a real Survey of India village boundary; not a government acquisition record.
SYN-ACQ-01713,SYN-PROJ-01713,CHHATTISGARH,Raipur,Kharora,Sirri,444960.0,Railway,RFCTLARR Act 2013,19.89,209,29,7,1,7,6,0,89300500,44459200,44841400,4400700,3215600,0.6283,Notification,655,0.4646,0,SYNTHETIC_DEMO,Prototype-only synthetic acquisition record linked to a real Survey of India village boundary; not a government acquisition record.
SYN-ACQ-01714,SYN-PROJ-01714,CHHATTISGARH,Bilaspur,Ratanpur,Ratanpur (M),801969.0,Railway,Railways Act 1989,50.22,90,77,13,13,6,3,0,140028900,128988800,11040100,4210400,2787100,0.7853,Compensation,289,0.0086,0,SYNTHETIC_DEMO,Prototype-only synthetic acquisition record linked to a real Survey of India village boundary; not a government acquisition record.
SYN-ACQ-01715,SYN-PROJ-01715,CHHATTISGARH,Kondagaon,Kondagaon,Bafna,448791.0,Industrial Corridor,RFCTLARR Act 2013,71.96,57,39,16,16,9,4,1,155465200,132697900,22767300,3873800,2131000,0.7495,Compensation,423,0.2621,0,SYNTHETIC_DEMO,Prototype-only synthetic acquisition record linked to a real Survey of India village boundary; not a government acquisition record.
SYN-ACQ-01716,SYN-PROJ-01716,CHHATTISGARH,Balrampur-Ramanujganj,Chando,Bhawanipur Urf Mahkepi,432300.0,Irrigation,Railways Act 1989,25.82,76,175,61,19,39,31,0,176092700,153996100,22096500,21196800,17338500,0.9862,Completed,453,0.2136,0,SYNTHETIC_DEMO,Prototype-only synthetic acquisition record linked to a real Survey of India village boundary; not a government acquisition record.
SYN-ACQ-01717,SYN-PROJ-01717,CHHATTISGARH,Durg,Bori,Chikhli,442457.0,Railway,RFCTLARR Act 2013,13.04,166,101,27,10,19,10,0,140327200,70436600,69890600,23863300,15961200,0.9391,Compensation,313,0.1694,0,SYNTHETIC_DEMO,Prototype-only synthetic acquisition record linked to a real Survey of India village boundary; not a government acquisition record.
SYN-ACQ-01718,SYN-PROJ-01718,CHHATTISGARH,Gariyaband,Rajim,Bhaisatara,444836.0,Irrigation,Other applicable statute,15.05,41,162,75,15,36,21,1,175109000,114618700,60490300,44224500,39863400,0.6151,Completed,634,0.3297,0,SYNTHETIC_DEMO,Prototype-only synthetic acquisition record linked to a real Survey of India village boundary; not a government acquisition record.
SYN-ACQ-01719,SYN-PROJ-01719,CHHATTISGARH,Mahasamund,Basna,Purushotampur,445696.0,National Highway,Railways Act 1989,18.1,196,36,16,16,17,14,0,138098300,138098300,0,13723200,9090200,0.8829,Award,259,0.0515,0,SYNTHETIC_DEMO,Prototype-only synthetic acquisition record linked to a real Survey of India village boundary; not a government acquisition record.
SYN-ACQ-01720,SYN-PROJ-01720,CHHATTISGARH,Bastar,Lohandiguda,Kaknar,449171.0,Railway,Railways Act 1989,17.76,22,24,10,10,4,2,0,122245400,82177100,40068300,2948300,1478700,0.7988,Compensation,636,0.3312,0,SYNTHETIC_DEMO,Prototype-only synthetic acquisition record linked to a real Survey of India village boundary; not a government acquisition record.
SYN-ACQ-01721,SYN-PROJ-01721,CHHATTISGARH,Kondagaon,Pharasgaon,Sarbeda,448946.0,Urban Infrastructure,RFCTLARR Act 2013,25.72,15,13,2,2,4,3,0,206219600,159863200,46356400,635200,225800,0.5748,Award,657,0.4082,0,SYNTHETIC_DEMO,Prototype-only synthetic acquisition record linked to a real Survey of India village boundary; not a government acquisition record.
SYN-ACQ-01722,SYN-PROJ-01722,CHHATTISGARH,Mahasamund,Mahasamund,Patharri,446185.0,Urban Infrastructure,National Highways Act 1956,34.52,124,76,31,22,21,20,4,137854700,117252600,20602100,11861000,7551600,0.9108,Completed,504,0.294,0,SYNTHETIC_DEMO,Prototype-only synthetic acquisition record linked to a real Survey of India village boundary; not a government acquisition record.
SYN-ACQ-01723,SYN-PROJ-01723,CHHATTISGARH,Surguja,Mainpat,Parpatiya,433544.0,Industrial Corridor,Railways Act 1989,70.95,78,125,2,2,41,27,2,695510200,561663900,133846300,1205900,560500,0.6531,Possession,572,0.3099,0,SYNTHETIC_DEMO,Prototype-only synthetic acquisition record linked to a real Survey of India village boundary; not a government acquisition record.
SYN-ACQ-01724,SYN-PROJ-01724,CHHATTISGARH,Balrampur-Ramanujganj,Ramchandrapur,FOREST,51.0,Irrigation,National Highways Act 1956,26.85,149,20,9,7,0,0,1,52634600,52634600,0,1940400,1614100,0.7021,Compensation,629,0.249,0,SYNTHETIC_DEMO,Prototype-only synthetic acquisition record linked to a real Survey of India village boundary; not a government acquisition record.
SYN-ACQ-01725,SYN-PROJ-01725,CHHATTISGARH,Sukma,Gadiras,Tongras,450643.0,Urban Infrastructure,National Highways Act 1956,23.63,134,152,6,6,13,7,1,169967100,120614500,49352600,1725200,989900,0.9282,Possession,382,0.1404,0,SYNTHETIC_DEMO,Prototype-only synthetic acquisition record linked to a real Survey of India village boundary; not a government acquisition record.
SYN-ACQ-01726,SYN-PROJ-01726,CHHATTISGARH,Khairagarh-Chhuikhadan-Gandai,Khairagarh,Salouni,440515.0,Irrigation,Other applicable statute,1.04,166,95,39,6,18,14,0,41432700,34812600,6620100,33397400,17452800,0.6037,Notification,694,0.3671,0,SYNTHETIC_DEMO,Prototype-only synthetic acquisition record linked to a real Survey of India village boundary; not a government acquisition record.
SYN-ACQ-01727,SYN-PROJ-01727,CHHATTISGARH,Bilaspur,Pachpedi,Son,438939.0,National Highway,Railways Act 1989,0.85,12,56,6,6,15,8,1,17941200,11595400,6345800,1271700,780600,0.7091,Possession,360,0.1371,0,SYNTHETIC_DEMO,Prototype-only synthetic acquisition record linked to a real Survey of India village boundary; not a government acquisition record.
SYN-ACQ-01728,SYN-PROJ-01728,CHHATTISGARH,Mahasamund,Bagbahra,Onkarband,446745.0,National Highway,Railways Act 1989,40.39,5,109,47,18,22,13,0,292066100,93765300,198300800,14023900,9946200,0.5587,Completed,830,0.6189,1,SYNTHETIC_DEMO,Prototype-only synthetic acquisition record linked to a real Survey of India village boundary; not a government acquisition record.
SYN-ACQ-01729,SYN-PROJ-01729,CHHATTISGARH,Jashpur,Kansabel,Tangargaon,433754.0,National Highway,RFCTLARR Act 2013,54.86,75,140,26,26,22,18,1,526834200,450316500,76517700,16488500,8384100,0.5702,Objection/Hearing,339,0.2495,0,SYNTHETIC_DEMO,Prototype-only synthetic acquisition record linked to a real Survey of India village boundary; not a government acquisition record.
SYN-ACQ-01730,SYN-PROJ-01730,CHHATTISGARH,Dhamtari,Dhamtari,Kalartarai,447150.0,Urban Infrastructure,RFCTLARR Act 2013,31.15,56,93,29,29,16,7,0,248243600,152211300,96032300,18668600,9727000,0.8098,Objection/Hearing,481,0.3175,0,SYNTHETIC_DEMO,Prototype-only synthetic acquisition record linked to a real Survey of India village boundary; not a government acquisition record.
SYN-ACQ-01731,SYN-PROJ-01731,CHHATTISGARH,Balod,Daundilohara,Jhika Tola,443109.0,Urban Infrastructure,Other applicable statute,11.77,134,89,4,4,30,15,1,59169100,13845700,45323400,2415700,1425300,0.774,Notification,496,0.4229,0,SYNTHETIC_DEMO,Prototype-only synthetic acquisition record linked to a real Survey of India village boundary; not a government acquisition record.
SYN-ACQ-01732,SYN-PROJ-01732,CHHATTISGARH,Mungeli,Mungeli,Sonpuri,438216.0,Irrigation,National Highways Act 1956,31.77,187,61,7,7,15,6,2,239000700,109086500,129914300,3915000,1896300,0.6831,Notification,814,0.5722,1,SYNTHETIC_DEMO,Prototype-only synthetic acquisition record linked to a real Survey of India village boundary; not a government acquisition record.
SYN-ACQ-01733,SYN-PROJ-01733,CHHATTISGARH,Kondagaon,Makdi,Deurbal,448928.0,Railway,National Highways Act 1956,65.69,32,110,19,19,25,12,2,594788900,301005600,293783300,16407300,9698700,0.7827,R&R,592,0.3904,0,SYNTHETIC_DEMO,Prototype-only synthetic acquisition record linked to a real Survey of India village boundary; not a government acquisition record.
SYN-ACQ-01734,SYN-PROJ-01734,CHHATTISGARH,Balodabazar-Bhatapara,Balodabazar,Champa,443772.0,Railway,Railways Act 1989,32.48,38,32,5,5,5,2,1,292202800,197317300,94885600,1538300,924100,0.5584,GIS Verification,580,0.3539,0,SYNTHETIC_DEMO,Prototype-only synthetic acquisition record linked to a real Survey of India village boundary; not a government acquisition record.
SYN-ACQ-01735,SYN-PROJ-01735,CHHATTISGARH,Sarangarh-Bilaigarh,Sarangarh,Dahida,435295.0,Irrigation,Other applicable statute,68.0,26,172,73,10,6,2,0,222705900,162913400,59792500,14206700,14206700,0.8556,Possession,650,0.2075,0,SYNTHETIC_DEMO,Prototype-only synthetic acquisition record linked to a real Survey of India village boundary; not a government acquisition record.
SYN-ACQ-01736,SYN-PROJ-01736,CHHATTISGARH,Mahasamund,Komakhan,Baghamuda,446561.0,Railway,National Highways Act 1956,50.59,15,132,3,3,22,17,0,260548100,260548100,0,2328800,1862800,0.8512,R&R,266,0.0316,0,SYNTHETIC_DEMO,Prototype-only synthetic acquisition record linked to a real Survey of India village boundary; not a government acquisition record.
SYN-ACQ-01737,SYN-PROJ-01737,CHHATTISGARH,Bijapur,Bhairamgarh,Adewada,451276.0,Power Transmission,RFCTLARR Act 2013,53.77,131,154,46,1,53,50,1,321301200,249217000,72084200,12842100,2107200,0.6328,GIS Verification,478,0.2048,0,SYNTHETIC_DEMO,Prototype-only synthetic acquisition record linked to a real Survey of India village boundary; not a government acquisition record.
SYN-ACQ-01738,SYN-PROJ-01738,CHHATTISGARH,Gaurela-Pendra-Marwahi,Pendra Road,Mandpur,437463.0,Power Transmission,RFCTLARR Act 2013,21.77,115,104,30,26,4,2,1,114427500,114427500,0,12795300,12485400,0.9279,Completed,552,0.1784,0,SYNTHETIC_DEMO,Prototype-only synthetic acquisition record linked to a real Survey of India village boundary; not a government acquisition record.
SYN-ACQ-01739,SYN-PROJ-01739,CHHATTISGARH,Raigarh,Dharamjaigarh,Rairuma Khurd,434424.0,Power Transmission,National Highways Act 1956,22.54,94,69,3,3,14,12,0,162005600,50201700,111804000,2067500,1908400,0.8985,Proposal,428,0.3789,0,SYNTHETIC_DEMO,Prototype-only synthetic acquisition record linked to a real Survey of India village boundary; not a government acquisition record.
SYN-ACQ-01740,SYN-PROJ-01740,CHHATTISGARH,Uttar Bastar Kanker,Pakhanjur,Nawagondahoor,448293.0,Irrigation,RFCTLARR Act 2013,36.91,3,42,7,7,0,0,0,160978900,95970100,65008700,3116800,2764100,0.7551,Completed,490,0.3094,0,SYNTHETIC_DEMO,Prototype-only synthetic acquisition record linked to a real Survey of India village boundary; not a government acquisition record.
SYN-ACQ-01741,SYN-PROJ-01741,CHHATTISGARH,Surguja,Lakhanpur,Lahpatra,433121.0,Industrial Corridor,Railways Act 1989,43.2,199,120,10,2,17,15,1,268445300,180213300,88232000,8841800,5349600,0.6862,Objection/Hearing,368,0.1931,0,SYNTHETIC_DEMO,Prototype-only synthetic acquisition record linked to a real Survey of India village boundary; not a government acquisition record.
SYN-ACQ-01742,SYN-PROJ-01742,CHHATTISGARH,Mohla-Manpur-Ambagarh Chouki,Ambagarh Chouki,Ghorda,441653.0,Railway,Other applicable statute,40.15,50,57,29,25,9,5,0,129129100,44166200,84962900,10236200,9353600,0.6547,Possession,468,0.2317,0,SYNTHETIC_DEMO,Prototype-only synthetic acquisition record linked to a real Survey of India village boundary; not a government acquisition record.
SYN-ACQ-01743,SYN-PROJ-01743,CHHATTISGARH,Rajnandgaon,Rajnandgaon,Parewadeeh,440774.0,Urban Infrastructure,National Highways Act 1956,41.91,163,54,19,19,6,4,0,173054000,131039400,42014600,6544300,4932100,0.9489,Possession,100,0.0,0,SYNTHETIC_DEMO,Prototype-only synthetic acquisition record linked to a real Survey of India village boundary; not a government acquisition record.
SYN-ACQ-01744,SYN-PROJ-01744,CHHATTISGARH,Mungeli,Jarhagaon,Lohadia,438299.0,Irrigation,Railways Act 1989,18.82,63,16,8,8,6,3,0,140864300,140864300,0,5191600,5191600,0.7259,Objection/Hearing,368,0.3095,0,SYNTHETIC_DEMO,Prototype-only synthetic acquisition record linked to a real Survey of India village boundary; not a government acquisition record.
SYN-ACQ-01745,SYN-PROJ-01745,CHHATTISGARH,Surguja,Lakhanpur,Ganeshpur,433125.0,Railway,National Highways Act 1956,65.63,65,160,57,26,34,30,4,399187400,314966900,84220500,24469900,16337200,0.7365,GIS Verification,480,0.2754,0,SYNTHETIC_DEMO,Prototype-only synthetic acquisition record linked to a real Survey of India village boundary; not a government acquisition record.
SYN-ACQ-01746,SYN-PROJ-01746,CHHATTISGARH,Bemetara,Bemetara,Dhaneli,442047.0,Railway,Railways Act 1989,64.04,169,17,1,1,5,4,0,437356600,238333600,199023000,399200,134800,0.7184,Proposal,528,0.3014,0,SYNTHETIC_DEMO,Prototype-only synthetic acquisition record linked to a real Survey of India village boundary; not a government acquisition record.
SYN-ACQ-01747,SYN-PROJ-01747,CHHATTISGARH,Balrampur-Ramanujganj,Shankargarh,FOREST,51.0,Irrigation,Railways Act 1989,54.67,205,125,7,7,21,14,1,501891900,491092100,10799700,4319900,2203400,0.5824,Possession,416,0.1873,0,SYNTHETIC_DEMO,Prototype-only synthetic acquisition record linked to a real Survey of India village boundary; not a government acquisition record.
SYN-ACQ-01748,SYN-PROJ-01748,CHHATTISGARH,Sarangarh-Bilaigarh,Baramkela,Padkipali,435754.0,Industrial Corridor,RFCTLARR Act 2013,28.14,215,88,6,6,12,11,1,106104100,76535600,29568600,4366000,2343800,0.6233,Scrutiny,648,0.2524,0,SYNTHETIC_DEMO,Prototype-only synthetic acquisition record linked to a real Survey of India village boundary; not a government acquisition record.
SYN-ACQ-01749,SYN-PROJ-01749,CHHATTISGARH,Korba,Katghora,Fuljhar,435849.0,Railway,RFCTLARR Act 2013,53.49,177,55,2,2,13,9,0,102318800,44838700,57480100,408100,254500,0.7507,Objection/Hearing,406,0.0105,0,SYNTHETIC_DEMO,Prototype-only synthetic acquisition record linked to a real Survey of India village boundary; not a government acquisition record.
SYN-ACQ-01750,SYN-PROJ-01750,CHHATTISGARH,Balrampur-Ramanujganj,Wadrafnagar,Phulidumar,432126.0,Railway,RFCTLARR Act 2013,25.52,105,22,7,7,4,2,1,227588000,118970700,108617400,2392600,1436400,0.7091,Compensation,959,0.4808,0,SYNTHETIC_DEMO,Prototype-only synthetic acquisition record linked to a real Survey of India village boundary; not a government acquisition record.
SYN-ACQ-01751,SYN-PROJ-01751,CHHATTISGARH,Jashpur,Jashpur,FOREST,51.0,Industrial Corridor,Other applicable statute,1.24,70,35,16,16,5,2,2,16539600,7567000,8972600,8911100,5850800,0.7059,Notification,306,0.2556,0,SYNTHETIC_DEMO,Prototype-only synthetic acquisition record linked to a real Survey of India village boundary; not a government acquisition record.
SYN-ACQ-01752,SYN-PROJ-01752,CHHATTISGARH,Surguja,Lakhanpur,Pondi,433075.0,Industrial Corridor,Other applicable statute,19.15,14,176,62,27,19,16,1,125071200,84771200,40300000,14122000,12618600,0.6556,R&R,462,0.3846,0,SYNTHETIC_DEMO,Prototype-only synthetic acquisition record linked to a real Survey of India village boundary; not a government acquisition record.
SYN-ACQ-01753,SYN-PROJ-01753,CHHATTISGARH,Balodabazar-Bhatapara,Bhatapara,Amethi,443700.0,Industrial Corridor,National Highways Act 1956,36.18,43,86,42,32,8,4,0,223179100,113310200,109868800,10983100,7117500,0.7847,Notification,421,0.3191,0,SYNTHETIC_DEMO,Prototype-only synthetic acquisition record linked to a real Survey of India village boundary; not a government acquisition record.
SYN-ACQ-01754,SYN-PROJ-01754,CHHATTISGARH,Jashpur,Jashpur,Gholeng,433838.0,Irrigation,Other applicable statute,70.8,55,107,5,5,20,12,1,320760700,320760700,0,1448000,1115400,0.6442,R&R,438,0.2583,0,SYNTHETIC_DEMO,Prototype-only synthetic acquisition record linked to a real Survey of India village boundary; not a government acquisition record.
SYN-ACQ-01755,SYN-PROJ-01755,CHHATTISGARH,Sarangarh-Bilaigarh,Sariya,Bijepur (Girdhari Path),435589.0,Urban Infrastructure,Railways Act 1989,63.37,130,67,34,29,10,7,1,495857300,495857300,0,22551700,15148400,0.6948,Compensation,291,0.1072,0,SYNTHETIC_DEMO,Prototype-only synthetic acquisition record linked to a real Survey of India village boundary; not a government acquisition record.
SYN-ACQ-01756,SYN-PROJ-01756,CHHATTISGARH,Mungeli,Sargaon,Kirna,438492.0,Urban Infrastructure,RFCTLARR Act 2013,13.45,133,101,14,9,13,12,2,84521000,52142200,32378800,7123400,3711400,0.6356,Possession,399,0.2843,0,SYNTHETIC_DEMO,Prototype-only synthetic acquisition record linked to a real Survey of India village boundary; not a government acquisition record.
SYN-ACQ-01757,SYN-PROJ-01757,CHHATTISGARH,Mohla-Manpur-Ambagarh Chouki,Aundhi,Semhar Bandha,441508.0,Industrial Corridor,Other applicable statute,59.23,54,55,25,7,0,0,0,332004800,259627200,72377600,5803900,4572900,0.9077,Notification,257,0.1673,0,SYNTHETIC_DEMO,Prototype-only synthetic acquisition record linked to a real Survey of India village boundary; not a government acquisition record.
SYN-ACQ-01758,SYN-PROJ-01758,CHHATTISGARH,Bijapur,Bhairamgarh,Hurrepal,451350.0,Urban Infrastructure,RFCTLARR Act 2013,12.57,37,105,47,32,15,14,2,151673400,120548100,31125400,17402000,17402000,0.8703,Completed,472,0.3204,0,SYNTHETIC_DEMO,Prototype-only synthetic acquisition record linked to a real Survey of India village boundary; not a government acquisition record.
SYN-ACQ-01759,SYN-PROJ-01759,CHHATTISGARH,Balodabazar-Bhatapara,Palari,Sarkipar,443867.0,National Highway,Other applicable statute,2.63,93,37,9,9,7,3,1,20584000,12387900,8196100,4394700,3218900,0.9676,Award,290,0.1151,0,SYNTHETIC_DEMO,Prototype-only synthetic acquisition record linked to a real Survey of India village boundary; not a government acquisition record.
SYN-ACQ-01760,SYN-PROJ-01760,CHHATTISGARH,Sarangarh-Bilaigarh,Sarangarh,Singhanpur,435524.0,Railway,Railways Act 1989,5.3,213,35,15,9,6,4,0,51703200,39293900,12409300,11397500,5133600,0.8304,Completed,355,0.1398,0,SYNTHETIC_DEMO,Prototype-only synthetic acquisition record linked to a real Survey of India village boundary; not a government acquisition record.
SYN-ACQ-01761,SYN-PROJ-01761,CHHATTISGARH,Bilaspur,Bodri,Limtari,438957.0,Power Transmission,RFCTLARR Act 2013,46.23,214,176,68,21,48,21,3,278507100,193830500,84676600,24731400,13912100,0.7763,GIS Verification,487,0.2556,0,SYNTHETIC_DEMO,Prototype-only synthetic acquisition record linked to a real Survey of India village boundary; not a government acquisition record.
SYN-ACQ-01762,SYN-PROJ-01762,CHHATTISGARH,Korba,Korba,Kudurmal,436334.0,National Highway,National Highways Act 1956,47.9,158,69,20,15,16,12,0,167706800,151840200,15866600,7525700,5614600,0.8759,Compensation,603,0.4306,0,SYNTHETIC_DEMO,Prototype-only synthetic acquisition record linked to a real Survey of India village boundary; not a government acquisition record.
SYN-ACQ-01763,SYN-PROJ-01763,CHHATTISGARH,Korba,Poundi-Uproda,Singhiya,436125.0,Irrigation,National Highways Act 1956,40.03,178,28,7,7,6,5,2,280004100,242307900,37696200,3334400,2501600,0.9107,Completed,451,0.3436,0,SYNTHETIC_DEMO,Prototype-only synthetic acquisition record linked to a real Survey of India village boundary; not a government acquisition record.
SYN-ACQ-01764,SYN-PROJ-01764,CHHATTISGARH,Mungeli,Pathariya,Deori,438402.0,Irrigation,Railways Act 1989,6.04,131,60,3,3,17,14,2,53046000,44563000,8483100,567800,395200,0.8124,Notification,428,0.365,0,SYNTHETIC_DEMO,Prototype-only synthetic acquisition record linked to a real Survey of India village boundary; not a government acquisition record.
SYN-ACQ-01765,SYN-PROJ-01765,CHHATTISGARH,Mahasamund,Mahasamund,Kanekera,446207.0,Urban Infrastructure,RFCTLARR Act 2013,38.24,213,154,4,4,36,23,1,203542200,135066500,68475700,3580000,3580000,0.6626,GIS Verification,618,0.2545,0,SYNTHETIC_DEMO,Prototype-only synthetic acquisition record linked to a real Survey of India village boundary; not a government acquisition record.
SYN-ACQ-01766,SYN-PROJ-01766,CHHATTISGARH,Kondagaon,Keshkal,Adanbeda,448594.0,Power Transmission,Other applicable statute,62.16,109,28,10,9,9,6,1,186904800,134148800,52755900,2080500,1527200,0.9294,Compensation,446,0.3002,0,SYNTHETIC_DEMO,Prototype-only synthetic acquisition record linked to a real Survey of India village boundary; not a government acquisition record.
SYN-ACQ-01767,SYN-PROJ-01767,CHHATTISGARH,Janjgir-Champa,Shivrinarayan,Bhathli,436792.0,Power Transmission,National Highways Act 1956,55.12,186,47,22,22,11,7,0,150165700,78143300,72022400,10440200,7124900,0.706,Possession,710,0.4106,0,SYNTHETIC_DEMO,Prototype-only synthetic acquisition record linked to a real Survey of India village boundary; not a government acquisition record.
SYN-ACQ-01768,SYN-PROJ-01768,CHHATTISGARH,Bemetara,Nawagarh,Dhobni Khurd,441705.0,Industrial Corridor,Other applicable statute,30.55,13,118,5,5,25,23,0,211568700,165238300,46330400,4099100,1289000,0.8563,Completed,350,0.2836,0,SYNTHETIC_DEMO,Prototype-only synthetic acquisition record linked to a real Survey of India village boundary; not a government acquisition record.
SYN-ACQ-01769,SYN-PROJ-01769,CHHATTISGARH,Bijapur,Bhairamgarh,Belchar,451227.0,National Highway,Other applicable statute,39.27,204,96,1,1,10,4,0,159731600,26374700,133356900,808700,781900,0.5668,Completed,623,0.4321,0,SYNTHETIC_DEMO,Prototype-only synthetic acquisition record linked to a real Survey of India village boundary; not a government acquisition record.
SYN-ACQ-01770,SYN-PROJ-01770,CHHATTISGARH,Raigarh,Raigarh,Kari Chhapar,434982.0,Power Transmission,RFCTLARR Act 2013,63.68,83,103,40,39,3,1,0,167597700,119872700,47725000,9705600,7496900,0.6566,Completed,582,0.2392,0,SYNTHETIC_DEMO,Prototype-only synthetic acquisition record linked to a real Survey of India village boundary; not a government acquisition record.
SYN-ACQ-01771,SYN-PROJ-01771,CHHATTISGARH,Manendragarh-Chirmiri-Bharatpur (MCB),Manendragarh,Banji,431690.0,Urban Infrastructure,Railways Act 1989,48.9,94,176,76,10,46,31,0,424605600,424605600,0,23772500,17835300,0.9717,Award,546,0.1358,0,SYNTHETIC_DEMO,Prototype-only synthetic acquisition record linked to a real Survey of India village boundary; not a government acquisition record.
SYN-ACQ-01772,SYN-PROJ-01772,CHHATTISGARH,Bijapur,Bhairamgarh,FOREST,51.0,Railway,Other applicable statute,6.42,170,132,38,21,30,27,7,63034900,44773200,18261700,8281500,5461500,0.5972,GIS Verification,575,0.4601,0,SYNTHETIC_DEMO,Prototype-only synthetic acquisition record linked to a real Survey of India village boundary; not a government acquisition record.
SYN-ACQ-01773,SYN-PROJ-01773,CHHATTISGARH,Bijapur,Bhopalpattnam,Koranjed,450827.0,Power Transmission,Other applicable statute,39.87,25,22,2,1,6,5,0,343890700,270122900,73767900,1408600,279100,0.7561,Award,437,0.2641,0,SYNTHETIC_DEMO,Prototype-only synthetic acquisition record linked to a real Survey of India village boundary; not a government acquisition record.
SYN-ACQ-01774,SYN-PROJ-01774,CHHATTISGARH,Balodabazar-Bhatapara,Palari,Nawagaon,443974.0,Urban Infrastructure,Railways Act 1989,1.35,136,139,67,36,34,26,0,20702900,9546800,11156000,52082700,39223000,0.8219,GIS Verification,655,0.3878,0,SYNTHETIC_DEMO,Prototype-only synthetic acquisition record linked to a real Survey of India village boundary; not a government acquisition record.
SYN-ACQ-01775,SYN-PROJ-01775,CHHATTISGARH,Kondagaon,Kondagaon,Indagaon,448668.0,National Highway,RFCTLARR Act 2013,63.52,32,154,7,7,9,7,0,444917400,423719000,21198400,4001900,2864400,0.6819,Compensation,340,0.0495,0,SYNTHETIC_DEMO,Prototype-only synthetic acquisition record linked to a real Survey of India village boundary; not a government acquisition record.
SYN-ACQ-01776,SYN-PROJ-01776,CHHATTISGARH,Korea,Baikunthpur,Narkeli,431419.0,National Highway,RFCTLARR Act 2013,41.9,60,47,17,17,14,12,1,383337700,267240000,116097700,7098900,4434500,0.8942,Compensation,653,0.3715,0,SYNTHETIC_DEMO,Prototype-only synthetic acquisition record linked to a real Survey of India village boundary; not a government acquisition record.
SYN-ACQ-01777,SYN-PROJ-01777,CHHATTISGARH,Rajnandgaon,Chhuriya,FOREST,51.0,National Highway,Other applicable statute,38.61,184,98,15,15,11,7,1,173537300,134024300,39513000,4307900,4173400,0.5682,Proposal,672,0.3684,0,SYNTHETIC_DEMO,Prototype-only synthetic acquisition record linked to a real Survey of India village boundary; not a government acquisition record.
SYN-ACQ-01778,SYN-PROJ-01778,CHHATTISGARH,Balod,Balod,Jugera,443167.0,Urban Infrastructure,National Highways Act 1956,63.04,57,171,3,1,25,21,0,348103100,315508900,32594200,844600,390400,0.6827,Compensation,318,0.2073,0,SYNTHETIC_DEMO,Prototype-only synthetic acquisition record linked to a real Survey of India village boundary; not a government acquisition record.
SYN-ACQ-01779,SYN-PROJ-01779,CHHATTISGARH,Kondagaon,Pharasgaon,Singarpuri,448944.0,National Highway,Railways Act 1989,64.26,108,77,15,15,18,11,0,186190600,161644200,24546400,12904100,9136100,0.8268,Compensation,300,0.0,0,SYNTHETIC_DEMO,Prototype-only synthetic acquisition record linked to a real Survey of India village boundary; not a government acquisition record.
SYN-ACQ-01780,SYN-PROJ-01780,CHHATTISGARH,Gariyaband,Devbhog,Kadlimuda,445564.0,Power Transmission,Other applicable statute,72.94,135,81,21,3,26,15,0,510720800,420346800,90373900,6188000,4462700,0.5603,Objection/Hearing,534,0.3537,0,SYNTHETIC_DEMO,Prototype-only synthetic acquisition record linked to a real Survey of India village boundary; not a government acquisition record.
SYN-ACQ-01781,SYN-PROJ-01781,CHHATTISGARH,Sarangarh-Bilaigarh,Sarangarh,Siliyari,435349.0,Railway,RFCTLARR Act 2013,4.55,70,114,3,3,26,25,0,56870600,55991200,879400,2080200,1127400,0.551,R&R,447,0.2432,0,SYNTHETIC_DEMO,Prototype-only synthetic acquisition record linked to a real Survey of India village boundary; not a government acquisition record.
SYN-ACQ-01782,SYN-PROJ-01782,CHHATTISGARH,Jashpur,Kunkuri,Mayali,434056.0,Railway,Railways Act 1989,1.63,194,22,12,12,6,3,0,9696500,5528400,4168200,9406900,2409000,0.5805,GIS Verification,716,0.3544,0,SYNTHETIC_DEMO,Prototype-only synthetic acquisition record linked to a real Survey of India village boundary; not a government acquisition record.
SYN-ACQ-01783,SYN-PROJ-01783,CHHATTISGARH,Raipur,Dharsiwa,Mangasa,444699.0,Railway,Railways Act 1989,22.01,5,115,37,24,26,20,4,226835300,188057100,38778200,24835600,16061200,0.6654,Award,45,0.0228,0,SYNTHETIC_DEMO,Prototype-only synthetic acquisition record linked to a real Survey of India village boundary; not a government acquisition record.
SYN-ACQ-01784,SYN-PROJ-01784,CHHATTISGARH,Dakshin Bastar Dantewada,Katekalyan,Adpal,450207.0,Urban Infrastructure,Other applicable statute,25.45,211,106,32,27,27,25,2,218533000,180363200,38169700,17063500,11505200,0.7381,Objection/Hearing,552,0.3123,0,SYNTHETIC_DEMO,Prototype-only synthetic acquisition record linked to a real Survey of India village boundary; not a government acquisition record.
SYN-ACQ-01785,SYN-PROJ-01785,CHHATTISGARH,Jashpur,Kansabel,Sujibahar,433742.0,Urban Infrastructure,Railways Act 1989,68.52,110,105,9,2,35,33,2,609120100,362964500,246155600,3754400,2661600,0.7746,Objection/Hearing,288,0.2096,0,SYNTHETIC_DEMO,Prototype-only synthetic acquisition record linked to a real Survey of India village boundary; not a government acquisition record.
SYN-ACQ-01786,SYN-PROJ-01786,CHHATTISGARH,Bilaspur,Ratanpur,Bansajhal,437990.0,Urban Infrastructure,Railways Act 1989,57.98,74,28,6,6,3,1,0,195018100,181314700,13703400,1342000,723900,0.6606,Proposal,549,0.2898,0,SYNTHETIC_DEMO,Prototype-only synthetic acquisition record linked to a real Survey of India village boundary; not a government acquisition record.
SYN-ACQ-01787,SYN-PROJ-01787,CHHATTISGARH,Jashpur,Bagbahar,FOREST,51.0,National Highway,RFCTLARR Act 2013,45.81,155,48,10,10,9,5,2,315358300,315358300,0,8154500,6913100,0.9051,Notification,386,0.2291,0,SYNTHETIC_DEMO,Prototype-only synthetic acquisition record linked to a real Survey of India village boundary; not a government acquisition record.
SYN-ACQ-01788,SYN-PROJ-01788,CHHATTISGARH,Sakti,Chandrapur,Gopalpur,437204.0,Irrigation,National Highways Act 1956,43.41,185,27,7,5,6,3,1,391031200,391031200,0,1799700,1407300,0.7669,Objection/Hearing,512,0.2581,0,SYNTHETIC_DEMO,Prototype-only synthetic acquisition record linked to a real Survey of India village boundary; not a government acquisition record.
SYN-ACQ-01789,SYN-PROJ-01789,CHHATTISGARH,Dakshin Bastar Dantewada,Bade Bacheli,Cholnar(Siwanapdar),450102.0,Power Transmission,RFCTLARR Act 2013,73.39,43,111,31,10,17,8,2,165993400,61936000,104057400,25371200,25371200,0.6542,GIS Verification,612,0.534,0,SYNTHETIC_DEMO,Prototype-only synthetic acquisition record linked to a real Survey of India village boundary; not a government acquisition record.
SYN-ACQ-01790,SYN-PROJ-01790,CHHATTISGARH,Sakti,Malkharoda,Bade Sipat,437237.0,National Highway,RFCTLARR Act 2013,39.37,15,44,11,11,14,6,0,316932500,136461500,180471000,9393300,8552700,0.8066,R&R,644,0.3992,0,SYNTHETIC_DEMO,Prototype-only synthetic acquisition record linked to a real Survey of India village boundary; not a government acquisition record.
SYN-ACQ-01791,SYN-PROJ-01791,CHHATTISGARH,Kabeerdham,Kukdur,Chilpi Range R.F.,51.0,National Highway,Railways Act 1989,52.37,22,115,40,1,27,11,0,439064500,439064500,0,8560300,6105900,0.7874,Compensation,432,0.2306,0,SYNTHETIC_DEMO,Prototype-only synthetic acquisition record linked to a real Survey of India village boundary; not a government acquisition record.
SYN-ACQ-01792,SYN-PROJ-01792,CHHATTISGARH,Sarangarh-Bilaigarh,Sarangarh,Jushpur,435298.0,Power Transmission,Railways Act 1989,54.09,143,47,2,2,16,9,1,141463500,85813000,55650500,1470100,553400,0.7075,Compensation,434,0.3307,0,SYNTHETIC_DEMO,Prototype-only synthetic acquisition record linked to a real Survey of India village boundary; not a government acquisition record.
SYN-ACQ-01793,SYN-PROJ-01793,CHHATTISGARH,Dakshin Bastar Dantewada,Dantewada,Rewnar,450074.0,Railway,RFCTLARR Act 2013,4.65,103,133,63,19,22,14,3,60696800,34120500,26576300,56149500,41075700,0.7134,R&R,302,0.2132,0,SYNTHETIC_DEMO,Prototype-only synthetic acquisition record linked to a real Survey of India village boundary; not a government acquisition record.
SYN-ACQ-01794,SYN-PROJ-01794,CHHATTISGARH,Gaurela-Pendra-Marwahi,Marwahi,Naka,437581.0,Irrigation,RFCTLARR Act 2013,44.93,3,147,34,23,32,19,1,230148000,225208800,4939200,28984000,9338000,0.8991,Notification,712,0.3568,0,SYNTHETIC_DEMO,Prototype-only synthetic acquisition record linked to a real Survey of India village boundary; not a government acquisition record.
SYN-ACQ-01795,SYN-PROJ-01795,CHHATTISGARH,Kondagaon,Makdi,Balond,448890.0,Urban Infrastructure,Other applicable statute,24.92,173,130,47,24,14,13,1,241645300,241645300,0,9643600,5120700,0.7095,Compensation,198,0.012,0,SYNTHETIC_DEMO,Prototype-only synthetic acquisition record linked to a real Survey of India village boundary; not a government acquisition record.
SYN-ACQ-01796,SYN-PROJ-01796,CHHATTISGARH,Jashpur,Bagbahar,Bangaon,434334.0,Urban Infrastructure,National Highways Act 1956,39.83,158,18,1,1,2,1,0,345933700,203936900,141996700,602400,583600,0.864,Compensation,478,0.2457,0,SYNTHETIC_DEMO,Prototype-only synthetic acquisition record linked to a real Survey of India village boundary; not a government acquisition record.
SYN-ACQ-01797,SYN-PROJ-01797,CHHATTISGARH,Dakshin Bastar Dantewada,Dantewada,Bhogam,450075.0,National Highway,Railways Act 1989,24.83,160,31,1,1,2,1,0,210941700,144258900,66682700,471000,390500,0.836,Scrutiny,421,0.0893,0,SYNTHETIC_DEMO,Prototype-only synthetic acquisition record linked to a real Survey of India village boundary; not a government acquisition record.
SYN-ACQ-01798,SYN-PROJ-01798,CHHATTISGARH,Korba,Barpali,Sohagpur,436458.0,Irrigation,Railways Act 1989,35.34,17,52,15,0,7,2,1,289484900,253421000,36063900,13362000,11921700,0.8909,Objection/Hearing,470,0.363,0,SYNTHETIC_DEMO,Prototype-only synthetic acquisition record linked to a real Survey of India village boundary; not a government acquisition record.
SYN-ACQ-01799,SYN-PROJ-01799,CHHATTISGARH,Dhamtari,Kurud,Sidhaurikhurd,446898.0,Irrigation,RFCTLARR Act 2013,6.43,11,97,42,9,21,12,2,77394100,77394100,0,30832600,9232200,0.5994,Objection/Hearing,362,0.2324,0,SYNTHETIC_DEMO,Prototype-only synthetic acquisition record linked to a real Survey of India village boundary; not a government acquisition record.
SYN-ACQ-01800,SYN-PROJ-01800,CHHATTISGARH,Sarangarh-Bilaigarh,Sarsiwa,Raikona,444385.0,Railway,RFCTLARR Act 2013,26.51,113,169,60,5,30,21,4,89621900,58772100,30849800,9097600,3106400,0.877,Award,216,0.1985,0,SYNTHETIC_DEMO,Prototype-only synthetic acquisition record linked to a real Survey of India village boundary; not a government acquisition record.
SYN-ACQ-01801,SYN-PROJ-01801,CHHATTISGARH,Rajnandgaon,Dongargarh,Katli,440546.0,Urban Infrastructure,Other applicable statute,26.22,213,131,32,26,12,5,0,251144400,151230000,99914400,11816000,8226200,0.6234,Compensation,709,0.3836,0,SYNTHETIC_DEMO,Prototype-only synthetic acquisition record linked to a real Survey of India village boundary; not a government acquisition record.
SYN-ACQ-01802,SYN-PROJ-01802,CHHATTISGARH,Rajnandgaon,Dongargarh,Dodki,440583.0,Power Transmission,Railways Act 1989,35.03,176,73,9,9,10,9,2,329550600,261511100,68039600,4951000,4334200,0.8373,Completed,193,0.0359,0,SYNTHETIC_DEMO,Prototype-only synthetic acquisition record linked to a real Survey of India village boundary; not a government acquisition record.
SYN-ACQ-01803,SYN-PROJ-01803,CHHATTISGARH,Bemetara,Bemetara,Jhilga Kanpa,441950.0,Irrigation,Other applicable statute,22.45,70,117,30,14,13,6,0,201483600,162147000,39336600,12032100,8280000,0.8238,Scrutiny,297,0.1048,0,SYNTHETIC_DEMO,Prototype-only synthetic acquisition record linked to a real Survey of India village boundary; not a government acquisition record.
SYN-ACQ-01804,SYN-PROJ-01804,CHHATTISGARH,Korba,Dipka,Chainpur,435823.0,Industrial Corridor,RFCTLARR Act 2013,59.89,86,176,43,0,29,24,0,505356800,302029400,203327500,19648200,17855000,0.6486,Completed,428,0.1573,0,SYNTHETIC_DEMO,Prototype-only synthetic acquisition record linked to a real Survey of India village boundary; not a government acquisition record.
SYN-ACQ-01805,SYN-PROJ-01805,CHHATTISGARH,Surajpur,Latori,Chendra Reserved Forest,51.0,Industrial Corridor,Railways Act 1989,66.57,199,49,21,21,4,2,0,525347800,476649100,48698700,5027600,3494200,0.9894,Notification,300,0.1502,0,SYNTHETIC_DEMO,Prototype-only synthetic acquisition record linked to a real Survey of India village boundary; not a government acquisition record.
SYN-ACQ-01806,SYN-PROJ-01806,CHHATTISGARH,Rajnandgaon,Dongargarh,Basantpur,440560.0,Power Transmission,Other applicable statute,66.85,154,62,14,14,8,7,1,381896000,194044000,187852000,5178100,5178100,0.5541,Proposal,569,0.2927,0,SYNTHETIC_DEMO,Prototype-only synthetic acquisition record linked to a real Survey of India village boundary; not a government acquisition record.
SYN-ACQ-01807,SYN-PROJ-01807,CHHATTISGARH,Kondagaon,Mardapal,Botiknera,448767.0,Industrial Corridor,Other applicable statute,38.34,180,179,25,25,46,37,3,422838400,387817300,35021000,9668600,5592100,0.7402,R&R,823,0.418,0,SYNTHETIC_DEMO,Prototype-only synthetic acquisition record linked to a real Survey of India village boundary; not a government acquisition record.
SYN-ACQ-01808,SYN-PROJ-01808,CHHATTISGARH,Mungeli,Lormi,Chilphi,437756.0,Power Transmission,RFCTLARR Act 2013,21.0,39,118,5,5,10,9,1,139289700,119198700,20090900,1485900,883600,0.5754,Proposal,541,0.2924,0,SYNTHETIC_DEMO,Prototype-only synthetic acquisition record linked to a real Survey of India village boundary; not a government acquisition record.
SYN-ACQ-01809,SYN-PROJ-01809,CHHATTISGARH,Gariyaband,Mainpur,Kokadi,445420.0,Urban Infrastructure,RFCTLARR Act 2013,63.64,191,34,10,10,4,1,1,316723600,172402000,144321600,2061300,1508800,0.7659,Compensation,619,0.3968,0,SYNTHETIC_DEMO,Prototype-only synthetic acquisition record linked to a real Survey of India village boundary; not a government acquisition record.
SYN-ACQ-01810,SYN-PROJ-01810,CHHATTISGARH,Mohla-Manpur-Ambagarh Chouki,Manpur,Kahdabari,441395.0,National Highway,Other applicable statute,62.55,56,179,58,35,54,35,4,588496300,547430800,41065500,50327900,17959700,0.5633,Compensation,941,0.5571,1,SYNTHETIC_DEMO,Prototype-only synthetic acquisition record linked to a real Survey of India village boundary; not a government acquisition record.
SYN-ACQ-01811,SYN-PROJ-01811,CHHATTISGARH,Bemetara,Nawagarh,Baharbod,441785.0,Power Transmission,National Highways Act 1956,24.12,99,88,37,16,31,26,1,88674300,73942800,14731500,23805200,14785600,0.7381,Compensation,432,0.2773,0,SYNTHETIC_DEMO,Prototype-only synthetic acquisition record linked to a real Survey of India village boundary; not a government acquisition record.
SYN-ACQ-01812,SYN-PROJ-01812,CHHATTISGARH,Korba,Barpali,Kothari,436434.0,Railway,Railways Act 1989,30.02,196,157,54,15,43,30,5,116060800,82428500,33632300,11715300,4318000,0.9213,Award,489,0.2074,0,SYNTHETIC_DEMO,Prototype-only synthetic acquisition record linked to a real Survey of India village boundary; not a government acquisition record.
SYN-ACQ-01813,SYN-PROJ-01813,CHHATTISGARH,Mohla-Manpur-Ambagarh Chouki,Khadgaon,FOREST,51.0,Irrigation,Other applicable statute,32.3,4,24,9,7,8,3,1,275589100,119962800,155626300,3056800,1326700,0.6481,Proposal,631,0.4138,0,SYNTHETIC_DEMO,Prototype-only synthetic acquisition record linked to a real Survey of India village boundary; not a government acquisition record.
SYN-ACQ-01814,SYN-PROJ-01814,CHHATTISGARH,Mungeli,Lormi,Lilapur,437674.0,National Highway,Other applicable statute,49.29,211,95,39,31,2,1,1,131446500,102068400,29378100,33716400,21156500,0.8367,R&R,363,0.1402,0,SYNTHETIC_DEMO,Prototype-only synthetic acquisition record linked to a real Survey of India village boundary; not a government acquisition record.
SYN-ACQ-01815,SYN-PROJ-01815,CHHATTISGARH,Balrampur-Ramanujganj,Balrampur,Rajbandha,432019.0,National Highway,Other applicable statute,14.44,82,24,7,7,7,6,0,128383000,118623400,9759600,3242400,2064500,0.6004,Completed,523,0.2627,0,SYNTHETIC_DEMO,Prototype-only synthetic acquisition record linked to a real Survey of India village boundary; not a government acquisition record.
SYN-ACQ-01816,SYN-PROJ-01816,CHHATTISGARH,Bijapur,Bhairamgarh,Timmenar,451351.0,Industrial Corridor,Railways Act 1989,16.22,208,27,1,1,7,4,0,127499400,72000300,55499100,713200,713200,0.9375,Compensation,313,0.156,0,SYNTHETIC_DEMO,Prototype-only synthetic acquisition record linked to a real Survey of India village boundary; not a government acquisition record.
SYN-ACQ-01817,SYN-PROJ-01817,CHHATTISGARH,Janjgir-Champa,Akaltara,Tilai,436632.0,Railway,RFCTLARR Act 2013,25.85,10,168,5,5,38,29,3,178045700,121099700,56946000,2267000,2035600,0.7581,Possession,204,0.1442,0,SYNTHETIC_DEMO,Prototype-only synthetic acquisition record linked to a real Survey of India village boundary; not a government acquisition record.
SYN-ACQ-01818,SYN-PROJ-01818,CHHATTISGARH,Sakti,Sakti,Ghuichunwa,436902.0,Railway,RFCTLARR Act 2013,7.4,108,98,35,29,29,21,0,74384600,58073300,16311200,29132200,18162900,0.753,Notification,533,0.3207,0,SYNTHETIC_DEMO,Prototype-only synthetic acquisition record linked to a real Survey of India village boundary; not a government acquisition record.
SYN-ACQ-01819,SYN-PROJ-01819,CHHATTISGARH,Uttar Bastar Kanker,Pakhanjur,Sohgaon,448292.0,Urban Infrastructure,Other applicable statute,40.52,142,133,1,1,37,35,1,341297200,187930400,153366800,633800,507900,0.7424,R&R,616,0.2855,0,SYNTHETIC_DEMO,Prototype-only synthetic acquisition record linked to a real Survey of India village boundary; not a government acquisition record.
SYN-ACQ-01820,SYN-PROJ-01820,CHHATTISGARH,Bastar,Lohandiguda,Usaribeda,449229.0,Industrial Corridor,National Highways Act 1956,50.93,137,102,8,8,18,17,0,402376000,311845100,90530900,6103500,3715600,0.8322,R&R,178,0.126,0,SYNTHETIC_DEMO,Prototype-only synthetic acquisition record linked to a real Survey of India village boundary; not a government acquisition record.
SYN-ACQ-01821,SYN-PROJ-01821,CHHATTISGARH,Mohla-Manpur-Ambagarh Chouki,Aundhi,Navagarh,441514.0,Power Transmission,National Highways Act 1956,10.73,71,16,7,7,5,2,0,76749000,64309800,12439200,3275200,1300600,0.7458,Completed,795,0.4865,0,SYNTHETIC_DEMO,Prototype-only synthetic acquisition record linked to a real Survey of India village boundary; not a government acquisition record.
SYN-ACQ-01822,SYN-PROJ-01822,CHHATTISGARH,Bijapur,Kutru,Eligandra,451106.0,Power Transmission,National Highways Act 1956,22.39,134,37,5,5,6,2,0,123006400,123006400,0,3423200,1968900,0.6067,Possession,714,0.4278,0,SYNTHETIC_DEMO,Prototype-only synthetic acquisition record linked to a real Survey of India village boundary; not a government acquisition record.
SYN-ACQ-01823,SYN-PROJ-01823,CHHATTISGARH,Balod,Daundi,Pendri,443281.0,Urban Infrastructure,Railways Act 1989,42.29,139,126,5,3,6,5,1,319149100,240258100,78891000,2899000,2072200,0.7847,Objection/Hearing,492,0.0852,0,SYNTHETIC_DEMO,Prototype-only synthetic acquisition record linked to a real Survey of India village boundary; not a government acquisition record.
SYN-ACQ-01824,SYN-PROJ-01824,CHHATTISGARH,Rajnandgaon,Lal Bahadur Nagar,Dhandongri,440694.0,Power Transmission,Railways Act 1989,65.36,171,104,18,18,35,15,3,287391900,173082900,114309000,6797400,5544900,0.662,Possession,412,0.3716,0,SYNTHETIC_DEMO,Prototype-only synthetic acquisition record linked to a real Survey of India village boundary; not a government acquisition record.
SYN-ACQ-01825,SYN-PROJ-01825,CHHATTISGARH,Mohla-Manpur-Ambagarh Chouki,Aundhi,Nawagaon,441532.0,Industrial Corridor,Other applicable statute,22.75,91,150,19,19,7,3,0,69835100,67096400,2738700,12046100,7338400,0.8405,Notification,208,0.1765,0,SYNTHETIC_DEMO,Prototype-only synthetic acquisition record linked to a real Survey of India village boundary; not a government acquisition record.
SYN-ACQ-01826,SYN-PROJ-01826,CHHATTISGARH,Raigarh,Pusour,Garh Umariya,435008.0,Power Transmission,National Highways Act 1956,37.89,41,136,47,23,50,28,5,224010200,194865500,29144700,9759200,9759200,0.7069,Proposal,649,0.3029,0,SYNTHETIC_DEMO,Prototype-only synthetic acquisition record linked to a real Survey of India village boundary; not a government acquisition record.
SYN-ACQ-01827,SYN-PROJ-01827,CHHATTISGARH,Kondagaon,Makdi,Odargaon,448929.0,Urban Infrastructure,National Highways Act 1956,2.5,5,56,17,17,16,10,0,32200600,21632600,10568000,5770900,5770900,1.0,Compensation,508,0.0852,0,SYNTHETIC_DEMO,Prototype-only synthetic acquisition record linked to a real Survey of India village boundary; not a government acquisition record.
SYN-ACQ-01828,SYN-PROJ-01828,CHHATTISGARH,Raigarh,Dharamjaigarh,Dharamjaigarh Colony,434450.0,Railway,Railways Act 1989,32.67,170,42,10,10,11,10,2,96803700,68189700,28614000,6864800,3167800,0.7692,Possession,615,0.3864,0,SYNTHETIC_DEMO,Prototype-only synthetic acquisition record linked to a real Survey of India village boundary; not a government acquisition record.
SYN-ACQ-01829,SYN-PROJ-01829,CHHATTISGARH,Gariyaband,Mainpur,Jadapadar,445362.0,Urban Infrastructure,Railways Act 1989,50.39,32,90,43,20,15,8,2,193572300,148270100,45302200,18829300,17174200,0.6745,Proposal,483,0.2946,0,SYNTHETIC_DEMO,Prototype-only synthetic acquisition record linked to a real Survey of India village boundary; not a government acquisition record.
SYN-ACQ-01830,SYN-PROJ-01830,CHHATTISGARH,Bijapur,Bhairamgarh,Madpal,451338.0,Industrial Corridor,National Highways Act 1956,55.08,67,122,57,35,13,5,1,365398000,239007300,126390700,32077100,24848400,0.7559,Compensation,348,0.2914,0,SYNTHETIC_DEMO,Prototype-only synthetic acquisition record linked to a real Survey of India village boundary; not a government acquisition record.
SYN-ACQ-01831,SYN-PROJ-01831,CHHATTISGARH,Raigarh,Raigarh,Siyarpali,434974.0,National Highway,RFCTLARR Act 2013,21.04,109,56,4,4,14,11,0,129647700,77106000,52541700,1632700,1038000,0.7227,Possession,121,0.0518,0,SYNTHETIC_DEMO,Prototype-only synthetic acquisition record linked to a real Survey of India village boundary; not a government acquisition record.
SYN-ACQ-01832,SYN-PROJ-01832,CHHATTISGARH,Balod,Daundi,FOREST,51.0,Railway,National Highways Act 1956,27.83,183,15,3,3,1,0,0,209192500,67378500,141814000,2568200,550700,0.9355,Possession,423,0.3545,0,SYNTHETIC_DEMO,Prototype-only synthetic acquisition record linked to a real Survey of India village boundary; not a government acquisition record.
SYN-ACQ-01833,SYN-PROJ-01833,CHHATTISGARH,Manendragarh-Chirmiri-Bharatpur (MCB),Bharatpur,Pandri,431214.0,Irrigation,Railways Act 1989,55.1,192,66,23,23,12,8,1,491903300,365026000,126877300,18384100,18384100,0.9426,Completed,397,0.3205,0,SYNTHETIC_DEMO,Prototype-only synthetic acquisition record linked to a real Survey of India village boundary; not a government acquisition record.
SYN-ACQ-01834,SYN-PROJ-01834,CHHATTISGARH,Bilaspur,Takhatpur,Panda Kapa,438574.0,Urban Infrastructure,National Highways Act 1956,37.55,120,33,8,8,4,3,0,309990000,101303100,208686900,5837200,4474900,0.9823,R&R,365,0.1759,0,SYNTHETIC_DEMO,Prototype-only synthetic acquisition record linked to a real Survey of India village boundary; not a government acquisition record.
SYN-ACQ-01835,SYN-PROJ-01835,CHHATTISGARH,Balod,Arjunda,Deori,442773.0,Industrial Corridor,Other applicable statute,61.29,213,101,32,31,34,32,2,143360400,103665800,39694500,26184400,10937900,0.8095,Completed,503,0.2335,0,SYNTHETIC_DEMO,Prototype-only synthetic acquisition record linked to a real Survey of India village boundary; not a government acquisition record.
SYN-ACQ-01836,SYN-PROJ-01836,CHHATTISGARH,Balod,Gurur,Chhediya,443394.0,Railway,Other applicable statute,1.75,139,162,43,3,65,63,4,64016400,64016400,0,24068900,21717300,0.6215,Award,440,0.2996,0,SYNTHETIC_DEMO,Prototype-only synthetic acquisition record linked to a real Survey of India village boundary; not a government acquisition record.
SYN-ACQ-01837,SYN-PROJ-01837,CHHATTISGARH,Mahasamund,Basna,Kurchundi Tukada Naya,445816.0,Railway,National Highways Act 1956,16.25,81,173,46,13,29,19,1,177309300,69349200,107960100,27728300,25346700,0.7759,Objection/Hearing,514,0.2901,0,SYNTHETIC_DEMO,Prototype-only synthetic acquisition record linked to a real Survey of India village boundary; not a government acquisition record.
SYN-ACQ-01838,SYN-PROJ-01838,CHHATTISGARH,Sakti,Jaijaipur,Kashigarh,437358.0,Urban Infrastructure,RFCTLARR Act 2013,56.03,183,157,76,20,34,28,3,187653700,161525000,26128700,41568400,28553600,0.7132,Completed,276,0.105,0,SYNTHETIC_DEMO,Prototype-only synthetic acquisition record linked to a real Survey of India village boundary; not a government acquisition record.
SYN-ACQ-01839,SYN-PROJ-01839,CHHATTISGARH,Korba,Katghora,FOREST,51.0,National Highway,National Highways Act 1956,38.24,190,25,4,4,1,0,0,88306100,71014700,17291400,2770700,1689800,0.9101,Award,462,0.1422,0,SYNTHETIC_DEMO,Prototype-only synthetic acquisition record linked to a real Survey of India village boundary; not a government acquisition record.
SYN-ACQ-01840,SYN-PROJ-01840,CHHATTISGARH,Dhamtari,Belargaon,Likhama,447319.0,Urban Infrastructure,Railways Act 1989,55.96,116,43,20,20,15,14,1,142243100,139409300,2833800,13800800,13591400,0.7313,Completed,505,0.1918,0,SYNTHETIC_DEMO,Prototype-only synthetic acquisition record linked to a real Survey of India village boundary; not a government acquisition record.
SYN-ACQ-01841,SYN-PROJ-01841,CHHATTISGARH,Balodabazar-Bhatapara,Balodabazar,Semaradih,443768.0,National Highway,RFCTLARR Act 2013,36.15,10,38,6,6,5,3,1,264214300,171952500,92261800,1939800,1415900,0.8057,Award,471,0.1028,0,SYNTHETIC_DEMO,Prototype-only synthetic acquisition record linked to a real Survey of India village boundary; not a government acquisition record.
SYN-ACQ-01842,SYN-PROJ-01842,CHHATTISGARH,Narayanpur,Narayanpur,FOREST,51.0,Industrial Corridor,Other applicable statute,73.61,49,137,40,6,40,25,4,681181600,600638300,80543300,6072400,3735700,0.8757,Proposal,445,0.2842,0,SYNTHETIC_DEMO,Prototype-only synthetic acquisition record linked to a real Survey of India village boundary; not a government acquisition record.
SYN-ACQ-01843,SYN-PROJ-01843,CHHATTISGARH,Kondagaon,BADERAJPUR,Jodekera,448638.0,Industrial Corridor,Other applicable statute,6.13,196,157,27,27,41,19,1,58998100,37473200,21524800,15215200,9507700,0.6212,Completed,548,0.3338,0,SYNTHETIC_DEMO,Prototype-only synthetic acquisition record linked to a real Survey of India village boundary; not a government acquisition record.
SYN-ACQ-01844,SYN-PROJ-01844,CHHATTISGARH,Balrampur-Ramanujganj,Kusmi (Samri),FOREST,51.0,National Highway,Other applicable statute,0.53,54,40,9,0,4,2,0,12600100,6427100,6173000,3299600,2403400,0.6437,Notification,724,0.3997,0,SYNTHETIC_DEMO,Prototype-only synthetic acquisition record linked to a real Survey of India village boundary; not a government acquisition record.
SYN-ACQ-01845,SYN-PROJ-01845,CHHATTISGARH,Korba,Bhaisma,Batati,436401.0,Industrial Corridor,National Highways Act 1956,3.54,121,161,59,8,36,26,0,70177800,37572500,32605300,12716900,8572000,0.5746,Objection/Hearing,516,0.534,0,SYNTHETIC_DEMO,Prototype-only synthetic acquisition record linked to a real Survey of India village boundary; not a government acquisition record.
SYN-ACQ-01846,SYN-PROJ-01846,CHHATTISGARH,Balodabazar-Bhatapara,Simga,Aurethi,443518.0,Industrial Corridor,RFCTLARR Act 2013,68.92,80,22,3,3,1,0,0,651948500,167502700,484445800,1427900,739200,0.6274,Objection/Hearing,402,0.1529,0,SYNTHETIC_DEMO,Prototype-only synthetic acquisition record linked to a real Survey of India village boundary; not a government acquisition record.
SYN-ACQ-01847,SYN-PROJ-01847,CHHATTISGARH,Bemetara,Darhi,Gangpur,441999.0,Railway,Other applicable statute,66.78,112,81,4,4,4,1,0,437651300,258575600,179075600,1341300,698200,0.6456,Award,308,0.1952,0,SYNTHETIC_DEMO,Prototype-only synthetic acquisition record linked to a real Survey of India village boundary; not a government acquisition record.
SYN-ACQ-01848,SYN-PROJ-01848,CHHATTISGARH,Balodabazar-Bhatapara,Palari,Rampur,443942.0,National Highway,Railways Act 1989,59.32,79,97,42,8,7,6,1,340185200,328932800,11252400,16964200,10668500,0.7857,Objection/Hearing,444,0.1644,0,SYNTHETIC_DEMO,Prototype-only synthetic acquisition record linked to a real Survey of India village boundary; not a government acquisition record.
SYN-ACQ-01849,SYN-PROJ-01849,CHHATTISGARH,Jashpur,Farsabahar,Ganjhiyadih,434163.0,Power Transmission,Railways Act 1989,34.62,201,63,11,11,15,14,0,243234600,124447900,118786700,3115900,1563600,0.9916,Scrutiny,459,0.3387,0,SYNTHETIC_DEMO,Prototype-only synthetic acquisition record linked to a real Survey of India village boundary; not a government acquisition record.
SYN-ACQ-01850,SYN-PROJ-01850,CHHATTISGARH,Sakti,Sakti,Dodaki,436944.0,Urban Infrastructure,Other applicable statute,32.53,200,47,13,13,12,11,0,156757100,118137200,38619900,7639300,6853900,0.5822,R&R,548,0.3402,0,SYNTHETIC_DEMO,Prototype-only synthetic acquisition record linked to a real Survey of India village boundary; not a government acquisition record.
SYN-ACQ-01851,SYN-PROJ-01851,CHHATTISGARH,Mungeli,Mungeli,Jhilgadih,438135.0,National Highway,RFCTLARR Act 2013,46.88,95,171,77,2,48,25,8,203987100,170620600,33366600,58969500,29827800,0.6174,Possession,675,0.3414,0,SYNTHETIC_DEMO,Prototype-only synthetic acquisition record linked to a real Survey of India village boundary; not a government acquisition record.
SYN-ACQ-01852,SYN-PROJ-01852,CHHATTISGARH,Dhamtari,Belargaon,Ratawa,447260.0,Railway,RFCTLARR Act 2013,61.06,184,137,21,1,16,15,3,487608500,389200200,98408300,17687400,11133700,0.6509,Completed,537,0.3782,0,SYNTHETIC_DEMO,Prototype-only synthetic acquisition record linked to a real Survey of India village boundary; not a government acquisition record.
SYN-ACQ-01853,SYN-PROJ-01853,CHHATTISGARH,Raigarh,Pusour,Amalipali,434998.0,Industrial Corridor,Other applicable statute,44.17,40,154,61,35,16,9,2,462524600,247470100,215054500,39863000,36016900,0.7391,Proposal,376,0.1287,0,SYNTHETIC_DEMO,Prototype-only synthetic acquisition record linked to a real Survey of India village boundary; not a government acquisition record.
SYN-ACQ-01854,SYN-PROJ-01854,CHHATTISGARH,Rajnandgaon,Dongargarh,Katalwahi,440547.0,Urban Infrastructure,Other applicable statute,18.49,134,153,55,39,53,41,8,194571300,132909900,61661400,45166600,19206200,0.8522,Possession,440,0.2582,0,SYNTHETIC_DEMO,Prototype-only synthetic acquisition record linked to a real Survey of India village boundary; not a government acquisition record.
SYN-ACQ-01855,SYN-PROJ-01855,CHHATTISGARH,Narayanpur,Orchha,Boter,450021.0,Railway,National Highways Act 1956,56.22,106,97,13,13,17,10,1,218699200,218699200,0,2320100,798200,0.856,Notification,382,0.1399,0,SYNTHETIC_DEMO,Prototype-only synthetic acquisition record linked to a real Survey of India village boundary; not a government acquisition record.
SYN-ACQ-01856,SYN-PROJ-01856,CHHATTISGARH,Gaurela-Pendra-Marwahi,Marwahi,Enthi,437523.0,Irrigation,National Highways Act 1956,67.79,177,80,3,3,16,11,0,647179900,435023500,212156300,1093700,1093700,0.9711,Compensation,299,0.0076,0,SYNTHETIC_DEMO,Prototype-only synthetic acquisition record linked to a real Survey of India village boundary; not a government acquisition record.
SYN-ACQ-01857,SYN-PROJ-01857,CHHATTISGARH,Korea,Baikunthpur,Janakpur,650836.0,Irrigation,National Highways Act 1956,47.03,61,137,64,9,44,34,0,276097900,121020400,155077400,36697700,33710400,0.7322,Scrutiny,500,0.2696,0,SYNTHETIC_DEMO,Prototype-only synthetic acquisition record linked to a real Survey of India village boundary; not a government acquisition record.
SYN-ACQ-01858,SYN-PROJ-01858,CHHATTISGARH,Mahasamund,Pithora,Thelkodadar,446391.0,Industrial Corridor,RFCTLARR Act 2013,63.93,125,125,62,22,6,2,0,536051700,347721700,188330000,54329600,29196900,0.581,Notification,534,0.3754,0,SYNTHETIC_DEMO,Prototype-only synthetic acquisition record linked to a real Survey of India village boundary; not a government acquisition record.
SYN-ACQ-01859,SYN-PROJ-01859,CHHATTISGARH,Korba,Kartala,Kachhar,436527.0,National Highway,Railways Act 1989,13.39,59,139,22,22,27,18,2,67964100,62498900,5465200,11415000,9470300,0.8921,Proposal,269,0.0483,0,SYNTHETIC_DEMO,Prototype-only synthetic acquisition record linked to a real Survey of India village boundary; not a government acquisition record.
SYN-ACQ-01860,SYN-PROJ-01860,CHHATTISGARH,Bastar,Jagdalpur,Kumharawand,449136.0,Irrigation,RFCTLARR Act 2013,63.57,119,104,17,17,6,5,0,471919900,404037500,67882400,5100700,2184500,0.9684,Completed,302,0.0712,0,SYNTHETIC_DEMO,Prototype-only synthetic acquisition record linked to a real Survey of India village boundary; not a government acquisition record.
SYN-ACQ-01861,SYN-PROJ-01861,CHHATTISGARH,Bilaspur,Kota,Karpiha,438027.0,Railway,RFCTLARR Act 2013,26.63,64,93,41,28,15,12,0,117027300,90910100,26117100,14075900,6715600,0.8534,Compensation,397,0.1877,0,SYNTHETIC_DEMO,Prototype-only synthetic acquisition record linked to a real Survey of India village boundary; not a government acquisition record.
SYN-ACQ-01862,SYN-PROJ-01862,CHHATTISGARH,Mohla-Manpur-Ambagarh Chouki,Ambagarh Chouki,Parremeta,441680.0,Railway,Railways Act 1989,13.31,138,106,49,22,17,14,2,117774600,117774600,0,39982600,37544900,0.8443,Notification,400,0.2973,0,SYNTHETIC_DEMO,Prototype-only synthetic acquisition record linked to a real Survey of India village boundary; not a government acquisition record.
SYN-ACQ-01863,SYN-PROJ-01863,CHHATTISGARH,Dakshin Bastar Dantewada,Gidam,Bangapal,450155.0,Power Transmission,National Highways Act 1956,72.83,159,68,24,21,16,6,1,213309200,118382100,94927100,7850100,7641400,0.8826,Scrutiny,534,0.2189,0,SYNTHETIC_DEMO,Prototype-only synthetic acquisition record linked to a real Survey of India village boundary; not a government acquisition record.
SYN-ACQ-01864,SYN-PROJ-01864,CHHATTISGARH,Durg,Durg,Khursidih,442578.0,Industrial Corridor,RFCTLARR Act 2013,40.18,200,129,47,13,40,29,5,156670000,132792000,23877900,21673400,18643200,0.633,Possession,524,0.3056,0,SYNTHETIC_DEMO,Prototype-only synthetic acquisition record linked to a real Survey of India village boundary; not a government acquisition record.
SYN-ACQ-01865,SYN-PROJ-01865,CHHATTISGARH,Surguja,Mainpat,Rajapur,433582.0,Industrial Corridor,RFCTLARR Act 2013,72.32,52,172,70,7,16,10,2,206369000,138961000,67408000,23091200,5653100,0.6588,Award,707,0.4569,0,SYNTHETIC_DEMO,Prototype-only synthetic acquisition record linked to a real Survey of India village boundary; not a government acquisition record.
SYN-ACQ-01866,SYN-PROJ-01866,CHHATTISGARH,Uttar Bastar Kanker,Bande,Tekamata,448315.0,Railway,Railways Act 1989,43.07,52,26,7,2,5,4,1,353064000,238284100,114780000,6296200,5015100,0.9935,Objection/Hearing,533,0.273,0,SYNTHETIC_DEMO,Prototype-only synthetic acquisition record linked to a real Survey of India village boundary; not a government acquisition record.
SYN-ACQ-01867,SYN-PROJ-01867,CHHATTISGARH,Bijapur,Kutru,Katur,451115.0,National Highway,National Highways Act 1956,9.18,14,103,2,2,23,11,2,67022600,60199100,6823500,1310900,852500,0.9825,Notification,337,0.1284,0,SYNTHETIC_DEMO,Prototype-only synthetic acquisition record linked to a real Survey of India village boundary; not a government acquisition record.
SYN-ACQ-01868,SYN-PROJ-01868,CHHATTISGARH,Kabeerdham,Bodla,Other,51.0,Power Transmission,Other applicable statute,37.62,9,131,48,30,17,7,0,301314400,138554500,162759900,14242500,8875500,0.9724,Award,357,0.1419,0,SYNTHETIC_DEMO,Prototype-only synthetic acquisition record linked to a real Survey of India village boundary; not a government acquisition record.
SYN-ACQ-01869,SYN-PROJ-01869,CHHATTISGARH,Durg,Durg,Dumardih (CT),442597.0,Industrial Corridor,Railways Act 1989,4.63,111,153,24,24,26,14,0,32064300,20332100,11732200,14027200,12397200,0.9493,Award,339,0.1489,0,SYNTHETIC_DEMO,Prototype-only synthetic acquisition record linked to a real Survey of India village boundary; not a government acquisition record.
SYN-ACQ-01870,SYN-PROJ-01870,CHHATTISGARH,Gariyaband,Gariyaband,Begarpala,445157.0,Urban Infrastructure,National Highways Act 1956,27.09,14,110,43,13,29,26,2,163695000,34002100,129692900,22640200,11231800,0.6042,R&R,439,0.3984,0,SYNTHETIC_DEMO,Prototype-only synthetic acquisition record linked to a real Survey of India village boundary; not a government acquisition record.
SYN-ACQ-01871,SYN-PROJ-01871,CHHATTISGARH,Durg,Patan,Selud,442692.0,Irrigation,National Highways Act 1956,33.35,194,178,7,7,50,38,6,260760800,93552500,167208300,4265400,4265400,0.7267,GIS Verification,635,0.3513,0,SYNTHETIC_DEMO,Prototype-only synthetic acquisition record linked to a real Survey of India village boundary; not a government acquisition record.
SYN-ACQ-01872,SYN-PROJ-01872,CHHATTISGARH,Sarangarh-Bilaigarh,Bhatgaon,Khapridih,444340.0,Power Transmission,Railways Act 1989,48.35,32,120,25,6,7,5,1,121236000,119742000,1493900,8486600,8486600,0.9882,Notification,245,0.0,0,SYNTHETIC_DEMO,Prototype-only synthetic acquisition record linked to a real Survey of India village boundary; not a government acquisition record.
SYN-ACQ-01873,SYN-PROJ-01873,CHHATTISGARH,Bijapur,Kutru,Somanpalli,451090.0,National Highway,Other applicable statute,40.4,4,47,8,8,3,1,1,178996700,138053200,40943500,6411200,4285300,0.8236,Award,453,0.1119,0,SYNTHETIC_DEMO,Prototype-only synthetic acquisition record linked to a real Survey of India village boundary; not a government acquisition record.
SYN-ACQ-01874,SYN-PROJ-01874,CHHATTISGARH,Uttar Bastar Kanker,Bande,Shakti Nagar,448370.0,Urban Infrastructure,Railways Act 1989,2.38,91,131,49,36,33,15,1,46282900,31279700,15003200,35971200,22318400,0.7638,R&R,451,0.1308,0,SYNTHETIC_DEMO,Prototype-only synthetic acquisition record linked to a real Survey of India village boundary; not a government acquisition record.
SYN-ACQ-01875,SYN-PROJ-01875,CHHATTISGARH,Dakshin Bastar Dantewada,Bade Bacheli,Perpa,450253.0,Power Transmission,Other applicable statute,11.12,124,135,50,24,8,5,2,81899900,43235100,38664800,19189400,19189400,0.6894,R&R,658,0.4214,0,SYNTHETIC_DEMO,Prototype-only synthetic acquisition record linked to a real Survey of India village boundary; not a government acquisition record.
SYN-ACQ-01876,SYN-PROJ-01876,CHHATTISGARH,Gariyaband,Mainpur,Latapara,445423.0,Railway,Railways Act 1989,60.9,15,163,64,28,10,9,1,540420200,348955600,191464600,41878400,17658200,0.9986,Completed,511,0.2553,0,SYNTHETIC_DEMO,Prototype-only synthetic acquisition record linked to a real Survey of India village boundary; not a government acquisition record.
SYN-ACQ-01877,SYN-PROJ-01877,CHHATTISGARH,Jashpur,Sanna,Bedekona,433599.0,Railway,Other applicable statute,36.21,152,46,4,4,3,2,0,247218800,176797000,70421800,2031200,2031200,0.7853,Notification,170,0.0773,0,SYNTHETIC_DEMO,Prototype-only synthetic acquisition record linked to a real Survey of India village boundary; not a government acquisition record.
SYN-ACQ-01878,SYN-PROJ-01878,CHHATTISGARH,Bilaspur,Beltara,Rampur,438693.0,Industrial Corridor,RFCTLARR Act 2013,0.4,12,121,54,25,44,43,1,49841300,49841300,0,38391100,33168700,0.873,Award,534,0.1807,0,SYNTHETIC_DEMO,Prototype-only synthetic acquisition record linked to a real Survey of India village boundary; not a government acquisition record.
SYN-ACQ-01879,SYN-PROJ-01879,CHHATTISGARH,Balrampur-Ramanujganj,Samri,Nawadih Khurd,432325.0,Industrial Corridor,RFCTLARR Act 2013,36.81,37,26,6,6,9,8,0,207677000,145579200,62097800,3650900,2494700,0.6163,GIS Verification,470,0.1591,0,SYNTHETIC_DEMO,Prototype-only synthetic acquisition record linked to a real Survey of India village boundary; not a government acquisition record.
SYN-ACQ-01880,SYN-PROJ-01880,CHHATTISGARH,Khairagarh-Chhuikhadan-Gandai,Khairagarh,Khongha,440477.0,Irrigation,Railways Act 1989,32.23,90,45,11,11,2,1,2,118880500,99039000,19841600,2103500,1537300,0.7056,Compensation,707,0.3735,0,SYNTHETIC_DEMO,Prototype-only synthetic acquisition record linked to a real Survey of India village boundary; not a government acquisition record.
SYN-ACQ-01881,SYN-PROJ-01881,CHHATTISGARH,Bemetara,Berla,Rewe,442284.0,Urban Infrastructure,Railways Act 1989,5.8,129,156,4,4,39,18,0,83414200,67469100,15945100,1425000,508800,0.6281,Compensation,154,0.0,0,SYNTHETIC_DEMO,Prototype-only synthetic acquisition record linked to a real Survey of India village boundary; not a government acquisition record.
SYN-ACQ-01882,SYN-PROJ-01882,CHHATTISGARH,Balodabazar-Bhatapara,Sonakhan,FOREST,51.0,Industrial Corridor,Railways Act 1989,33.66,87,118,25,20,21,12,2,227999200,165977400,62021800,14806900,12818700,0.8703,Completed,418,0.1094,0,SYNTHETIC_DEMO,Prototype-only synthetic acquisition record linked to a real Survey of India village boundary; not a government acquisition record.
SYN-ACQ-01883,SYN-PROJ-01883,CHHATTISGARH,Jashpur,Farsabahar,Takmunda,434179.0,Urban Infrastructure,Other applicable statute,40.87,26,171,37,8,34,25,0,343319700,189250900,154068800,10263000,6577400,0.6914,Possession,733,0.4182,0,SYNTHETIC_DEMO,Prototype-only synthetic acquisition record linked to a real Survey of India village boundary; not a government acquisition record.
SYN-ACQ-01884,SYN-PROJ-01884,CHHATTISGARH,Rajnandgaon,Dongargaon,Badgaon  Charbhatha,441164.0,Power Transmission,Railways Act 1989,73.46,129,21,6,6,3,2,0,278911900,167588100,111323800,4327500,1724900,0.6559,GIS Verification,527,0.1311,0,SYNTHETIC_DEMO,Prototype-only synthetic acquisition record linked to a real Survey of India village boundary; not a government acquisition record.
SYN-ACQ-01885,SYN-PROJ-01885,CHHATTISGARH,Sukma,Jagargunda,Durandarbha,450320.0,Industrial Corridor,Railways Act 1989,8.75,214,60,17,17,17,13,0,70616300,70616300,0,9117700,6833000,0.8554,Award,290,0.0427,0,SYNTHETIC_DEMO,Prototype-only synthetic acquisition record linked to a real Survey of India village boundary; not a government acquisition record.
SYN-ACQ-01886,SYN-PROJ-01886,CHHATTISGARH,Raigarh,Gharghoda,Raikera,434733.0,National Highway,Railways Act 1989,44.31,73,164,68,0,12,10,1,156183400,156183400,0,41724000,20689100,0.5589,Compensation,476,0.1306,0,SYNTHETIC_DEMO,Prototype-only synthetic acquisition record linked to a real Survey of India village boundary; not a government acquisition record.
SYN-ACQ-01887,SYN-PROJ-01887,CHHATTISGARH,Jashpur,Bagbahar,Kokiyakhar,434326.0,Industrial Corridor,Other applicable statute,38.63,80,60,22,16,25,19,2,186059900,139901900,46157900,12976400,7292500,0.6209,Proposal,569,0.2452,0,SYNTHETIC_DEMO,Prototype-only synthetic acquisition record linked to a real Survey of India village boundary; not a government acquisition record.
SYN-ACQ-01888,SYN-PROJ-01888,CHHATTISGARH,Balrampur-Ramanujganj,Ramchandrapur,Semerawa,431850.0,National Highway,Railways Act 1989,42.4,118,129,20,20,11,9,2,182166300,63695900,118470500,12571000,7550000,0.8594,Compensation,602,0.4154,0,SYNTHETIC_DEMO,Prototype-only synthetic acquisition record linked to a real Survey of India village boundary; not a government acquisition record.
SYN-ACQ-01889,SYN-PROJ-01889,CHHATTISGARH,Korea,Patna,Kasara,431453.0,Irrigation,Railways Act 1989,23.02,177,157,57,22,46,22,0,219080100,161984700,57095300,45843300,45843300,0.7095,R&R,417,0.1844,0,SYNTHETIC_DEMO,Prototype-only synthetic acquisition record linked to a real Survey of India village boundary; not a government acquisition record.
SYN-ACQ-01890,SYN-PROJ-01890,CHHATTISGARH,Kabeerdham,Kawardha,Sukhatal,439038.0,Industrial Corridor,Railways Act 1989,28.17,14,46,2,2,10,5,0,168261800,115899000,52362800,1546400,1330800,0.9282,Notification,610,0.265,0,SYNTHETIC_DEMO,Prototype-only synthetic acquisition record linked to a real Survey of India village boundary; not a government acquisition record.
SYN-ACQ-01891,SYN-PROJ-01891,CHHATTISGARH,Dhamtari,Magarlod,Mohadi,446914.0,Industrial Corridor,Other applicable statute,51.02,115,52,3,3,5,2,0,287752500,165277500,122475000,2464100,123200,0.707,Award,570,0.2085,0,SYNTHETIC_DEMO,Prototype-only synthetic acquisition record linked to a real Survey of India village boundary; not a government acquisition record.
SYN-ACQ-01892,SYN-PROJ-01892,CHHATTISGARH,Uttar Bastar Kanker,Bhanupratappur,Hawarkondal,447593.0,Industrial Corridor,Other applicable statute,22.45,160,44,2,2,11,9,0,138085400,97530900,40554400,762800,587200,0.8124,Award,309,0.2146,0,SYNTHETIC_DEMO,Prototype-only synthetic acquisition record linked to a real Survey of India village boundary; not a government acquisition record.
SYN-ACQ-01893,SYN-PROJ-01893,CHHATTISGARH,Bilaspur,Seepat,Lutara,438814.0,Irrigation,RFCTLARR Act 2013,32.09,154,114,57,8,29,18,8,309717500,224315600,85401800,25680900,12863100,0.8791,R&R,205,0.0138,0,SYNTHETIC_DEMO,Prototype-only synthetic acquisition record linked to a real Survey of India village boundary; not a government acquisition record.
SYN-ACQ-01894,SYN-PROJ-01894,CHHATTISGARH,Kondagaon,Kondagaon,Kondagaon (M),802062.0,Industrial Corridor,RFCTLARR Act 2013,34.24,67,49,14,14,13,9,1,125433700,111343200,14090400,12418900,10028400,0.5726,Compensation,332,0.2854,0,SYNTHETIC_DEMO,Prototype-only synthetic acquisition record linked to a real Survey of India village boundary; not a government acquisition record.
SYN-ACQ-01895,SYN-PROJ-01895,CHHATTISGARH,Sarangarh-Bilaigarh,Sarsiwa,Piparbhawna,444397.0,Irrigation,RFCTLARR Act 2013,70.62,128,168,63,13,17,11,3,567655300,265327300,302328000,56047800,36889000,0.9985,Completed,269,0.2481,0,SYNTHETIC_DEMO,Prototype-only synthetic acquisition record linked to a real Survey of India village boundary; not a government acquisition record.
SYN-ACQ-01896,SYN-PROJ-01896,CHHATTISGARH,Mahasamund,Komakhan,Kuspali,446551.0,Urban Infrastructure,RFCTLARR Act 2013,65.66,89,137,8,8,21,14,0,554741900,263588100,291153800,5319000,3188100,0.9881,GIS Verification,630,0.3048,0,SYNTHETIC_DEMO,Prototype-only synthetic acquisition record linked to a real Survey of India village boundary; not a government acquisition record.
SYN-ACQ-01897,SYN-PROJ-01897,CHHATTISGARH,Sarangarh-Bilaigarh,Baramkela,Amarkot (Bore),435664.0,Railway,Railways Act 1989,70.15,136,27,3,3,6,2,0,296861500,211045200,85816300,1110200,801000,0.6933,Possession,603,0.1499,0,SYNTHETIC_DEMO,Prototype-only synthetic acquisition record linked to a real Survey of India village boundary; not a government acquisition record.
SYN-ACQ-01898,SYN-PROJ-01898,CHHATTISGARH,Surguja,Sitapur,Sontarai,433453.0,Industrial Corridor,National Highways Act 1956,44.13,150,19,6,3,7,4,1,168053000,168053000,0,3940100,2323100,0.7875,Compensation,503,0.1841,0,SYNTHETIC_DEMO,Prototype-only synthetic acquisition record linked to a real Survey of India village boundary; not a government acquisition record.
SYN-ACQ-01899,SYN-PROJ-01899,CHHATTISGARH,Khairagarh-Chhuikhadan-Gandai,Khairagarh,Ragra,440485.0,National Highway,National Highways Act 1956,8.54,119,116,9,2,34,17,2,68081000,46099100,21981900,5817600,5020900,0.7389,GIS Verification,468,0.4012,0,SYNTHETIC_DEMO,Prototype-only synthetic acquisition record linked to a real Survey of India village boundary; not a government acquisition record.
SYN-ACQ-01900,SYN-PROJ-01900,CHHATTISGARH,Surguja,Udaypur,FOREST,51.0,Power Transmission,Railways Act 1989,55.36,86,91,10,10,15,12,1,204766300,195589600,9176700,2039300,826700,0.9774,R&R,187,0.0288,0,SYNTHETIC_DEMO,Prototype-only synthetic acquisition record linked to a real Survey of India village boundary; not a government acquisition record.
SYN-ACQ-01901,SYN-PROJ-01901,CHHATTISGARH,Mohla-Manpur-Ambagarh Chouki,Mohla,Parasghat,441274.0,Urban Infrastructure,Other applicable statute,14.08,33,151,66,4,22,18,0,46685500,30188100,16497500,46123100,34399700,0.7583,Completed,650,0.3395,0,SYNTHETIC_DEMO,Prototype-only synthetic acquisition record linked to a real Survey of India village boundary; not a government acquisition record.
SYN-ACQ-01902,SYN-PROJ-01902,CHHATTISGARH,Bemetara,Berla,Singdehi,442331.0,Power Transmission,National Highways Act 1956,63.77,53,85,10,10,21,17,1,440061000,162871000,277190000,4375900,2766000,0.7894,Possession,544,0.4061,0,SYNTHETIC_DEMO,Prototype-only synthetic acquisition record linked to a real Survey of India village boundary; not a government acquisition record.
SYN-ACQ-01903,SYN-PROJ-01903,CHHATTISGARH,Gariyaband,Chhura,Gahanabahara,445349.0,Urban Infrastructure,National Highways Act 1956,17.06,194,104,45,12,17,9,3,196255200,149444800,46810400,22478800,11325500,0.8038,GIS Verification,393,0.1166,0,SYNTHETIC_DEMO,Prototype-only synthetic acquisition record linked to a real Survey of India village boundary; not a government acquisition record.
SYN-ACQ-01904,SYN-PROJ-01904,CHHATTISGARH,Sukma,Konta,Gattapad,450500.0,Railway,National Highways Act 1956,35.42,34,50,18,1,8,3,0,103630800,95497800,8133100,11128200,9514000,0.5851,Proposal,533,0.2354,0,SYNTHETIC_DEMO,Prototype-only synthetic acquisition record linked to a real Survey of India village boundary; not a government acquisition record.
SYN-ACQ-01905,SYN-PROJ-01905,CHHATTISGARH,Mohla-Manpur-Ambagarh Chouki,Ambagarh Chouki,Bandhabazar,650850.0,Railway,Railways Act 1989,68.37,78,171,74,33,35,14,1,604221000,575946700,28274300,31902300,25439100,0.6182,GIS Verification,343,0.2831,0,SYNTHETIC_DEMO,Prototype-only synthetic acquisition record linked to a real Survey of India village boundary; not a government acquisition record.
SYN-ACQ-01906,SYN-PROJ-01906,CHHATTISGARH,Kabeerdham,Kukdur,Basulalot,439769.0,Power Transmission,RFCTLARR Act 2013,38.32,169,44,23,10,6,3,1,171114800,103685300,67429500,18497900,12103500,0.6645,Scrutiny,145,0.2183,0,SYNTHETIC_DEMO,Prototype-only synthetic acquisition record linked to a real Survey of India village boundary; not a government acquisition record.
SYN-ACQ-01907,SYN-PROJ-01907,CHHATTISGARH,Durg,Patan,Barbaspur,442708.0,Irrigation,Railways Act 1989,36.62,170,136,2,2,14,6,2,345011000,311090800,33920200,832900,502300,0.7766,Notification,513,0.1702,0,SYNTHETIC_DEMO,Prototype-only synthetic acquisition record linked to a real Survey of India village boundary; not a government acquisition record.
SYN-ACQ-01908,SYN-PROJ-01908,CHHATTISGARH,Jashpur,Jashpur,FOREST,51.0,Irrigation,RFCTLARR Act 2013,50.27,162,106,49,7,33,27,0,310062400,208757200,101305200,23044200,19335900,0.7859,Notification,387,0.2576,0,SYNTHETIC_DEMO,Prototype-only synthetic acquisition record linked to a real Survey of India village boundary; not a government acquisition record.
SYN-ACQ-01909,SYN-PROJ-01909,CHHATTISGARH,Sukma,Konta,Murliguda,450415.0,Railway,Other applicable statute,55.01,41,144,63,10,37,20,2,417681300,335000500,82680800,50612700,34097300,0.6828,Notification,345,0.1076,0,SYNTHETIC_DEMO,Prototype-only synthetic acquisition record linked to a real Survey of India village boundary; not a government acquisition record.
SYN-ACQ-01910,SYN-PROJ-01910,CHHATTISGARH,Uttar Bastar Kanker,Charama,Halba,447501.0,Industrial Corridor,Railways Act 1989,47.51,16,146,12,3,32,31,2,350715900,350715900,0,9406300,8750500,0.9243,GIS Verification,501,0.2035,0,SYNTHETIC_DEMO,Prototype-only synthetic acquisition record linked to a real Survey of India village boundary; not a government acquisition record.
SYN-ACQ-01911,SYN-PROJ-01911,CHHATTISGARH,Raigarh,Pusour,Darramuda,435011.0,Power Transmission,Railways Act 1989,33.73,144,11,6,6,3,2,0,91977000,56843600,35133500,5388600,4288800,0.9017,Compensation,402,0.2132,0,SYNTHETIC_DEMO,Prototype-only synthetic acquisition record linked to a real Survey of India village boundary; not a government acquisition record.
SYN-ACQ-01912,SYN-PROJ-01912,CHHATTISGARH,Raigarh,Pusour,Kalmi,435132.0,Railway,RFCTLARR Act 2013,53.17,141,98,33,26,19,10,5,462903800,175146800,287757000,25879300,18910300,0.5677,Notification,413,0.2604,0,SYNTHETIC_DEMO,Prototype-only synthetic acquisition record linked to a real Survey of India village boundary; not a government acquisition record.
SYN-ACQ-01913,SYN-PROJ-01913,CHHATTISGARH,Khairagarh-Chhuikhadan-Gandai,Gandai,Khurkhuriyadih,440148.0,Urban Infrastructure,RFCTLARR Act 2013,11.53,19,67,33,0,14,9,3,117162100,116995500,166600,29657000,17041300,0.8958,Possession,514,0.2087,0,SYNTHETIC_DEMO,Prototype-only synthetic acquisition record linked to a real Survey of India village boundary; not a government acquisition record.
SYN-ACQ-01914,SYN-PROJ-01914,CHHATTISGARH,Bemetara,Saja,Bharada,442106.0,Irrigation,National Highways Act 1956,72.43,210,85,16,1,15,11,1,460051800,339671900,120379800,3378400,2172000,0.5845,Scrutiny,400,0.2267,0,SYNTHETIC_DEMO,Prototype-only synthetic acquisition record linked to a real Survey of India village boundary; not a government acquisition record.
SYN-ACQ-01915,SYN-PROJ-01915,CHHATTISGARH,Uttar Bastar Kanker,Pakhanjur,Govindpur,448285.0,Irrigation,National Highways Act 1956,39.96,128,113,48,19,7,4,0,351438300,203516300,147922000,19054400,9127000,0.8085,Award,327,0.0,0,SYNTHETIC_DEMO,Prototype-only synthetic acquisition record linked to a real Survey of India village boundary; not a government acquisition record.
SYN-ACQ-01916,SYN-PROJ-01916,CHHATTISGARH,Jashpur,Farsabahar,Baluwahar,434215.0,Urban Infrastructure,Railways Act 1989,1.26,22,109,49,38,26,14,0,43074600,28377100,14697500,42677100,27777600,0.5685,Compensation,761,0.5075,0,SYNTHETIC_DEMO,Prototype-only synthetic acquisition record linked to a real Survey of India village boundary; not a government acquisition record.
SYN-ACQ-01917,SYN-PROJ-01917,CHHATTISGARH,Rajnandgaon,Chhuriya,Amgaon,440945.0,Industrial Corridor,National Highways Act 1956,58.91,76,145,12,12,36,25,4,456980400,351068200,105912200,2087900,558300,0.6205,GIS Verification,132,0.0041,0,SYNTHETIC_DEMO,Prototype-only synthetic acquisition record linked to a real Survey of India village boundary; not a government acquisition record.
SYN-ACQ-01918,SYN-PROJ-01918,CHHATTISGARH,Bastar,Lohandiguda,Chhoteparroda,449224.0,Urban Infrastructure,Other applicable statute,64.53,209,65,31,21,23,10,3,596949600,222264800,374684800,8820600,6777300,0.9035,Notification,583,0.3007,0,SYNTHETIC_DEMO,Prototype-only synthetic acquisition record linked to a real Survey of India village boundary; not a government acquisition record.
SYN-ACQ-01919,SYN-PROJ-01919,CHHATTISGARH,Dakshin Bastar Dantewada,Barsur,Upet,450133.0,Irrigation,National Highways Act 1956,8.53,43,113,29,28,21,10,0,70504100,35020900,35483200,11060000,11060000,0.7575,Possession,473,0.2742,0,SYNTHETIC_DEMO,Prototype-only synthetic acquisition record linked to a real Survey of India village boundary; not a government acquisition record.
SYN-ACQ-01920,SYN-PROJ-01920,CHHATTISGARH,Uttar Bastar Kanker,Pakhanjur,Chhindpal,448244.0,Urban Infrastructure,Other applicable statute,66.86,21,147,59,11,37,36,4,517510900,389216900,128294000,24933700,13814200,0.9823,GIS Verification,569,0.3319,0,SYNTHETIC_DEMO,Prototype-only synthetic acquisition record linked to a real Survey of India village boundary; not a government acquisition record.
SYN-ACQ-01921,SYN-PROJ-01921,CHHATTISGARH,Sukma,Konta,Elkan Guda,450438.0,Industrial Corridor,RFCTLARR Act 2013,71.25,52,175,7,7,70,63,1,572729700,345993300,226736300,4196300,2649900,0.9114,Notification,433,0.3243,0,SYNTHETIC_DEMO,Prototype-only synthetic acquisition record linked to a real Survey of India village boundary; not a government acquisition record.
SYN-ACQ-01922,SYN-PROJ-01922,CHHATTISGARH,Balrampur-Ramanujganj,Shankargarh,Pataratoli,432431.0,Power Transmission,Other applicable statute,30.41,37,100,16,9,8,4,1,191286200,72389000,118897200,2682700,2519100,0.9976,Objection/Hearing,477,0.4144,0,SYNTHETIC_DEMO,Prototype-only synthetic acquisition record linked to a real Survey of India village boundary; not a government acquisition record.
SYN-ACQ-01923,SYN-PROJ-01923,CHHATTISGARH,Bijapur,Bhairamgarh,Satwa,451310.0,Power Transmission,Railways Act 1989,32.25,146,170,36,27,36,15,2,157898600,108060000,49838700,9999500,5797900,0.9874,GIS Verification,393,0.1856,0,SYNTHETIC_DEMO,Prototype-only synthetic acquisition record linked to a real Survey of India village boundary; not a government acquisition record.
SYN-ACQ-01924,SYN-PROJ-01924,CHHATTISGARH,Surajpur,Pratappur,Matigarha,432220.0,National Highway,National Highways Act 1956,56.73,73,110,15,15,26,20,3,515947500,344640900,171306600,7892500,474100,0.771,Notification,440,0.3396,0,SYNTHETIC_DEMO,Prototype-only synthetic acquisition record linked to a real Survey of India village boundary; not a government acquisition record.
SYN-ACQ-01925,SYN-PROJ-01925,CHHATTISGARH,Mahasamund,Basna,Kudaribahratukda Naya,445821.0,Power Transmission,Other applicable statute,62.26,195,109,41,7,30,26,1,317645600,258095400,59550200,24393300,10486100,0.8707,Scrutiny,503,0.2055,0,SYNTHETIC_DEMO,Prototype-only synthetic acquisition record linked to a real Survey of India village boundary; not a government acquisition record.
SYN-ACQ-01926,SYN-PROJ-01926,CHHATTISGARH,Bijapur,Bijapur,Matala,451043.0,Industrial Corridor,Other applicable statute,19.37,146,23,3,3,9,3,1,74539600,71392900,3146800,1429100,1140600,0.7515,Compensation,426,0.2055,0,SYNTHETIC_DEMO,Prototype-only synthetic acquisition record linked to a real Survey of India village boundary; not a government acquisition record.
SYN-ACQ-01927,SYN-PROJ-01927,CHHATTISGARH,Raigarh,Lailunga,Ishwarpur,434539.0,National Highway,Railways Act 1989,15.66,139,47,7,7,11,7,0,83047700,21793600,61254100,3239000,832000,0.8265,GIS Verification,542,0.4342,0,SYNTHETIC_DEMO,Prototype-only synthetic acquisition record linked to a real Survey of India village boundary; not a government acquisition record.
SYN-ACQ-01928,SYN-PROJ-01928,CHHATTISGARH,Uttar Bastar Kanker,Kanker,Pidhapal,447820.0,Power Transmission,National Highways Act 1956,56.76,10,8,5,5,1,0,0,155441200,83291000,72150200,1714700,1384500,0.9808,GIS Verification,406,0.2011,0,SYNTHETIC_DEMO,Prototype-only synthetic acquisition record linked to a real Survey of India village boundary; not a government acquisition record.
SYN-ACQ-01929,SYN-PROJ-01929,CHHATTISGARH,Manendragarh-Chirmiri-Bharatpur (MCB),Khadganva,Koda,431737.0,Industrial Corridor,RFCTLARR Act 2013,47.38,15,47,16,16,0,0,0,205099600,122021400,83078200,12984300,10900500,0.8835,Notification,459,0.208,0,SYNTHETIC_DEMO,Prototype-only synthetic acquisition record linked to a real Survey of India village boundary; not a government acquisition record.
SYN-ACQ-01930,SYN-PROJ-01930,CHHATTISGARH,Raigarh,Pusour,Baghadula,435084.0,Industrial Corridor,RFCTLARR Act 2013,18.12,107,34,1,1,17,14,1,116900100,44789400,72110600,704500,594300,0.5746,Award,638,0.3633,0,SYNTHETIC_DEMO,Prototype-only synthetic acquisition record linked to a real Survey of India village boundary; not a government acquisition record.
SYN-ACQ-01931,SYN-PROJ-01931,CHHATTISGARH,Raipur,Arang,Lanja,444423.0,Power Transmission,National Highways Act 1956,41.37,158,14,4,4,0,0,0,138085300,90463200,47622200,1715600,774800,0.6529,Possession,365,0.1512,0,SYNTHETIC_DEMO,Prototype-only synthetic acquisition record linked to a real Survey of India village boundary; not a government acquisition record.
SYN-ACQ-01932,SYN-PROJ-01932,CHHATTISGARH,Bijapur,Kutru,Ketanpal,451204.0,Industrial Corridor,RFCTLARR Act 2013,53.13,147,170,56,34,24,22,1,435830800,288475600,147355200,37163700,37163700,0.5939,Proposal,471,0.2301,0,SYNTHETIC_DEMO,Prototype-only synthetic acquisition record linked to a real Survey of India village boundary; not a government acquisition record.
SYN-ACQ-01933,SYN-PROJ-01933,CHHATTISGARH,Mohla-Manpur-Ambagarh Chouki,Mohla,Palandur,441333.0,Power Transmission,Railways Act 1989,12.8,206,60,20,11,8,7,1,94855800,84308600,10547100,16238600,10001900,0.9606,Possession,355,0.0,0,SYNTHETIC_DEMO,Prototype-only synthetic acquisition record linked to a real Survey of India village boundary; not a government acquisition record.
SYN-ACQ-01934,SYN-PROJ-01934,CHHATTISGARH,Dhamtari,Dhamtari,Telnisatti (Telinsatti),447069.0,Power Transmission,Other applicable statute,56.81,156,62,12,12,6,5,0,200773900,148415800,52358000,10699200,6589100,0.8764,Compensation,300,0.1668,0,SYNTHETIC_DEMO,Prototype-only synthetic acquisition record linked to a real Survey of India village boundary; not a government acquisition record.
SYN-ACQ-01935,SYN-PROJ-01935,CHHATTISGARH,Bilaspur,Pachpedi,Bhadha,438904.0,Irrigation,Railways Act 1989,42.73,7,17,1,1,7,5,0,346966400,240609900,106356500,454300,315600,0.8304,Compensation,436,0.1934,0,SYNTHETIC_DEMO,Prototype-only synthetic acquisition record linked to a real Survey of India village boundary; not a government acquisition record.
SYN-ACQ-01936,SYN-PROJ-01936,CHHATTISGARH,Bijapur,Bhairamgarh,Tadopat,51.0,Railway,Other applicable statute,8.76,199,60,23,21,17,10,1,89597000,70882900,18714200,5167100,4156000,0.8633,Notification,417,0.2161,0,SYNTHETIC_DEMO,Prototype-only synthetic acquisition record linked to a real Survey of India village boundary; not a government acquisition record.
SYN-ACQ-01937,SYN-PROJ-01937,CHHATTISGARH,Kabeerdham,Bodla,Mudghusri,439264.0,Irrigation,National Highways Act 1956,13.92,217,158,4,4,28,13,2,87142500,32397500,54745000,3302400,3116500,0.6583,R&R,418,0.2229,0,SYNTHETIC_DEMO,Prototype-only synthetic acquisition record linked to a real Survey of India village boundary; not a government acquisition record.
SYN-ACQ-01938,SYN-PROJ-01938,CHHATTISGARH,Bilaspur,Pachpedi,Pataidih,438914.0,Urban Infrastructure,Railways Act 1989,30.97,140,179,44,7,39,19,2,177625900,43219500,134406400,32299300,20262300,0.702,Possession,634,0.403,0,SYNTHETIC_DEMO,Prototype-only synthetic acquisition record linked to a real Survey of India village boundary; not a government acquisition record.
SYN-ACQ-01939,SYN-PROJ-01939,CHHATTISGARH,Janjgir-Champa,Saragaon,Kumharikalan,436836.0,National Highway,RFCTLARR Act 2013,23.3,140,107,12,0,28,23,1,117275000,72121400,45153600,4125000,2583700,0.844,GIS Verification,396,0.146,0,SYNTHETIC_DEMO,Prototype-only synthetic acquisition record linked to a real Survey of India village boundary; not a government acquisition record.
SYN-ACQ-01940,SYN-PROJ-01940,CHHATTISGARH,Kondagaon,Makdi,Tarai Beda,448927.0,National Highway,Railways Act 1989,58.29,219,58,16,16,4,2,1,329773700,250294800,79478900,11897300,9614300,0.7522,Compensation,324,0.0568,0,SYNTHETIC_DEMO,Prototype-only synthetic acquisition record linked to a real Survey of India village boundary; not a government acquisition record.
SYN-ACQ-01941,SYN-PROJ-01941,CHHATTISGARH,Balod,Gurur,Dotopar,443354.0,Industrial Corridor,Other applicable statute,26.17,46,96,5,5,17,15,1,168393000,128405900,39987200,3520300,2440100,0.8205,R&R,315,0.056,0,SYNTHETIC_DEMO,Prototype-only synthetic acquisition record linked to a real Survey of India village boundary; not a government acquisition record.
SYN-ACQ-01942,SYN-PROJ-01942,CHHATTISGARH,Mahasamund,Saraipali,Chhindpali,446003.0,Power Transmission,Other applicable statute,31.84,26,176,70,16,64,48,1,273891100,185210600,88680400,35088600,22013600,0.8887,Notification,493,0.2545,0,SYNTHETIC_DEMO,Prototype-only synthetic acquisition record linked to a real Survey of India village boundary; not a government acquisition record.
SYN-ACQ-01943,SYN-PROJ-01943,CHHATTISGARH,Surajpur,Pratappur,Chandora,432232.0,Railway,National Highways Act 1956,8.51,133,9,1,1,5,4,0,40076300,21947700,18128600,777300,664000,0.6719,Scrutiny,494,0.2728,0,SYNTHETIC_DEMO,Prototype-only synthetic acquisition record linked to a real Survey of India village boundary; not a government acquisition record.
SYN-ACQ-01944,SYN-PROJ-01944,CHHATTISGARH,Balod,Daundilohara,Kholajhar,443113.0,Power Transmission,Railways Act 1989,42.57,147,100,32,0,8,7,0,301489800,210102300,91387500,14989200,14989200,0.6222,Compensation,419,0.1259,0,SYNTHETIC_DEMO,Prototype-only synthetic acquisition record linked to a real Survey of India village boundary; not a government acquisition record.
SYN-ACQ-01945,SYN-PROJ-01945,CHHATTISGARH,Balrampur-Ramanujganj,Chalgali,Fulwar,432184.0,Irrigation,RFCTLARR Act 2013,18.04,9,29,6,6,12,7,1,86210900,49721200,36489700,3501200,2820100,0.7168,Compensation,503,0.5424,0,SYNTHETIC_DEMO,Prototype-only synthetic acquisition record linked to a real Survey of India village boundary; not a government acquisition record.
SYN-ACQ-01946,SYN-PROJ-01946,CHHATTISGARH,Balod,Balod,Chichbod,443202.0,Industrial Corridor,Railways Act 1989,40.14,82,105,13,13,19,16,0,227373900,49115300,178258700,7930500,4324800,0.719,Notification,427,0.2519,0,SYNTHETIC_DEMO,Prototype-only synthetic acquisition record linked to a real Survey of India village boundary; not a government acquisition record.
SYN-ACQ-01947,SYN-PROJ-01947,CHHATTISGARH,Mungeli,Lormi,Aurapani,437880.0,Railway,RFCTLARR Act 2013,42.99,96,168,57,6,38,24,1,129842300,129842300,0,21727000,14376600,0.9593,Possession,245,0.0464,0,SYNTHETIC_DEMO,Prototype-only synthetic acquisition record linked to a real Survey of India village boundary; not a government acquisition record.
SYN-ACQ-01948,SYN-PROJ-01948,CHHATTISGARH,Raigarh,Kharsia,Jabalpur,435248.0,Industrial Corridor,Other applicable statute,47.07,160,104,31,13,15,13,1,238699700,207968600,30731100,19416500,8963900,0.7586,Objection/Hearing,124,0.0521,0,SYNTHETIC_DEMO,Prototype-only synthetic acquisition record linked to a real Survey of India village boundary; not a government acquisition record.
SYN-ACQ-01949,SYN-PROJ-01949,CHHATTISGARH,Raigarh,Kharsia,Adpathra,435180.0,Railway,RFCTLARR Act 2013,69.63,106,179,10,3,26,18,0,697473400,638971600,58501800,7285200,3343500,0.9551,GIS Verification,414,0.0,0,SYNTHETIC_DEMO,Prototype-only synthetic acquisition record linked to a real Survey of India village boundary; not a government acquisition record.
SYN-ACQ-01950,SYN-PROJ-01950,CHHATTISGARH,Kondagaon,Makdi,Jarandi,448840.0,Urban Infrastructure,Other applicable statute,31.65,189,167,8,8,34,26,6,263661100,256167800,7493300,5365100,5365100,0.5739,R&R,589,0.2009,0,SYNTHETIC_DEMO,Prototype-only synthetic acquisition record linked to a real Survey of India village boundary; not a government acquisition record.
SYN-ACQ-01951,SYN-PROJ-01951,CHHATTISGARH,Balod,Gunderdehi,Iraguda,442862.0,Industrial Corridor,Railways Act 1989,48.27,204,34,14,14,12,6,1,338367900,119745300,218622600,2197100,1070600,0.7042,Notification,492,0.1431,0,SYNTHETIC_DEMO,Prototype-only synthetic acquisition record linked to a real Survey of India village boundary; not a government acquisition record.
SYN-ACQ-01952,SYN-PROJ-01952,CHHATTISGARH,Balod,Gunderdehi,Satmara,442931.0,Power Transmission,RFCTLARR Act 2013,50.63,102,75,18,18,12,11,1,141722500,72657900,69064500,13310900,11746900,0.7737,Scrutiny,519,0.219,0,SYNTHETIC_DEMO,Prototype-only synthetic acquisition record linked to a real Survey of India village boundary; not a government acquisition record.
SYN-ACQ-01953,SYN-PROJ-01953,CHHATTISGARH,Balod,Daundi,Singanwahi,443238.0,Power Transmission,Railways Act 1989,13.92,23,27,6,1,8,5,0,28801000,17614100,11186900,4425900,2905300,0.9485,Scrutiny,638,0.3371,0,SYNTHETIC_DEMO,Prototype-only synthetic acquisition record linked to a real Survey of India village boundary; not a government acquisition record.
SYN-ACQ-01954,SYN-PROJ-01954,CHHATTISGARH,Balodabazar-Bhatapara,Sonakhan,Chechrapali,444121.0,Urban Infrastructure,Other applicable statute,29.78,31,81,41,30,23,15,4,260528000,180567000,79961000,29088200,17367700,0.7672,Notification,428,0.2369,0,SYNTHETIC_DEMO,Prototype-only synthetic acquisition record linked to a real Survey of India village boundary; not a government acquisition record.
SYN-ACQ-01955,SYN-PROJ-01955,CHHATTISGARH,Raigarh,Chhal,FOREST,51.0,Irrigation,Railways Act 1989,38.15,116,165,9,4,39,17,2,146715200,85971500,60743700,4150900,2604200,0.6095,Compensation,559,0.4113,0,SYNTHETIC_DEMO,Prototype-only synthetic acquisition record linked to a real Survey of India village boundary; not a government acquisition record.
SYN-ACQ-01956,SYN-PROJ-01956,CHHATTISGARH,Balod,Balod,Talgaon,443234.0,Irrigation,Railways Act 1989,10.24,47,16,9,9,7,4,0,91235800,48423900,42811900,3062100,2288500,0.6819,Completed,445,0.3228,0,SYNTHETIC_DEMO,Prototype-only synthetic acquisition record linked to a real Survey of India village boundary; not a government acquisition record.
SYN-ACQ-01957,SYN-PROJ-01957,CHHATTISGARH,Jashpur,Bagbahar,Lakhjhar,434337.0,Irrigation,RFCTLARR Act 2013,29.66,22,118,51,15,36,21,5,101857400,62319200,39538200,34339400,23373700,0.9548,Compensation,359,0.2488,0,SYNTHETIC_DEMO,Prototype-only synthetic acquisition record linked to a real Survey of India village boundary; not a government acquisition record.
SYN-ACQ-01958,SYN-PROJ-01958,CHHATTISGARH,Bastar,Darbha,Lendra,449607.0,Urban Infrastructure,Railways Act 1989,19.87,171,153,68,9,58,37,5,95762000,41574900,54187100,30734600,28313900,0.6946,Award,518,0.3085,0,SYNTHETIC_DEMO,Prototype-only synthetic acquisition record linked to a real Survey of India village boundary; not a government acquisition record.
SYN-ACQ-01959,SYN-PROJ-01959,CHHATTISGARH,Kabeerdham,Sahaspur Lohara,Khairbana,439689.0,Industrial Corridor,Railways Act 1989,33.5,145,128,16,16,23,19,2,153690400,98356300,55334100,9257500,8353500,0.5928,Objection/Hearing,616,0.295,0,SYNTHETIC_DEMO,Prototype-only synthetic acquisition record linked to a real Survey of India village boundary; not a government acquisition record.
SYN-ACQ-01960,SYN-PROJ-01960,CHHATTISGARH,Balod,Gurur,Balodgahan,443426.0,Industrial Corridor,National Highways Act 1956,55.13,142,10,1,1,4,2,0,500933100,270963500,229969500,175400,117800,0.9278,R&R,647,0.2722,0,SYNTHETIC_DEMO,Prototype-only synthetic acquisition record linked to a real Survey of India village boundary; not a government acquisition record.
SYN-ACQ-01961,SYN-PROJ-01961,CHHATTISGARH,Jashpur,Jashpur,FOREST,51.0,Urban Infrastructure,RFCTLARR Act 2013,65.78,205,26,5,5,6,3,0,602135000,404707600,197427400,3893500,3204100,0.9653,Award,153,0.0,0,SYNTHETIC_DEMO,Prototype-only synthetic acquisition record linked to a real Survey of India village boundary; not a government acquisition record.
SYN-ACQ-01962,SYN-PROJ-01962,CHHATTISGARH,Rajnandgaon,Chhuriya,FOREST,51.0,National Highway,Other applicable statute,33.64,59,159,48,0,22,20,1,269842700,141046300,128796400,38637600,27234800,0.8138,Possession,332,0.1982,0,SYNTHETIC_DEMO,Prototype-only synthetic acquisition record linked to a real Survey of India village boundary; not a government acquisition record.
SYN-ACQ-01963,SYN-PROJ-01963,CHHATTISGARH,Surguja,Ambikapur,Sonpur Khurd,432982.0,National Highway,Railways Act 1989,69.22,15,124,34,34,17,14,2,383698900,359087800,24611100,14400200,13979500,0.783,Completed,394,0.1063,0,SYNTHETIC_DEMO,Prototype-only synthetic acquisition record linked to a real Survey of India village boundary; not a government acquisition record.
SYN-ACQ-01964,SYN-PROJ-01964,CHHATTISGARH,Janjgir-Champa,Janjgir,Kanai,436559.0,Railway,Other applicable statute,54.14,199,66,12,12,20,16,0,470772100,470772100,0,10588500,7763200,0.9264,Possession,188,0.0,0,SYNTHETIC_DEMO,Prototype-only synthetic acquisition record linked to a real Survey of India village boundary; not a government acquisition record.
SYN-ACQ-01965,SYN-PROJ-01965,CHHATTISGARH,Narayanpur,Kohkameta,Kurusnar Alias Belmari,449872.0,Irrigation,RFCTLARR Act 2013,13.03,88,50,17,10,15,8,1,57084900,49004500,8080500,6719500,3862100,0.5738,Award,414,0.1653,0,SYNTHETIC_DEMO,Prototype-only synthetic acquisition record linked to a real Survey of India village boundary; not a government acquisition record.
SYN-ACQ-01966,SYN-PROJ-01966,CHHATTISGARH,Mahasamund,Basna,Bhalukona (Bhalukonha),445697.0,Industrial Corridor,National Highways Act 1956,64.28,137,94,31,31,4,3,0,480361000,365009200,115351900,23847400,13754700,0.8985,Notification,421,0.1538,0,SYNTHETIC_DEMO,Prototype-only synthetic acquisition record linked to a real Survey of India village boundary; not a government acquisition record.
SYN-ACQ-01967,SYN-PROJ-01967,CHHATTISGARH,Janjgir-Champa,Akaltara,Changori,436585.0,Railway,RFCTLARR Act 2013,60.08,218,108,23,11,23,14,1,326545500,256006300,70539200,17481300,13791000,0.6293,GIS Verification,478,0.4139,0,SYNTHETIC_DEMO,Prototype-only synthetic acquisition record linked to a real Survey of India village boundary; not a government acquisition record.
SYN-ACQ-01968,SYN-PROJ-01968,CHHATTISGARH,Janjgir-Champa,Pamgarh,Bilari,437076.0,National Highway,Other applicable statute,56.24,32,164,62,4,39,21,1,266766300,159866600,106899700,27618300,20212500,0.8899,Completed,377,0.1727,0,SYNTHETIC_DEMO,Prototype-only synthetic acquisition record linked to a real Survey of India village boundary; not a government acquisition record.
SYN-ACQ-01969,SYN-PROJ-01969,CHHATTISGARH,Mahasamund,Basna,Arekel,445794.0,Railway,Other applicable statute,44.47,28,91,25,1,4,2,0,192933200,116587700,76345400,11735700,5102100,0.8092,Award,467,0.1881,0,SYNTHETIC_DEMO,Prototype-only synthetic acquisition record linked to a real Survey of India village boundary; not a government acquisition record.
SYN-ACQ-01970,SYN-PROJ-01970,CHHATTISGARH,Narayanpur,Narayanpur,Kokodi,449722.0,Urban Infrastructure,Railways Act 1989,26.98,71,57,4,4,18,15,1,95559000,53522800,42036200,1418900,788800,0.6602,Possession,364,0.2114,0,SYNTHETIC_DEMO,Prototype-only synthetic acquisition record linked to a real Survey of India village boundary; not a government acquisition record.
SYN-ACQ-01971,SYN-PROJ-01971,CHHATTISGARH,Balrampur-Ramanujganj,Balrampur,Jarhadih,432059.0,National Highway,RFCTLARR Act 2013,18.12,32,14,4,4,2,0,1,170863000,170863000,0,2720300,1397600,0.7904,Completed,366,0.2126,0,SYNTHETIC_DEMO,Prototype-only synthetic acquisition record linked to a real Survey of India village boundary; not a government acquisition record.
SYN-ACQ-01972,SYN-PROJ-01972,CHHATTISGARH,Uttar Bastar Kanker,Charama,Padampur,447469.0,Urban Infrastructure,National Highways Act 1956,8.42,166,123,48,8,35,25,2,94400500,73667900,20732600,9177700,7630300,0.7462,Notification,408,0.1526,0,SYNTHETIC_DEMO,Prototype-only synthetic acquisition record linked to a real Survey of India village boundary; not a government acquisition record.
SYN-ACQ-01973,SYN-PROJ-01973,CHHATTISGARH,Bemetara,Bhimbhauri,Khamtarai,442370.0,Railway,National Highways Act 1956,29.14,127,76,3,3,16,6,1,176166700,106716900,69449800,1564600,1564600,0.6153,Scrutiny,431,0.3806,0,SYNTHETIC_DEMO,Prototype-only synthetic acquisition record linked to a real Survey of India village boundary; not a government acquisition record.
SYN-ACQ-01974,SYN-PROJ-01974,CHHATTISGARH,Gariyaband,Gariyaband,Ghataud,445164.0,Industrial Corridor,National Highways Act 1956,33.99,218,173,8,8,8,7,1,216037500,216037500,0,2512900,1436400,0.769,Possession,155,0.0,0,SYNTHETIC_DEMO,Prototype-only synthetic acquisition record linked to a real Survey of India village boundary; not a government acquisition record.
SYN-ACQ-01975,SYN-PROJ-01975,CHHATTISGARH,Mungeli,Lalpur Thana,Phulwari Kalan,437774.0,National Highway,National Highways Act 1956,8.08,12,9,4,4,0,0,0,29220500,23866900,5353500,2122700,2122700,0.8788,GIS Verification,480,0.2983,0,SYNTHETIC_DEMO,Prototype-only synthetic acquisition record linked to a real Survey of India village boundary; not a government acquisition record.
SYN-ACQ-01976,SYN-PROJ-01976,CHHATTISGARH,Mohla-Manpur-Ambagarh Chouki,Khadgaon,Siwani,441397.0,Railway,Other applicable statute,48.49,62,53,14,14,4,2,1,376235900,280890400,95345500,3251400,3178800,0.9257,Objection/Hearing,385,0.0848,0,SYNTHETIC_DEMO,Prototype-only synthetic acquisition record linked to a real Survey of India village boundary; not a government acquisition record.
SYN-ACQ-01977,SYN-PROJ-01977,CHHATTISGARH,Korea,Sonhat,Bodar,431575.0,Industrial Corridor,RFCTLARR Act 2013,2.95,15,7,1,1,1,0,1,10390400,10390400,0,151600,80000,0.7649,GIS Verification,467,0.3788,0,SYNTHETIC_DEMO,Prototype-only synthetic acquisition record linked to a real Survey of India village boundary; not a government acquisition record.
SYN-ACQ-01978,SYN-PROJ-01978,CHHATTISGARH,Manendragarh-Chirmiri-Bharatpur (MCB),Kelhari,Garuddol,431673.0,Industrial Corridor,Other applicable statute,40.82,24,86,18,18,13,7,1,140389500,123160500,17229100,13853300,7797700,0.7507,Completed,263,0.0618,0,SYNTHETIC_DEMO,Prototype-only synthetic acquisition record linked to a real Survey of India village boundary; not a government acquisition record.
SYN-ACQ-01979,SYN-PROJ-01979,CHHATTISGARH,Mohla-Manpur-Ambagarh Chouki,Manpur,Khawas Phadki,441429.0,Irrigation,Railways Act 1989,66.56,20,41,14,2,4,2,0,407387500,232921800,174465700,8708500,8708500,0.9739,Possession,516,0.2046,0,SYNTHETIC_DEMO,Prototype-only synthetic acquisition record linked to a real Survey of India village boundary; not a government acquisition record.
SYN-ACQ-01980,SYN-PROJ-01980,CHHATTISGARH,Mohla-Manpur-Ambagarh Chouki,Mohla,Tendutola,441325.0,Irrigation,RFCTLARR Act 2013,29.58,58,6,2,2,1,0,0,222260000,178261000,43999100,624900,537500,0.8067,Scrutiny,263,0.0149,0,SYNTHETIC_DEMO,Prototype-only synthetic acquisition record linked to a real Survey of India village boundary; not a government acquisition record.
SYN-ACQ-01981,SYN-PROJ-01981,CHHATTISGARH,Gariyaband,Amlipadar,Urmal,445477.0,Industrial Corridor,Other applicable statute,59.38,145,96,33,33,23,14,1,383834400,383834400,0,29304200,20741500,0.6203,Possession,353,0.0092,0,SYNTHETIC_DEMO,Prototype-only synthetic acquisition record linked to a real Survey of India village boundary; not a government acquisition record.
SYN-ACQ-01982,SYN-PROJ-01982,CHHATTISGARH,Durg,Bori,Hasda,442459.0,Industrial Corridor,Other applicable statute,65.06,179,112,44,20,19,16,0,336343700,320893600,15450100,11335800,8259000,0.786,Award,533,0.2752,0,SYNTHETIC_DEMO,Prototype-only synthetic acquisition record linked to a real Survey of India village boundary; not a government acquisition record.
SYN-ACQ-01983,SYN-PROJ-01983,CHHATTISGARH,Mahasamund,Komakhan,Karagula,446640.0,Railway,RFCTLARR Act 2013,58.54,55,19,1,1,7,4,0,228677900,217368000,11309900,150600,100100,0.6338,Compensation,406,0.2704,0,SYNTHETIC_DEMO,Prototype-only synthetic acquisition record linked to a real Survey of India village boundary; not a government acquisition record.
SYN-ACQ-01984,SYN-PROJ-01984,CHHATTISGARH,Balodabazar-Bhatapara,Lavan,Bagubuda,443840.0,Power Transmission,National Highways Act 1956,70.08,206,115,38,8,4,3,0,492135100,386201700,105933400,29029700,8271700,0.8862,Notification,237,0.1249,0,SYNTHETIC_DEMO,Prototype-only synthetic acquisition record linked to a real Survey of India village boundary; not a government acquisition record.
SYN-ACQ-01985,SYN-PROJ-01985,CHHATTISGARH,Bilaspur,Sankari,Kabra Kapa,438630.0,Urban Infrastructure,National Highways Act 1956,46.28,189,8,5,2,4,2,0,352450100,258074900,94375200,3321600,1800600,0.6902,Objection/Hearing,779,0.4009,0,SYNTHETIC_DEMO,Prototype-only synthetic acquisition record linked to a real Survey of India village boundary; not a government acquisition record.
SYN-ACQ-01986,SYN-PROJ-01986,CHHATTISGARH,Balrampur-Ramanujganj,Rajpur,Korgi,433286.0,Power Transmission,Railways Act 1989,17.9,202,20,4,4,0,0,0,146392100,121382600,25009400,1944300,1610500,0.7955,Award,397,0.0129,0,SYNTHETIC_DEMO,Prototype-only synthetic acquisition record linked to a real Survey of India village boundary; not a government acquisition record.
SYN-ACQ-01987,SYN-PROJ-01987,CHHATTISGARH,Balod,Marri Bangla (Deori),Benderchuwa,442981.0,National Highway,Other applicable statute,43.31,116,126,50,3,15,13,3,235616500,178392900,57223600,41347200,25469800,0.7909,Completed,554,0.376,0,SYNTHETIC_DEMO,Prototype-only synthetic acquisition record linked to a real Survey of India village boundary; not a government acquisition record.
SYN-ACQ-01988,SYN-PROJ-01988,CHHATTISGARH,Balrampur-Ramanujganj,Daura-Kochali,Chilma,431997.0,Power Transmission,National Highways Act 1956,47.35,110,160,22,19,29,25,0,437897600,223498200,214399300,9428800,7656100,0.9647,Compensation,401,0.1546,0,SYNTHETIC_DEMO,Prototype-only synthetic acquisition record linked to a real Survey of India village boundary; not a government acquisition record.
SYN-ACQ-01989,SYN-PROJ-01989,CHHATTISGARH,Bemetara,Nawagarh,Jhanki,441706.0,Industrial Corridor,Railways Act 1989,72.88,176,92,46,32,30,16,2,716332400,449903800,266428600,26903300,16121700,0.8383,Notification,485,0.2108,0,SYNTHETIC_DEMO,Prototype-only synthetic acquisition record linked to a real Survey of India village boundary; not a government acquisition record.
SYN-ACQ-01990,SYN-PROJ-01990,CHHATTISGARH,Mungeli,Lormi,Karuhanar,437666.0,National Highway,RFCTLARR Act 2013,47.66,82,11,5,5,4,2,0,278918200,196018400,82899800,788500,459600,0.8071,Compensation,411,0.2537,0,SYNTHETIC_DEMO,Prototype-only synthetic acquisition record linked to a real Survey of India village boundary; not a government acquisition record.
SYN-ACQ-01991,SYN-PROJ-01991,CHHATTISGARH,Jashpur,Manora,Tempoo,433934.0,Power Transmission,Railways Act 1989,43.67,45,33,15,15,0,0,1,157501400,100535700,56965700,2968500,2225700,0.7132,Award,446,0.324,0,SYNTHETIC_DEMO,Prototype-only synthetic acquisition record linked to a real Survey of India village boundary; not a government acquisition record.
SYN-ACQ-01992,SYN-PROJ-01992,CHHATTISGARH,Sukma,Sukma,Koya Bekur,450663.0,Railway,Railways Act 1989,30.22,43,116,18,18,11,10,0,163141500,100447000,62694500,3179900,2474500,0.9472,Objection/Hearing,357,0.0461,0,SYNTHETIC_DEMO,Prototype-only synthetic acquisition record linked to a real Survey of India village boundary; not a government acquisition record.
SYN-ACQ-01993,SYN-PROJ-01993,CHHATTISGARH,Uttar Bastar Kanker,Aamabeda,FOREST,51.0,Railway,National Highways Act 1956,1.24,100,130,18,18,37,21,3,28348700,16205200,12143400,13987800,13987800,0.7965,Completed,305,0.0539,0,SYNTHETIC_DEMO,Prototype-only synthetic acquisition record linked to a real Survey of India village boundary; not a government acquisition record.
SYN-ACQ-01994,SYN-PROJ-01994,CHHATTISGARH,Kabeerdham,Sahaspur Lohara,Tatikasa,439713.0,National Highway,RFCTLARR Act 2013,16.01,56,122,25,23,31,20,2,152223000,91088900,61134100,10230900,7774300,0.8726,Notification,343,0.2649,0,SYNTHETIC_DEMO,Prototype-only synthetic acquisition record linked to a real Survey of India village boundary; not a government acquisition record.
SYN-ACQ-01995,SYN-PROJ-01995,CHHATTISGARH,Bemetara,Devkar,Patarjhoti,442165.0,Irrigation,National Highways Act 1956,6.35,108,159,63,26,13,8,1,122778100,58616000,64162100,52740800,11546700,0.9715,Notification,271,0.1164,0,SYNTHETIC_DEMO,Prototype-only synthetic acquisition record linked to a real Survey of India village boundary; not a government acquisition record.
SYN-ACQ-01996,SYN-PROJ-01996,CHHATTISGARH,Gariyaband,Chhura,Deogaon,445210.0,Railway,RFCTLARR Act 2013,36.59,85,16,3,3,5,2,1,132311500,78317700,53993800,1073000,642200,0.9626,Completed,545,0.2083,0,SYNTHETIC_DEMO,Prototype-only synthetic acquisition record linked to a real Survey of India village boundary; not a government acquisition record.
SYN-ACQ-01997,SYN-PROJ-01997,CHHATTISGARH,Kabeerdham,Bodla,Sarekha,439480.0,Power Transmission,Railways Act 1989,49.48,210,165,30,5,35,18,2,129795300,63999800,65795500,20657000,13597400,0.6673,Notification,599,0.349,0,SYNTHETIC_DEMO,Prototype-only synthetic acquisition record linked to a real Survey of India village boundary; not a government acquisition record.
SYN-ACQ-01998,SYN-PROJ-01998,CHHATTISGARH,Uttar Bastar Kanker,Bhanupratappur,Pewari,447544.0,Urban Infrastructure,National Highways Act 1956,33.92,162,75,23,23,23,15,3,240655200,170971200,69684000,12527700,6780200,0.553,Proposal,563,0.3596,0,SYNTHETIC_DEMO,Prototype-only synthetic acquisition record linked to a real Survey of India village boundary; not a government acquisition record.
SYN-ACQ-01999,SYN-PROJ-01999,CHHATTISGARH,Jashpur,Jashpur,FOREST,51.0,National Highway,National Highways Act 1956,72.72,137,53,8,7,14,11,2,141748300,70711300,71037000,7017200,3078600,0.6405,Award,428,0.2999,0,SYNTHETIC_DEMO,Prototype-only synthetic acquisition record linked to a real Survey of India village boundary; not a government acquisition record.
SYN-ACQ-02000,SYN-PROJ-02000,CHHATTISGARH,Jashpur,Duldula,FOREST,51.0,Power Transmission,Other applicable statute,71.65,65,120,9,9,15,13,2,657683600,406974200,250709500,6692600,6407000,0.6328,R&R,435,0.3238,0,SYNTHETIC_DEMO,Prototype-only synthetic acquisition record linked to a real Survey of India village boundary; not a government acquisition record.
SYN-ACQ-02001,SYN-PROJ-02001,CHHATTISGARH,Balodabazar-Bhatapara,Kasdol,Asnid,444018.0,Urban Infrastructure,National Highways Act 1956,24.32,21,157,41,20,42,30,4,124588700,70847500,53741200,17767500,10042700,0.8792,R&R,398,0.0926,0,SYNTHETIC_DEMO,Prototype-only synthetic acquisition record linked to a real Survey of India village boundary; not a government acquisition record.
SYN-ACQ-02002,SYN-PROJ-02002,CHHATTISGARH,Kabeerdham,Bodla,Sirmi,439291.0,Urban Infrastructure,Other applicable statute,8.58,26,24,8,8,4,2,0,38381600,28191900,10189700,3982500,3099900,0.5657,Notification,197,0.1137,0,SYNTHETIC_DEMO,Prototype-only synthetic acquisition record linked to a real Survey of India village boundary; not a government acquisition record.
SYN-ACQ-02003,SYN-PROJ-02003,CHHATTISGARH,Dakshin Bastar Dantewada,Dantewada,Kamaloor,450086.0,Urban Infrastructure,Railways Act 1989,34.22,12,159,31,31,30,28,4,336566300,167290900,169275500,9674100,5782600,0.9448,Completed,547,0.2416,0,SYNTHETIC_DEMO,Prototype-only synthetic acquisition record linked to a real Survey of India village boundary; not a government acquisition record.
SYN-ACQ-02004,SYN-PROJ-02004,CHHATTISGARH,Surajpur,Pratappur,Jarhi (NP),801921.0,National Highway,Other applicable statute,74.68,51,156,1,1,29,13,0,609428300,362630100,246798200,864600,829900,0.6679,Completed,389,0.2117,0,SYNTHETIC_DEMO,Prototype-only synthetic acquisition record linked to a real Survey of India village boundary; not a government acquisition record.
SYN-ACQ-02005,SYN-PROJ-02005,CHHATTISGARH,Uttar Bastar Kanker,Sarona,Amapani,447994.0,Industrial Corridor,Railways Act 1989,43.1,204,18,8,8,0,0,0,154674900,149754000,4920800,5525200,5231500,0.6908,GIS Verification,323,0.223,0,SYNTHETIC_DEMO,Prototype-only synthetic acquisition record linked to a real Survey of India village boundary; not a government acquisition record.
SYN-ACQ-02006,SYN-PROJ-02006,CHHATTISGARH,Kondagaon,Keshkal,Raobeda,448546.0,Railway,Other applicable statute,11.97,30,11,6,6,0,0,0,45794400,39409000,6385400,2547900,1699900,0.6833,Compensation,285,0.2271,0,SYNTHETIC_DEMO,Prototype-only synthetic acquisition record linked to a real Survey of India village boundary; not a government acquisition record.
SYN-ACQ-02007,SYN-PROJ-02007,CHHATTISGARH,Kondagaon,BADERAJPUR,Marangpuri,448628.0,Urban Infrastructure,Other applicable statute,9.08,57,175,69,30,43,23,3,72244400,51009400,21235000,51808400,33281400,0.8047,Compensation,594,0.3025,0,SYNTHETIC_DEMO,Prototype-only synthetic acquisition record linked to a real Survey of India village boundary; not a government acquisition record.
SYN-ACQ-02008,SYN-PROJ-02008,CHHATTISGARH,Rajnandgaon,Chhuriya,Bagnadi,440925.0,Urban Infrastructure,Railways Act 1989,6.67,201,16,8,8,4,1,0,61652600,39139600,22513000,3348400,2208400,0.9046,R&R,279,0.2706,0,SYNTHETIC_DEMO,Prototype-only synthetic acquisition record linked to a real Survey of India village boundary; not a government acquisition record.
SYN-ACQ-02009,SYN-PROJ-02009,CHHATTISGARH,Raigarh,Lailunga,Tilaidarha,434637.0,Urban Infrastructure,Other applicable statute,70.58,187,26,5,5,7,6,0,139614500,101435100,38179500,1181300,886200,0.7822,Award,660,0.2141,0,SYNTHETIC_DEMO,Prototype-only synthetic acquisition record linked to a real Survey of India village boundary; not a government acquisition record.
SYN-ACQ-02010,SYN-PROJ-02010,CHHATTISGARH,Khairagarh-Chhuikhadan-Gandai,Salhewara,Saraipatera,440043.0,Irrigation,Other applicable statute,46.82,188,135,6,6,17,14,0,304330700,304330700,0,5374400,3964500,0.605,Award,213,0.1087,0,SYNTHETIC_DEMO,Prototype-only synthetic acquisition record linked to a real Survey of India village boundary; not a government acquisition record.
SYN-ACQ-02011,SYN-PROJ-02011,CHHATTISGARH,Khairagarh-Chhuikhadan-Gandai,Khairagarh,FOREST,51.0,Power Transmission,RFCTLARR Act 2013,36.2,79,23,12,12,2,1,0,181991700,105543600,76448100,7539600,6121200,0.9364,Scrutiny,602,0.3077,0,SYNTHETIC_DEMO,Prototype-only synthetic acquisition record linked to a real Survey of India village boundary; not a government acquisition record.
SYN-ACQ-02012,SYN-PROJ-02012,CHHATTISGARH,Uttar Bastar Kanker,Charama,Kana Pod,447483.0,Power Transmission,RFCTLARR Act 2013,50.57,33,134,25,0,30,29,1,305366500,174255600,131110800,17430000,12215100,0.8497,R&R,577,0.4173,0,SYNTHETIC_DEMO,Prototype-only synthetic acquisition record linked to a real Survey of India village boundary; not a government acquisition record.
SYN-ACQ-02013,SYN-PROJ-02013,CHHATTISGARH,Janjgir-Champa,Bamhnidih,Pondishankar,436869.0,Power Transmission,RFCTLARR Act 2013,25.25,159,46,3,3,6,3,0,174343700,95768700,78575000,1164000,716900,0.5592,R&R,516,0.2385,0,SYNTHETIC_DEMO,Prototype-only synthetic acquisition record linked to a real Survey of India village boundary; not a government acquisition record.
SYN-ACQ-02014,SYN-PROJ-02014,CHHATTISGARH,Bilaspur,Sankari,Lamer,438675.0,Urban Infrastructure,Railways Act 1989,3.43,26,134,66,30,28,22,1,58622100,58496700,125400,42974100,20472400,0.6704,GIS Verification,262,0.1771,0,SYNTHETIC_DEMO,Prototype-only synthetic acquisition record linked to a real Survey of India village boundary; not a government acquisition record.
SYN-ACQ-02015,SYN-PROJ-02015,CHHATTISGARH,Rajnandgaon,Kumarda,FOREST,51.0,Railway,RFCTLARR Act 2013,21.45,62,175,88,25,37,35,4,119922400,48490800,71431600,74880800,40347700,0.8775,Notification,599,0.3569,0,SYNTHETIC_DEMO,Prototype-only synthetic acquisition record linked to a real Survey of India village boundary; not a government acquisition record.
SYN-ACQ-02016,SYN-PROJ-02016,CHHATTISGARH,Kabeerdham,Bodla,Duldula,439345.0,Irrigation,National Highways Act 1956,12.64,8,103,50,3,24,22,1,90571800,51499600,39072200,22691600,20422400,0.8722,Compensation,279,0.1938,0,SYNTHETIC_DEMO,Prototype-only synthetic acquisition record linked to a real Survey of India village boundary; not a government acquisition record.
SYN-ACQ-02017,SYN-PROJ-02017,CHHATTISGARH,Dhamtari,Belargaon,Neginala,447344.0,Power Transmission,Railways Act 1989,60.91,106,95,48,25,28,15,2,434594900,206736200,227858800,13063400,12308800,0.6315,Compensation,438,0.3437,0,SYNTHETIC_DEMO,Prototype-only synthetic acquisition record linked to a real Survey of India village boundary; not a government acquisition record.
SYN-ACQ-02018,SYN-PROJ-02018,CHHATTISGARH,Raigarh,Raigarh,Aunrabhantha,434901.0,Railway,National Highways Act 1956,32.2,155,107,24,6,22,13,4,299618800,165629800,133989000,21445400,9508800,0.9101,Completed,381,0.2221,0,SYNTHETIC_DEMO,Prototype-only synthetic acquisition record linked to a real Survey of India village boundary; not a government acquisition record.
SYN-ACQ-02019,SYN-PROJ-02019,CHHATTISGARH,Dhamtari,Kukrel,Kodegaon,447117.0,National Highway,Other applicable statute,25.42,74,65,13,13,20,15,1,209587400,175492400,34095000,8842600,7192600,0.7178,Objection/Hearing,502,0.2302,0,SYNTHETIC_DEMO,Prototype-only synthetic acquisition record linked to a real Survey of India village boundary; not a government acquisition record.
SYN-ACQ-02020,SYN-PROJ-02020,CHHATTISGARH,Manendragarh-Chirmiri-Bharatpur (MCB),Manendragarh,Harrapara,431691.0,Industrial Corridor,RFCTLARR Act 2013,35.4,74,28,15,14,5,4,0,287853900,151509400,136344600,3682400,2539500,0.7532,Completed,441,0.1541,0,SYNTHETIC_DEMO,Prototype-only synthetic acquisition record linked to a real Survey of India village boundary; not a government acquisition record.
SYN-ACQ-02021,SYN-PROJ-02021,CHHATTISGARH,Narayanpur,Narayanpur,Chhinari,449762.0,Railway,National Highways Act 1956,49.28,8,29,10,10,8,3,0,390949800,349533600,41416200,7604600,5870600,0.7055,Compensation,230,0.0279,0,SYNTHETIC_DEMO,Prototype-only synthetic acquisition record linked to a real Survey of India village boundary; not a government acquisition record.
SYN-ACQ-02022,SYN-PROJ-02022,CHHATTISGARH,Durg,Ahiwara,Dumar,442517.0,Industrial Corridor,Other applicable statute,15.25,69,177,57,18,47,42,3,62796800,45890200,16906700,17439000,9628500,0.5634,R&R,541,0.3647,0,SYNTHETIC_DEMO,Prototype-only synthetic acquisition record linked to a real Survey of India village boundary; not a government acquisition record.
SYN-ACQ-02023,SYN-PROJ-02023,CHHATTISGARH,Bemetara,Nawagarh,Baghul,441711.0,Industrial Corridor,Other applicable statute,2.17,54,103,32,32,7,6,0,40339900,15502000,24838000,6375600,4160700,0.8221,Proposal,532,0.3814,0,SYNTHETIC_DEMO,Prototype-only synthetic acquisition record linked to a real Survey of India village boundary; not a government acquisition record.
SYN-ACQ-02024,SYN-PROJ-02024,CHHATTISGARH,Kondagaon,BADERAJPUR,Manikpur,448649.0,Irrigation,RFCTLARR Act 2013,6.78,64,161,28,14,46,31,3,50261800,42754700,7507100,17011000,9861100,0.8398,R&R,425,0.2706,0,SYNTHETIC_DEMO,Prototype-only synthetic acquisition record linked to a real Survey of India village boundary; not a government acquisition record.
SYN-ACQ-02025,SYN-PROJ-02025,CHHATTISGARH,Sarangarh-Bilaigarh,Sarangarh,Mudiyadih,435341.0,Industrial Corridor,Railways Act 1989,57.77,129,51,1,1,9,5,0,354560200,354560200,0,808800,566400,0.5513,Award,610,0.2888,0,SYNTHETIC_DEMO,Prototype-only synthetic acquisition record linked to a real Survey of India village boundary; not a government acquisition record.
SYN-ACQ-02026,SYN-PROJ-02026,CHHATTISGARH,Bastar,Nangur,Kawalikalan,449097.0,National Highway,Other applicable statute,3.08,4,90,33,16,11,4,3,37874500,26206400,11668000,26973900,23287400,0.8855,Compensation,487,0.3475,0,SYNTHETIC_DEMO,Prototype-only synthetic acquisition record linked to a real Survey of India village boundary; not a government acquisition record.
SYN-ACQ-02027,SYN-PROJ-02027,CHHATTISGARH,Khairagarh-Chhuikhadan-Gandai,Khairagarh,Sonpuri,440487.0,Irrigation,National Highways Act 1956,68.95,167,6,3,3,0,0,0,270481600,203891600,66590000,2434100,1836900,0.8155,Possession,580,0.2681,0,SYNTHETIC_DEMO,Prototype-only synthetic acquisition record linked to a real Survey of India village boundary; not a government acquisition record.
SYN-ACQ-02028,SYN-PROJ-02028,CHHATTISGARH,Sarangarh-Bilaigarh,Baramkela,Rangadih,435805.0,National Highway,Other applicable statute,14.52,165,138,24,14,44,26,1,128473700,77148300,51325300,12676500,8169500,0.8167,Objection/Hearing,300,0.0657,0,SYNTHETIC_DEMO,Prototype-only synthetic acquisition record linked to a real Survey of India village boundary; not a government acquisition record.
SYN-ACQ-02029,SYN-PROJ-02029,CHHATTISGARH,Bastar,Jagdalpur,Mangdu Kachora,449140.0,Irrigation,Other applicable statute,23.26,142,19,8,8,3,1,0,76891000,43397100,33493900,2514800,1982700,0.9034,Award,458,0.2101,0,SYNTHETIC_DEMO,Prototype-only synthetic acquisition record linked to a real Survey of India village boundary; not a government acquisition record.
SYN-ACQ-02030,SYN-PROJ-02030,CHHATTISGARH,Dhamtari,Nagri,Khudurpani,447246.0,Urban Infrastructure,Railways Act 1989,60.13,171,175,40,15,62,37,7,439762500,439762500,0,11849300,5850000,0.7204,R&R,449,0.2779,0,SYNTHETIC_DEMO,Prototype-only synthetic acquisition record linked to a real Survey of India village boundary; not a government acquisition record.
SYN-ACQ-02031,SYN-PROJ-02031,CHHATTISGARH,Uttar Bastar Kanker,Antagarh,Sode,448011.0,Industrial Corridor,Other applicable statute,4.62,205,140,1,1,16,14,5,54127400,44479700,9647600,753600,493700,0.6121,GIS Verification,463,0.3965,0,SYNTHETIC_DEMO,Prototype-only synthetic acquisition record linked to a real Survey of India village boundary; not a government acquisition record.
SYN-ACQ-02032,SYN-PROJ-02032,CHHATTISGARH,Kabeerdham,Bodla,Baiharsari,439385.0,Industrial Corridor,National Highways Act 1956,55.0,57,11,1,1,0,0,0,276386200,247204400,29181800,781400,701200,0.9947,Compensation,299,0.0909,0,SYNTHETIC_DEMO,Prototype-only synthetic acquisition record linked to a real Survey of India village boundary; not a government acquisition record.
SYN-ACQ-02033,SYN-PROJ-02033,CHHATTISGARH,Kabeerdham,Pipariya,Kesali,439119.0,Railway,Railways Act 1989,12.48,195,162,67,23,51,37,5,52870900,29690500,23180500,46235200,23038900,0.9439,Proposal,548,0.4425,0,SYNTHETIC_DEMO,Prototype-only synthetic acquisition record linked to a real Survey of India village boundary; not a government acquisition record.
SYN-ACQ-02034,SYN-PROJ-02034,CHHATTISGARH,Mungeli,Mungeli,Narayanpur,438245.0,Power Transmission,Other applicable statute,42.76,169,59,8,8,14,12,1,111877100,97371200,14505900,2188400,359000,0.9534,R&R,360,0.1418,0,SYNTHETIC_DEMO,Prototype-only synthetic acquisition record linked to a real Survey of India village boundary; not a government acquisition record.
SYN-ACQ-02035,SYN-PROJ-02035,CHHATTISGARH,Uttar Bastar Kanker,Bhanupratappur,Mohgaon,447561.0,Railway,Other applicable statute,55.48,208,156,32,16,3,1,1,422270300,309976500,112293800,11538400,7520800,0.5992,Scrutiny,253,0.206,0,SYNTHETIC_DEMO,Prototype-only synthetic acquisition record linked to a real Survey of India village boundary; not a government acquisition record.
SYN-ACQ-02036,SYN-PROJ-02036,CHHATTISGARH,Raigarh,Tamnar,Lalpur,434739.0,Railway,Railways Act 1989,37.79,169,24,11,11,7,3,0,361816000,179668900,182147200,2752000,2047000,0.657,R&R,468,0.2462,0,SYNTHETIC_DEMO,Prototype-only synthetic acquisition record linked to a real Survey of India village boundary; not a government acquisition record.
SYN-ACQ-02037,SYN-PROJ-02037,CHHATTISGARH,Bilaspur,Masturi,Danganiya,438882.0,National Highway,RFCTLARR Act 2013,35.06,114,163,41,19,17,10,0,289782000,209979400,79802600,35623800,26264900,0.7099,Proposal,486,0.2303,0,SYNTHETIC_DEMO,Prototype-only synthetic acquisition record linked to a real Survey of India village boundary; not a government acquisition record.
SYN-ACQ-02038,SYN-PROJ-02038,CHHATTISGARH,Surajpur,Latori,FOREST,51.0,Irrigation,RFCTLARR Act 2013,49.55,74,18,6,6,2,1,0,207984800,151817200,56167600,1021100,1021100,0.6739,Possession,571,0.3842,0,SYNTHETIC_DEMO,Prototype-only synthetic acquisition record linked to a real Survey of India village boundary; not a government acquisition record.
SYN-ACQ-02039,SYN-PROJ-02039,CHHATTISGARH,Khairagarh-Chhuikhadan-Gandai,Chhuikhadan,Jurla Khar,440301.0,Industrial Corridor,National Highways Act 1956,39.92,7,43,16,6,4,2,0,310711100,164025400,146685600,5741300,1402200,0.7871,Scrutiny,443,0.2889,0,SYNTHETIC_DEMO,Prototype-only synthetic acquisition record linked to a real Survey of India village boundary; not a government acquisition record.
SYN-ACQ-02040,SYN-PROJ-02040,CHHATTISGARH,Raipur,Kharora,Amlitalab,444977.0,National Highway,Other applicable statute,71.69,67,166,16,16,34,23,1,548049100,476585300,71463800,8383800,5425400,0.6554,Proposal,511,0.1905,0,SYNTHETIC_DEMO,Prototype-only synthetic acquisition record linked to a real Survey of India village boundary; not a government acquisition record.
SYN-ACQ-02041,SYN-PROJ-02041,CHHATTISGARH,Mahasamund,Komakhan,Batora,446606.0,Industrial Corridor,RFCTLARR Act 2013,3.96,137,116,42,5,31,25,1,73517100,60465600,13051400,29843000,16762300,0.923,Completed,315,0.1354,0,SYNTHETIC_DEMO,Prototype-only synthetic acquisition record linked to a real Survey of India village boundary; not a government acquisition record.
SYN-ACQ-02042,SYN-PROJ-02042,CHHATTISGARH,Raigarh,Pusour,Bunga,435119.0,Irrigation,National Highways Act 1956,39.98,94,153,71,36,49,22,4,237796100,136991300,100804700,56011600,46303100,0.6181,Possession,715,0.3568,0,SYNTHETIC_DEMO,Prototype-only synthetic acquisition record linked to a real Survey of India village boundary; not a government acquisition record.
SYN-ACQ-02043,SYN-PROJ-02043,CHHATTISGARH,Balodabazar-Bhatapara,Kasdol,Arjuni,443986.0,Irrigation,RFCTLARR Act 2013,38.07,72,66,27,20,15,8,1,318095200,231443000,86652100,7975000,4623300,0.8496,Proposal,598,0.3563,0,SYNTHETIC_DEMO,Prototype-only synthetic acquisition record linked to a real Survey of India village boundary; not a government acquisition record.
SYN-ACQ-02044,SYN-PROJ-02044,CHHATTISGARH,Balrampur-Ramanujganj,Ramchandrapur,Barahnagar,431832.0,Industrial Corridor,National Highways Act 1956,61.13,25,68,6,6,8,7,1,219640000,162758600,56881400,2941500,1988100,0.8682,Notification,467,0.2407,0,SYNTHETIC_DEMO,Prototype-only synthetic acquisition record linked to a real Survey of India village boundary; not a government acquisition record.
SYN-ACQ-02045,SYN-PROJ-02045,CHHATTISGARH,Mahasamund,Saraipali,Kodopali,445952.0,Power Transmission,RFCTLARR Act 2013,14.27,126,176,54,23,37,28,0,154298000,126482400,27815500,34650200,8853900,0.6429,Award,437,0.2502,0,SYNTHETIC_DEMO,Prototype-only synthetic acquisition record linked to a real Survey of India village boundary; not a government acquisition record.
SYN-ACQ-02046,SYN-PROJ-02046,CHHATTISGARH,Janjgir-Champa,Pamgarh,Chandipara,437029.0,Railway,Other applicable statute,6.79,151,128,33,5,46,24,1,70157100,49006100,21151000,8523000,4971500,0.5706,Compensation,643,0.4207,0,SYNTHETIC_DEMO,Prototype-only synthetic acquisition record linked to a real Survey of India village boundary; not a government acquisition record.
SYN-ACQ-02047,SYN-PROJ-02047,CHHATTISGARH,Raigarh,Pusour,Semibhanwar,435044.0,Urban Infrastructure,RFCTLARR Act 2013,64.91,55,140,62,17,25,14,0,318294700,109741100,208553600,11663600,9210100,0.6298,Compensation,737,0.4258,0,SYNTHETIC_DEMO,Prototype-only synthetic acquisition record linked to a real Survey of India village boundary; not a government acquisition record.
SYN-ACQ-02048,SYN-PROJ-02048,CHHATTISGARH,Uttar Bastar Kanker,Koylibeda,FOREST,51.0,Urban Infrastructure,Other applicable statute,32.3,194,148,59,14,26,15,1,231875900,204322200,27553800,26322900,16074000,0.6317,Compensation,555,0.2767,0,SYNTHETIC_DEMO,Prototype-only synthetic acquisition record linked to a real Survey of India village boundary; not a government acquisition record.
SYN-ACQ-02049,SYN-PROJ-02049,CHHATTISGARH,Balod,Gurur,Kumhar Khan,443417.0,Industrial Corridor,Other applicable statute,62.04,57,118,11,11,28,27,3,579819800,131253500,448566300,9675000,6893600,0.5646,Possession,595,0.3969,0,SYNTHETIC_DEMO,Prototype-only synthetic acquisition record linked to a real Survey of India village boundary; not a government acquisition record.
SYN-ACQ-02050,SYN-PROJ-02050,CHHATTISGARH,Mohla-Manpur-Ambagarh Chouki,Khadgaon,Wako,441405.0,National Highway,RFCTLARR Act 2013,72.05,61,34,16,1,9,6,1,608922500,557684300,51238200,11993100,11980500,0.9246,Objection/Hearing,544,0.2669,0,SYNTHETIC_DEMO,Prototype-only synthetic acquisition record linked to a real Survey of India village boundary; not a government acquisition record.
SYN-ACQ-02051,SYN-PROJ-02051,CHHATTISGARH,Jashpur,Bagicha,Raikera,433679.0,Power Transmission,National Highways Act 1956,53.93,156,73,35,35,17,8,0,223738400,150215800,73522600,26408100,21467400,0.7023,Notification,174,0.1463,0,SYNTHETIC_DEMO,Prototype-only synthetic acquisition record linked to a real Survey of India village boundary; not a government acquisition record.
SYN-ACQ-02052,SYN-PROJ-02052,CHHATTISGARH,Manendragarh-Chirmiri-Bharatpur (MCB),Kelhari,Pahadhanswahi,431645.0,Industrial Corridor,Railways Act 1989,55.91,89,168,37,31,35,14,1,566794800,292576200,274218600,5595900,5092800,0.9737,Compensation,252,0.0244,0,SYNTHETIC_DEMO,Prototype-only synthetic acquisition record linked to a real Survey of India village boundary; not a government acquisition record.
SYN-ACQ-02053,SYN-PROJ-02053,CHHATTISGARH,Balod,Daundi,Mardel,443323.0,Irrigation,RFCTLARR Act 2013,1.79,113,31,4,4,11,7,0,15282200,8823500,6458700,626700,626700,0.8895,Compensation,455,0.1851,0,SYNTHETIC_DEMO,Prototype-only synthetic acquisition record linked to a real Survey of India village boundary; not a government acquisition record.
SYN-ACQ-02054,SYN-PROJ-02054,CHHATTISGARH,Dhamtari,Dhamtari,Soram,447084.0,Urban Infrastructure,Railways Act 1989,30.6,13,143,29,21,10,9,0,150626300,94886600,55739700,16129400,16129400,0.5954,Notification,605,0.2316,0,SYNTHETIC_DEMO,Prototype-only synthetic acquisition record linked to a real Survey of India village boundary; not a government acquisition record.
SYN-ACQ-02055,SYN-PROJ-02055,CHHATTISGARH,Sarangarh-Bilaigarh,Sarangarh,Malda,435447.0,Irrigation,National Highways Act 1956,25.38,18,124,56,31,8,5,0,262983300,233033200,29950100,8922000,8360600,0.7843,R&R,567,0.2324,0,SYNTHETIC_DEMO,Prototype-only synthetic acquisition record linked to a real Survey of India village boundary; not a government acquisition record.
SYN-ACQ-02056,SYN-PROJ-02056,CHHATTISGARH,Raigarh,Pusour,Lankapali,435094.0,Railway,Other applicable statute,8.29,174,72,17,17,6,5,0,71854400,32505300,39349100,6295800,3125600,0.7092,Possession,532,0.3341,0,SYNTHETIC_DEMO,Prototype-only synthetic acquisition record linked to a real Survey of India village boundary; not a government acquisition record.
SYN-ACQ-02057,SYN-PROJ-02057,CHHATTISGARH,Kabeerdham,Kunda,Amadah,440038.0,Irrigation,RFCTLARR Act 2013,17.46,4,47,13,13,1,0,0,143044000,105039600,38004400,10858500,10389600,0.7147,Scrutiny,278,0.1377,0,SYNTHETIC_DEMO,Prototype-only synthetic acquisition record linked to a real Survey of India village boundary; not a government acquisition record.
SYN-ACQ-02058,SYN-PROJ-02058,CHHATTISGARH,Durg,Durg,Durg (M.Corp.),442610.0,Railway,Railways Act 1989,35.0,27,8,3,3,2,1,0,188315200,134436900,53878300,1107600,875400,0.8791,Completed,632,0.2866,0,SYNTHETIC_DEMO,Prototype-only synthetic acquisition record linked to a real Survey of India village boundary; not a government acquisition record.
SYN-ACQ-02059,SYN-PROJ-02059,CHHATTISGARH,Kabeerdham,Bodla,Jhandi,439463.0,National Highway,National Highways Act 1956,72.45,208,134,34,9,36,27,3,723265800,392458900,330806900,20971900,10120900,0.9819,R&R,467,0.3217,0,SYNTHETIC_DEMO,Prototype-only synthetic acquisition record linked to a real Survey of India village boundary; not a government acquisition record.
SYN-ACQ-02060,SYN-PROJ-02060,CHHATTISGARH,Surguja,Batouli,Kachhardih,433486.0,Irrigation,Railways Act 1989,13.34,14,137,54,18,55,26,2,55597600,31548500,24049100,42249400,32376100,0.6303,Award,560,0.41,0,SYNTHETIC_DEMO,Prototype-only synthetic acquisition record linked to a real Survey of India village boundary; not a government acquisition record.
SYN-ACQ-02061,SYN-PROJ-02061,CHHATTISGARH,Korba,Pali,FOREST,51.0,Power Transmission,National Highways Act 1956,54.84,137,34,5,5,0,0,0,124729800,124729800,0,4388000,3852900,0.6379,Completed,419,0.0,0,SYNTHETIC_DEMO,Prototype-only synthetic acquisition record linked to a real Survey of India village boundary; not a government acquisition record.
SYN-ACQ-02062,SYN-PROJ-02062,CHHATTISGARH,Korba,Dipka,Jhingatpur,435842.0,Irrigation,Other applicable statute,31.23,126,26,12,12,1,0,0,269073800,154880100,114193700,5156100,4227400,0.7968,R&R,458,0.2383,0,SYNTHETIC_DEMO,Prototype-only synthetic acquisition record linked to a real Survey of India village boundary; not a government acquisition record.
SYN-ACQ-02063,SYN-PROJ-02063,CHHATTISGARH,Gaurela-Pendra-Marwahi,Pendra Road,Gourkheda,437480.0,National Highway,RFCTLARR Act 2013,12.22,57,154,14,14,57,43,0,60597700,49257400,11340300,12141900,6745200,0.6206,Possession,437,0.2875,0,SYNTHETIC_DEMO,Prototype-only synthetic acquisition record linked to a real Survey of India village boundary; not a government acquisition record.
SYN-ACQ-02064,SYN-PROJ-02064,CHHATTISGARH,Bastar,Bastar,Balenga,449370.0,National Highway,RFCTLARR Act 2013,16.95,196,118,2,2,38,29,2,74330300,47755000,26575300,625500,428400,0.6196,Completed,331,0.2041,0,SYNTHETIC_DEMO,Prototype-only synthetic acquisition record linked to a real Survey of India village boundary; not a government acquisition record.
SYN-ACQ-02065,SYN-PROJ-02065,CHHATTISGARH,Uttar Bastar Kanker,Antagarh,Amodi,448016.0,Power Transmission,Railways Act 1989,17.42,124,56,6,6,4,2,0,147594700,86860300,60734400,2386100,872800,0.5625,Compensation,681,0.3537,0,SYNTHETIC_DEMO,Prototype-only synthetic acquisition record linked to a real Survey of India village boundary; not a government acquisition record.
SYN-ACQ-02066,SYN-PROJ-02066,CHHATTISGARH,Surguja,Batouli,Vishunpur,433509.0,Power Transmission,National Highways Act 1956,37.53,28,166,47,34,4,3,0,283992000,178458000,105534000,24982600,20319900,0.7904,Objection/Hearing,244,0.1727,0,SYNTHETIC_DEMO,Prototype-only synthetic acquisition record linked to a real Survey of India village boundary; not a government acquisition record.
SYN-ACQ-02067,SYN-PROJ-02067,CHHATTISGARH,Raipur,Kharora,Ganiyari,444984.0,Power Transmission,Railways Act 1989,49.77,12,128,64,12,34,16,3,207149200,139272200,67877000,42778200,14941400,0.8776,Award,324,0.1844,0,SYNTHETIC_DEMO,Prototype-only synthetic acquisition record linked to a real Survey of India village boundary; not a government acquisition record.
SYN-ACQ-02068,SYN-PROJ-02068,CHHATTISGARH,Gariyaband,Chhura,Mudhipani,445347.0,Industrial Corridor,Other applicable statute,50.19,118,105,16,16,14,8,1,372296200,287897900,84398300,6114000,6114000,0.8698,Completed,536,0.3381,0,SYNTHETIC_DEMO,Prototype-only synthetic acquisition record linked to a real Survey of India village boundary; not a government acquisition record.
SYN-ACQ-02069,SYN-PROJ-02069,CHHATTISGARH,Janjgir-Champa,Nawagarh,Dindoldih,436746.0,Irrigation,National Highways Act 1956,27.58,9,67,22,22,12,9,2,126253000,97766800,28486300,12156300,4752100,0.7052,Completed,309,0.1854,0,SYNTHETIC_DEMO,Prototype-only synthetic acquisition record linked to a real Survey of India village boundary; not a government acquisition record.
SYN-ACQ-02070,SYN-PROJ-02070,CHHATTISGARH,Bijapur,Bhairamgarh,Bakeli,451271.0,Irrigation,RFCTLARR Act 2013,2.42,122,117,53,22,4,3,0,47391300,21804600,25586600,11455000,10101400,0.9143,Scrutiny,436,0.1137,0,SYNTHETIC_DEMO,Prototype-only synthetic acquisition record linked to a real Survey of India village boundary; not a government acquisition record.
SYN-ACQ-02071,SYN-PROJ-02071,CHHATTISGARH,Bemetara,Bemetara,Khamhariya,442064.0,National Highway,RFCTLARR Act 2013,19.77,167,124,45,26,7,3,0,215588300,99150600,116437700,40358400,18072900,0.8324,Award,723,0.445,0,SYNTHETIC_DEMO,Prototype-only synthetic acquisition record linked to a real Survey of India village boundary; not a government acquisition record.
SYN-ACQ-02072,SYN-PROJ-02072,CHHATTISGARH,Korba,Barpali,Bagdar,436436.0,Industrial Corridor,National Highways Act 1956,1.39,168,24,7,7,2,1,1,12607100,8937500,3669600,2090800,1585300,0.7664,GIS Verification,564,0.2468,0,SYNTHETIC_DEMO,Prototype-only synthetic acquisition record linked to a real Survey of India village boundary; not a government acquisition record.
SYN-ACQ-02073,SYN-PROJ-02073,CHHATTISGARH,Kabeerdham,Kunda,Mohgaon,439986.0,Railway,Other applicable statute,12.12,121,118,15,15,27,26,4,75966800,75966800,0,3104900,2151900,0.5785,R&R,419,0.1296,0,SYNTHETIC_DEMO,Prototype-only synthetic acquisition record linked to a real Survey of India village boundary; not a government acquisition record.
SYN-ACQ-02074,SYN-PROJ-02074,CHHATTISGARH,Sarangarh-Bilaigarh,Bilaigarh,Bansurikuli,444254.0,Power Transmission,RFCTLARR Act 2013,11.03,213,113,18,18,26,20,0,56577100,38988800,17588300,15332300,11439000,0.9795,Proposal,319,0.0543,0,SYNTHETIC_DEMO,Prototype-only synthetic acquisition record linked to a real Survey of India village boundary; not a government acquisition record.
SYN-ACQ-02075,SYN-PROJ-02075,CHHATTISGARH,Raigarh,Tamnar,Kunjemura,434810.0,Irrigation,Other applicable statute,40.16,144,34,3,3,10,5,1,127648100,73892400,53755700,936200,623400,0.5526,GIS Verification,710,0.5074,0,SYNTHETIC_DEMO,Prototype-only synthetic acquisition record linked to a real Survey of India village boundary; not a government acquisition record.
SYN-ACQ-02076,SYN-PROJ-02076,CHHATTISGARH,Raigarh,Pusour,Putkapuri,435020.0,Irrigation,Railways Act 1989,38.99,171,125,47,16,5,2,0,310346900,310346900,0,22992100,22223400,0.8223,Compensation,385,0.2096,0,SYNTHETIC_DEMO,Prototype-only synthetic acquisition record linked to a real Survey of India village boundary; not a government acquisition record.
SYN-ACQ-02077,SYN-PROJ-02077,CHHATTISGARH,Balodabazar-Bhatapara,Lavan,Kharcha,443795.0,National Highway,Other applicable statute,3.53,20,63,19,16,33,29,1,20184300,16849600,3334700,7406700,3170000,0.625,Notification,513,0.3168,0,SYNTHETIC_DEMO,Prototype-only synthetic acquisition record linked to a real Survey of India village boundary; not a government acquisition record.
SYN-ACQ-02078,SYN-PROJ-02078,CHHATTISGARH,Balod,Marri Bangla (Deori),Godmarra,443007.0,Irrigation,RFCTLARR Act 2013,47.33,144,167,8,8,12,8,1,494375300,234385000,259990300,1800700,416400,0.7206,Award,392,0.1173,0,SYNTHETIC_DEMO,Prototype-only synthetic acquisition record linked to a real Survey of India village boundary; not a government acquisition record.
SYN-ACQ-02079,SYN-PROJ-02079,CHHATTISGARH,Gariyaband,Chhura,FOREST,51.0,Industrial Corridor,Other applicable statute,9.7,184,129,63,34,21,9,1,84502900,30837100,53665800,46327300,22325300,0.965,Compensation,414,0.1647,0,SYNTHETIC_DEMO,Prototype-only synthetic acquisition record linked to a real Survey of India village boundary; not a government acquisition record.
SYN-ACQ-02080,SYN-PROJ-02080,CHHATTISGARH,Korba,Katghora,Ral,435857.0,Railway,National Highways Act 1956,5.17,130,114,53,29,35,20,6,58482900,34183300,24299600,33923100,23239400,0.5595,Scrutiny,370,0.2776,0,SYNTHETIC_DEMO,Prototype-only synthetic acquisition record linked to a real Survey of India village boundary; not a government acquisition record.
SYN-ACQ-02081,SYN-PROJ-02081,CHHATTISGARH,Balod,Daundi,Kusumtola,443310.0,Power Transmission,National Highways Act 1956,39.3,3,51,2,2,17,7,0,275958800,231334100,44624600,1245200,630000,0.6831,Possession,475,0.1708,0,SYNTHETIC_DEMO,Prototype-only synthetic acquisition record linked to a real Survey of India village boundary; not a government acquisition record.
SYN-ACQ-02082,SYN-PROJ-02082,CHHATTISGARH,Uttar Bastar Kanker,Antagarh,Ghotulbeda,448064.0,Urban Infrastructure,Other applicable statute,68.82,88,177,9,9,32,26,2,205344000,193661500,11682500,2670800,1968400,0.8424,Completed,404,0.0873,0,SYNTHETIC_DEMO,Prototype-only synthetic acquisition record linked to a real Survey of India village boundary; not a government acquisition record.
SYN-ACQ-02083,SYN-PROJ-02083,CHHATTISGARH,Mahasamund,Basna,MANDLA R.F.,51.0,Power Transmission,RFCTLARR Act 2013,5.69,218,80,9,9,19,11,4,44876300,31402900,13473400,1954200,1201500,0.6965,Completed,422,0.2185,0,SYNTHETIC_DEMO,Prototype-only synthetic acquisition record linked to a real Survey of India village boundary; not a government acquisition record.
SYN-ACQ-02084,SYN-PROJ-02084,CHHATTISGARH,Gariyaband,Mainpur,Bhalki,445364.0,Power Transmission,RFCTLARR Act 2013,21.47,192,179,43,17,22,12,0,232158200,99431700,132726500,22076000,16470100,0.8831,R&R,361,0.3317,0,SYNTHETIC_DEMO,Prototype-only synthetic acquisition record linked to a real Survey of India village boundary; not a government acquisition record.
SYN-ACQ-02085,SYN-PROJ-02085,CHHATTISGARH,Bilaspur,Belgahna,Nawapara,437935.0,Railway,Other applicable statute,30.78,208,118,42,8,13,11,0,113714800,55628400,58086400,10971100,9989100,0.9392,Scrutiny,480,0.2565,0,SYNTHETIC_DEMO,Prototype-only synthetic acquisition record linked to a real Survey of India village boundary; not a government acquisition record.
SYN-ACQ-02086,SYN-PROJ-02086,CHHATTISGARH,Kabeerdham,Pipariya,Fandatod,439108.0,Urban Infrastructure,National Highways Act 1956,23.03,72,10,4,4,0,0,0,116006900,91378400,24628500,2388300,1375300,0.8765,R&R,263,0.0,0,SYNTHETIC_DEMO,Prototype-only synthetic acquisition record linked to a real Survey of India village boundary; not a government acquisition record.
SYN-ACQ-02087,SYN-PROJ-02087,CHHATTISGARH,Jashpur,Sanna,FOREST,51.0,National Highway,Railways Act 1989,58.44,144,79,3,3,5,3,0,307660400,178718000,128942400,2041000,913500,0.9134,Scrutiny,375,0.0198,0,SYNTHETIC_DEMO,Prototype-only synthetic acquisition record linked to a real Survey of India village boundary; not a government acquisition record.
SYN-ACQ-02088,SYN-PROJ-02088,CHHATTISGARH,Mungeli,Lalpur Thana,Nawapara,437831.0,Irrigation,Railways Act 1989,42.86,158,135,1,1,49,33,2,412281600,242962400,169319200,697700,307000,0.5763,GIS Verification,542,0.2367,0,SYNTHETIC_DEMO,Prototype-only synthetic acquisition record linked to a real Survey of India village boundary; not a government acquisition record.
SYN-ACQ-02089,SYN-PROJ-02089,CHHATTISGARH,Bemetara,Bhimbhauri,Dewada,442351.0,Irrigation,RFCTLARR Act 2013,13.44,111,126,49,10,25,12,1,78985700,62597000,16388700,23721800,23029900,0.9104,Notification,465,0.1703,0,SYNTHETIC_DEMO,Prototype-only synthetic acquisition record linked to a real Survey of India village boundary; not a government acquisition record.
SYN-ACQ-02090,SYN-PROJ-02090,CHHATTISGARH,Bastar,Jagdalpur,Burundwadasemra,449071.0,Power Transmission,Other applicable statute,49.63,3,123,12,7,37,32,0,206310900,203209800,3101100,5491700,5491700,0.8335,Objection/Hearing,451,0.2703,0,SYNTHETIC_DEMO,Prototype-only synthetic acquisition record linked to a real Survey of India village boundary; not a government acquisition record.
SYN-ACQ-02091,SYN-PROJ-02091,CHHATTISGARH,Mahasamund,Saraipali,Singhoda,446067.0,Industrial Corridor,Other applicable statute,20.08,124,132,13,13,35,21,1,173458700,52355000,121103700,10809800,10270700,0.9899,Completed,823,0.3673,0,SYNTHETIC_DEMO,Prototype-only synthetic acquisition record linked to a real Survey of India village boundary; not a government acquisition record.
SYN-ACQ-02092,SYN-PROJ-02092,CHHATTISGARH,Mahasamund,Komakhan,Simgaon,446539.0,Irrigation,Railways Act 1989,60.47,197,32,15,7,5,4,0,253906100,250313800,3592300,10573800,6330400,0.9476,Objection/Hearing,380,0.1432,0,SYNTHETIC_DEMO,Prototype-only synthetic acquisition record linked to a real Survey of India village boundary; not a government acquisition record.
SYN-ACQ-02093,SYN-PROJ-02093,CHHATTISGARH,Balodabazar-Bhatapara,Kasdol,Awarai,443989.0,Industrial Corridor,National Highways Act 1956,35.55,185,114,36,7,24,22,1,96787800,75995600,20792200,19651200,8050100,0.7519,GIS Verification,599,0.3307,0,SYNTHETIC_DEMO,Prototype-only synthetic acquisition record linked to a real Survey of India village boundary; not a government acquisition record.
SYN-ACQ-02094,SYN-PROJ-02094,CHHATTISGARH,Rajnandgaon,Kumarda,Panduka,441006.0,Irrigation,RFCTLARR Act 2013,20.86,177,58,3,3,14,9,0,69868500,6986900,62881700,2522600,731600,0.9057,Possession,565,0.3554,0,SYNTHETIC_DEMO,Prototype-only synthetic acquisition record linked to a real Survey of India village boundary; not a government acquisition record.
SYN-ACQ-02095,SYN-PROJ-02095,CHHATTISGARH,Bilaspur,Seepat,Khanda,438817.0,National Highway,Other applicable statute,62.84,100,146,68,30,45,19,3,447371200,228097200,219274000,15927000,13200100,0.6193,Award,425,0.1516,0,SYNTHETIC_DEMO,Prototype-only synthetic acquisition record linked to a real Survey of India village boundary; not a government acquisition record.
SYN-ACQ-02096,SYN-PROJ-02096,CHHATTISGARH,Balrampur-Ramanujganj,Balrampur,Sarnadih,432008.0,Urban Infrastructure,Other applicable statute,17.51,99,160,47,8,32,22,2,133617400,103313100,30304300,7903000,3009600,0.5703,Notification,713,0.4649,0,SYNTHETIC_DEMO,Prototype-only synthetic acquisition record linked to a real Survey of India village boundary; not a government acquisition record.
SYN-ACQ-02097,SYN-PROJ-02097,CHHATTISGARH,Sarangarh-Bilaigarh,Bilaigarh,Gondli,444257.0,Urban Infrastructure,National Highways Act 1956,43.63,4,123,44,14,1,0,0,178484000,130866700,47617200,14120200,5580000,0.7165,Possession,386,0.1715,0,SYNTHETIC_DEMO,Prototype-only synthetic acquisition record linked to a real Survey of India village boundary; not a government acquisition record.
SYN-ACQ-02098,SYN-PROJ-02098,CHHATTISGARH,Sarangarh-Bilaigarh,Bilaigarh,Toulidih,444210.0,National Highway,RFCTLARR Act 2013,69.82,152,150,60,10,42,38,5,232863000,102875300,129987700,24819200,21941500,0.6004,Possession,645,0.5073,0,SYNTHETIC_DEMO,Prototype-only synthetic acquisition record linked to a real Survey of India village boundary; not a government acquisition record.
SYN-ACQ-02099,SYN-PROJ-02099,CHHATTISGARH,Korba,Dipka,Binjhri,435845.0,Irrigation,Railways Act 1989,44.0,10,46,17,17,15,9,1,116621600,102268100,14353500,6586200,5464900,0.6878,R&R,553,0.2853,0,SYNTHETIC_DEMO,Prototype-only synthetic acquisition record linked to a real Survey of India village boundary; not a government acquisition record.
SYN-ACQ-02100,SYN-PROJ-02100,CHHATTISGARH,Balodabazar-Bhatapara,Simga,Chanderi,443506.0,Irrigation,Other applicable statute,0.53,37,131,43,2,41,36,1,24052500,9128500,14924000,27888200,23207700,0.9426,Scrutiny,471,0.2333,0,SYNTHETIC_DEMO,Prototype-only synthetic acquisition record linked to a real Survey of India village boundary; not a government acquisition record.
SYN-ACQ-02101,SYN-PROJ-02101,CHHATTISGARH,Dakshin Bastar Dantewada,Katekalyan,Pratapgiri,450226.0,National Highway,RFCTLARR Act 2013,25.85,49,74,21,21,5,4,0,236870100,158702100,78168000,4861700,4302900,0.7204,Scrutiny,316,0.191,0,SYNTHETIC_DEMO,Prototype-only synthetic acquisition record linked to a real Survey of India village boundary; not a government acquisition record.
SYN-ACQ-02102,SYN-PROJ-02102,CHHATTISGARH,Korba,Katghora,Mudhali,435853.0,Railway,Railways Act 1989,23.0,212,90,43,32,21,19,4,120352400,79050500,41301900,19742700,19742700,0.8882,Completed,627,0.2712,0,SYNTHETIC_DEMO,Prototype-only synthetic acquisition record linked to a real Survey of India village boundary; not a government acquisition record.
SYN-ACQ-02103,SYN-PROJ-02103,CHHATTISGARH,Kabeerdham,Pipariya,Dullapur,439162.0,National Highway,Railways Act 1989,45.76,213,119,35,25,31,17,3,359853800,244085100,115768700,11018400,7854000,0.9279,Award,451,0.2869,0,SYNTHETIC_DEMO,Prototype-only synthetic acquisition record linked to a real Survey of India village boundary; not a government acquisition record.
SYN-ACQ-02104,SYN-PROJ-02104,CHHATTISGARH,Sarangarh-Bilaigarh,Bhatgaon,Gadapali,444396.0,Industrial Corridor,RFCTLARR Act 2013,38.35,34,134,41,0,44,43,1,228890600,122095400,106795200,26722600,25689500,0.8341,Compensation,573,0.2014,0,SYNTHETIC_DEMO,Prototype-only synthetic acquisition record linked to a real Survey of India village boundary; not a government acquisition record.
SYN-ACQ-02105,SYN-PROJ-02105,CHHATTISGARH,Rajnandgaon,Ghumka,Botepar,440720.0,Irrigation,National Highways Act 1956,56.44,147,106,8,8,26,20,0,436117900,362728800,73389100,2239700,2041300,0.9046,Award,316,0.0801,0,SYNTHETIC_DEMO,Prototype-only synthetic acquisition record linked to a real Survey of India village boundary; not a government acquisition record.
SYN-ACQ-02106,SYN-PROJ-02106,CHHATTISGARH,Uttar Bastar Kanker,Durgkondal,Sadhumichgaon,447758.0,Urban Infrastructure,Other applicable statute,24.69,62,140,7,7,13,7,3,266219000,227082700,39136300,1657600,1322700,0.8735,Objection/Hearing,170,0.1596,0,SYNTHETIC_DEMO,Prototype-only synthetic acquisition record linked to a real Survey of India village boundary; not a government acquisition record.
SYN-ACQ-02107,SYN-PROJ-02107,CHHATTISGARH,Gaurela-Pendra-Marwahi,Pendra Road,Kanhari,437450.0,Urban Infrastructure,RFCTLARR Act 2013,73.93,202,45,12,12,9,7,1,306511100,286348200,20162900,9396000,6825500,0.7144,R&R,491,0.2307,0,SYNTHETIC_DEMO,Prototype-only synthetic acquisition record linked to a real Survey of India village boundary; not a government acquisition record.
SYN-ACQ-02108,SYN-PROJ-02108,CHHATTISGARH,Korba,Bhaisma,FOREST,51.0,National Highway,RFCTLARR Act 2013,17.28,184,124,15,15,30,29,1,71101300,50090100,21011200,13045600,11314300,0.6858,Notification,464,0.2984,0,SYNTHETIC_DEMO,Prototype-only synthetic acquisition record linked to a real Survey of India village boundary; not a government acquisition record.
SYN-ACQ-02109,SYN-PROJ-02109,CHHATTISGARH,Uttar Bastar Kanker,Charama,Badatola,447511.0,Industrial Corridor,RFCTLARR Act 2013,70.71,187,103,22,0,27,18,1,400777000,337085200,63691800,9732500,6233500,0.9886,Objection/Hearing,139,0.0,0,SYNTHETIC_DEMO,Prototype-only synthetic acquisition record linked to a real Survey of India village boundary; not a government acquisition record.
SYN-ACQ-02110,SYN-PROJ-02110,CHHATTISGARH,Mungeli,Jarhagaon,Bhathari,438339.0,National Highway,National Highways Act 1956,11.49,63,80,6,6,17,11,1,56531500,44522500,12009100,3817000,1498800,0.7135,Possession,376,0.1625,0,SYNTHETIC_DEMO,Prototype-only synthetic acquisition record linked to a real Survey of India village boundary; not a government acquisition record.
SYN-ACQ-02111,SYN-PROJ-02111,CHHATTISGARH,Uttar Bastar Kanker,Antagarh,Gawadekhasgaon,448034.0,Railway,National Highways Act 1956,45.94,212,33,5,5,6,5,0,215032800,188805900,26227000,3215500,1227100,0.6333,R&R,430,0.3079,0,SYNTHETIC_DEMO,Prototype-only synthetic acquisition record linked to a real Survey of India village boundary; not a government acquisition record.
SYN-ACQ-02112,SYN-PROJ-02112,CHHATTISGARH,Balodabazar-Bhatapara,Kasdol,Bhadora,443996.0,Railway,Railways Act 1989,40.42,193,65,18,18,8,7,1,373354100,249480000,123874000,13839800,10784000,0.8685,GIS Verification,320,0.141,0,SYNTHETIC_DEMO,Prototype-only synthetic acquisition record linked to a real Survey of India village boundary; not a government acquisition record.
SYN-ACQ-02113,SYN-PROJ-02113,CHHATTISGARH,Sarangarh-Bilaigarh,Bilaigarh,Kariyatar,444245.0,Urban Infrastructure,Other applicable statute,73.89,44,17,1,1,2,1,0,247143700,176406500,70737300,266000,159300,0.9993,Objection/Hearing,350,0.0,0,SYNTHETIC_DEMO,Prototype-only synthetic acquisition record linked to a real Survey of India village boundary; not a government acquisition record.
SYN-ACQ-02114,SYN-PROJ-02114,CHHATTISGARH,Uttar Bastar Kanker,Antagarh,Sureli,448052.0,Irrigation,Railways Act 1989,13.71,123,18,6,6,0,0,0,78701400,64408100,14293300,948100,760300,0.9219,Possession,226,0.0226,0,SYNTHETIC_DEMO,Prototype-only synthetic acquisition record linked to a real Survey of India village boundary; not a government acquisition record.
SYN-ACQ-02115,SYN-PROJ-02115,CHHATTISGARH,Janjgir-Champa,Baloda,Sattigudi,436724.0,Railway,National Highways Act 1956,46.07,67,97,30,20,24,14,1,208554600,147855000,60699600,14289000,12088400,0.6375,Scrutiny,183,0.0043,0,SYNTHETIC_DEMO,Prototype-only synthetic acquisition record linked to a real Survey of India village boundary; not a government acquisition record.
SYN-ACQ-02116,SYN-PROJ-02116,CHHATTISGARH,Gariyaband,Amlipadar,Dhodara,445512.0,Urban Infrastructure,RFCTLARR Act 2013,51.33,188,68,5,5,0,0,0,464418900,439686100,24732800,3876300,2170200,0.5528,Award,381,0.0,0,SYNTHETIC_DEMO,Prototype-only synthetic acquisition record linked to a real Survey of India village boundary; not a government acquisition record.
SYN-ACQ-02117,SYN-PROJ-02117,CHHATTISGARH,Bemetara,Devkar,Mohgaon,442129.0,Railway,Other applicable statute,3.96,181,52,6,6,15,12,0,27820500,27770500,49900,5048900,2728500,0.6984,Proposal,369,0.0503,0,SYNTHETIC_DEMO,Prototype-only synthetic acquisition record linked to a real Survey of India village boundary; not a government acquisition record.
SYN-ACQ-02118,SYN-PROJ-02118,CHHATTISGARH,Bastar,Karpawand,Satosa,449404.0,Industrial Corridor,National Highways Act 1956,55.84,140,17,8,8,3,2,0,298828500,263040800,35787700,6221200,4927200,0.9399,Objection/Hearing,313,0.0,0,SYNTHETIC_DEMO,Prototype-only synthetic acquisition record linked to a real Survey of India village boundary; not a government acquisition record.
SYN-ACQ-02119,SYN-PROJ-02119,CHHATTISGARH,Durg,Patan,Fekari,442695.0,Railway,Other applicable statute,28.63,44,160,25,25,17,15,1,87330900,63920500,23410400,5394200,4806300,0.8745,Objection/Hearing,324,0.028,0,SYNTHETIC_DEMO,Prototype-only synthetic acquisition record linked to a real Survey of India village boundary; not a government acquisition record.
SYN-ACQ-02120,SYN-PROJ-02120,CHHATTISGARH,Bastar,Lohandiguda,Barchhepal,449213.0,Railway,RFCTLARR Act 2013,51.61,155,29,3,3,6,3,0,343183500,191999700,151183800,587800,474400,0.818,Completed,430,0.1734,0,SYNTHETIC_DEMO,Prototype-only synthetic acquisition record linked to a real Survey of India village boundary; not a government acquisition record.
SYN-ACQ-02121,SYN-PROJ-02121,CHHATTISGARH,Janjgir-Champa,Pamgarh,Mekri,437051.0,Irrigation,National Highways Act 1956,54.54,187,120,9,9,29,22,3,374998100,283312700,91685400,5372300,4260900,0.8114,Notification,477,0.2597,0,SYNTHETIC_DEMO,Prototype-only synthetic acquisition record linked to a real Survey of India village boundary; not a government acquisition record.
SYN-ACQ-02122,SYN-PROJ-02122,CHHATTISGARH,Sukma,Chhindgarh,FOREST,51.0,Urban Infrastructure,National Highways Act 1956,61.44,45,125,5,5,13,10,1,489921000,449383100,40537900,1221400,1127200,0.5959,Notification,688,0.2957,0,SYNTHETIC_DEMO,Prototype-only synthetic acquisition record linked to a real Survey of India village boundary; not a government acquisition record.
SYN-ACQ-02123,SYN-PROJ-02123,CHHATTISGARH,Bijapur,Bhairamgarh,Degmeta,451342.0,Power Transmission,National Highways Act 1956,1.57,68,85,8,8,22,9,2,20412200,19865100,547100,3823500,2685900,0.8719,R&R,279,0.0441,0,SYNTHETIC_DEMO,Prototype-only synthetic acquisition record linked to a real Survey of India village boundary; not a government acquisition record.
SYN-ACQ-02124,SYN-PROJ-02124,CHHATTISGARH,Khairagarh-Chhuikhadan-Gandai,Chhuikhadan,Rampur Nawagaon,440283.0,Irrigation,Other applicable statute,11.19,94,68,5,5,3,2,0,68234200,60954300,7279900,1936600,1756900,0.9687,Award,154,0.0,0,SYNTHETIC_DEMO,Prototype-only synthetic acquisition record linked to a real Survey of India village boundary; not a government acquisition record.
SYN-ACQ-02125,SYN-PROJ-02125,CHHATTISGARH,Mahasamund,Bagbahra,Dongripali,446757.0,Urban Infrastructure,Other applicable statute,44.94,211,93,2,2,11,10,1,137063400,100528100,36535300,1740000,1530000,0.5558,Objection/Hearing,374,0.2475,0,SYNTHETIC_DEMO,Prototype-only synthetic acquisition record linked to a real Survey of India village boundary; not a government acquisition record.
SYN-ACQ-02126,SYN-PROJ-02126,CHHATTISGARH,Khairagarh-Chhuikhadan-Gandai,Salhewara,Kansingha,440072.0,National Highway,Other applicable statute,10.9,147,58,5,5,16,10,1,51504600,50267000,1237600,1393600,708300,0.7057,Completed,262,0.0251,0,SYNTHETIC_DEMO,Prototype-only synthetic acquisition record linked to a real Survey of India village boundary; not a government acquisition record.
SYN-ACQ-02127,SYN-PROJ-02127,CHHATTISGARH,Bemetara,Nandghat,Binaika,441835.0,Industrial Corridor,Other applicable statute,3.57,137,158,20,4,28,14,2,65274600,30825900,34448700,15910200,14102100,0.9597,Notification,365,0.2081,0,SYNTHETIC_DEMO,Prototype-only synthetic acquisition record linked to a real Survey of India village boundary; not a government acquisition record.
SYN-ACQ-02128,SYN-PROJ-02128,CHHATTISGARH,Surguja,Lakhanpur,Turna,433096.0,Urban Infrastructure,Railways Act 1989,71.17,63,170,63,19,30,17,1,483537800,405061100,78476700,27362200,25855000,0.7342,Possession,386,0.3246,0,SYNTHETIC_DEMO,Prototype-only synthetic acquisition record linked to a real Survey of India village boundary; not a government acquisition record.
SYN-ACQ-02129,SYN-PROJ-02129,CHHATTISGARH,Dhamtari,Belargaon,Gorsanala,447384.0,Urban Infrastructure,Railways Act 1989,10.21,42,50,13,0,8,7,0,49179400,42754000,6425500,2277100,1462900,0.7667,Possession,527,0.1961,0,SYNTHETIC_DEMO,Prototype-only synthetic acquisition record linked to a real Survey of India village boundary; not a government acquisition record.
SYN-ACQ-02130,SYN-PROJ-02130,CHHATTISGARH,Dhamtari,Dhamtari,Dhamtari (M.Corp.),447172.0,National Highway,National Highways Act 1956,63.9,117,142,18,18,48,33,9,145236300,107821700,37414600,15838200,7098500,0.9432,Completed,440,0.2546,0,SYNTHETIC_DEMO,Prototype-only synthetic acquisition record linked to a real Survey of India village boundary; not a government acquisition record.
SYN-ACQ-02131,SYN-PROJ-02131,CHHATTISGARH,Mohla-Manpur-Ambagarh Chouki,Mohla,Korba,441367.0,Urban Infrastructure,Other applicable statute,51.04,26,37,8,8,2,1,0,122096500,79912700,42183800,3630500,3630500,0.7712,Scrutiny,323,0.2875,0,SYNTHETIC_DEMO,Prototype-only synthetic acquisition record linked to a real Survey of India village boundary; not a government acquisition record.
SYN-ACQ-02132,SYN-PROJ-02132,CHHATTISGARH,Sukma,Jagargunda,Chimlilava,450289.0,Irrigation,Other applicable statute,16.27,159,159,5,0,27,25,4,167511400,117590400,49920900,2852000,2297000,0.7188,Objection/Hearing,336,0.1944,0,SYNTHETIC_DEMO,Prototype-only synthetic acquisition record linked to a real Survey of India village boundary; not a government acquisition record.
SYN-ACQ-02133,SYN-PROJ-02133,CHHATTISGARH,Uttar Bastar Kanker,Charama,FOREST,51.0,Irrigation,RFCTLARR Act 2013,48.57,190,5,2,2,2,1,0,191865300,159161400,32704000,1612800,1242900,0.7703,Proposal,358,0.1907,0,SYNTHETIC_DEMO,Prototype-only synthetic acquisition record linked to a real Survey of India village boundary; not a government acquisition record.
SYN-ACQ-02134,SYN-PROJ-02134,CHHATTISGARH,Korba,Barpali,Kharharkuda,436467.0,Urban Infrastructure,RFCTLARR Act 2013,52.96,167,23,4,4,6,5,1,426236000,216993600,209242400,3396700,2397500,0.9309,Possession,485,0.1542,0,SYNTHETIC_DEMO,Prototype-only synthetic acquisition record linked to a real Survey of India village boundary; not a government acquisition record.
SYN-ACQ-02135,SYN-PROJ-02135,CHHATTISGARH,Mahasamund,Bagbahra,Salhebhantha,446709.0,Power Transmission,National Highways Act 1956,46.33,22,171,12,12,16,13,0,168352300,121154900,47197400,6376300,4527500,0.761,Notification,361,0.1961,0,SYNTHETIC_DEMO,Prototype-only synthetic acquisition record linked to a real Survey of India village boundary; not a government acquisition record.
SYN-ACQ-02136,SYN-PROJ-02136,CHHATTISGARH,Raigarh,Pusour,Sodekela,435060.0,Industrial Corridor,Railways Act 1989,41.18,156,155,53,25,45,22,4,192183200,103046600,89136600,33129100,18922000,0.6123,Award,276,0.2637,0,SYNTHETIC_DEMO,Prototype-only synthetic acquisition record linked to a real Survey of India village boundary; not a government acquisition record.
SYN-ACQ-02137,SYN-PROJ-02137,CHHATTISGARH,Balod,Daundilohara,FOREST,51.0,Railway,RFCTLARR Act 2013,10.0,4,21,6,6,5,2,0,95537500,48214600,47322800,3692900,2292400,0.9952,Proposal,473,0.2684,0,SYNTHETIC_DEMO,Prototype-only synthetic acquisition record linked to a real Survey of India village boundary; not a government acquisition record.
SYN-ACQ-02138,SYN-PROJ-02138,CHHATTISGARH,Mungeli,Pathariya,Kapua,438410.0,Industrial Corridor,RFCTLARR Act 2013,74.34,51,107,36,36,27,26,0,355750700,246689700,109061000,19539400,8781500,0.7504,Possession,926,0.499,0,SYNTHETIC_DEMO,Prototype-only synthetic acquisition record linked to a real Survey of India village boundary; not a government acquisition record.
SYN-ACQ-02139,SYN-PROJ-02139,CHHATTISGARH,Surguja,Darima,Amadarha,433010.0,Irrigation,Railways Act 1989,2.24,43,167,74,13,49,38,2,32196700,29102500,3094300,30085100,13137900,0.9152,Completed,271,0.163,0,SYNTHETIC_DEMO,Prototype-only synthetic acquisition record linked to a real Survey of India village boundary; not a government acquisition record.
SYN-ACQ-02140,SYN-PROJ-02140,CHHATTISGARH,Kondagaon,Dhanora,Mode Bedma,448976.0,Railway,National Highways Act 1956,29.75,191,149,58,12,49,39,5,196323500,139022300,57301200,16307100,14020900,0.7034,Scrutiny,553,0.3788,0,SYNTHETIC_DEMO,Prototype-only synthetic acquisition record linked to a real Survey of India village boundary; not a government acquisition record.
SYN-ACQ-02141,SYN-PROJ-02141,CHHATTISGARH,Kabeerdham,Bodla,Bahanakhodara,439423.0,Power Transmission,Railways Act 1989,1.78,72,130,41,28,9,4,0,38755400,25270500,13484900,34823000,20138300,0.925,Proposal,90,0.0,0,SYNTHETIC_DEMO,Prototype-only synthetic acquisition record linked to a real Survey of India village boundary; not a government acquisition record.
SYN-ACQ-02142,SYN-PROJ-02142,CHHATTISGARH,Bastar,Lohandiguda,Badanji,449237.0,Urban Infrastructure,National Highways Act 1956,11.2,196,75,11,7,6,4,0,96598800,46794300,49804500,8628600,8628600,0.9757,Proposal,477,0.1808,0,SYNTHETIC_DEMO,Prototype-only synthetic acquisition record linked to a real Survey of India village boundary; not a government acquisition record.
SYN-ACQ-02143,SYN-PROJ-02143,CHHATTISGARH,Korba,Barpali,Tuman,436485.0,Power Transmission,RFCTLARR Act 2013,26.44,92,60,19,1,17,10,0,226350800,143427300,82923500,16533100,16533100,0.7387,Award,650,0.4424,0,SYNTHETIC_DEMO,Prototype-only synthetic acquisition record linked to a real Survey of India village boundary; not a government acquisition record.
SYN-ACQ-02144,SYN-PROJ-02144,CHHATTISGARH,Sarangarh-Bilaigarh,Sariya,Vishvaspur,435570.0,Railway,RFCTLARR Act 2013,73.23,210,163,39,39,34,17,1,710211400,481415400,228796100,17830000,13814500,0.6566,Compensation,482,0.3435,0,SYNTHETIC_DEMO,Prototype-only synthetic acquisition record linked to a real Survey of India village boundary; not a government acquisition record.
SYN-ACQ-02145,SYN-PROJ-02145,CHHATTISGARH,Janjgir-Champa,Janjgir,Dharashiv,436576.0,National Highway,RFCTLARR Act 2013,53.53,26,13,5,5,2,0,0,218963700,218921900,41800,2557400,2378500,0.849,Completed,423,0.1914,0,SYNTHETIC_DEMO,Prototype-only synthetic acquisition record linked to a real Survey of India village boundary; not a government acquisition record.
SYN-ACQ-02146,SYN-PROJ-02146,CHHATTISGARH,Narayanpur,Narayanpur,Terdul,449683.0,Industrial Corridor,RFCTLARR Act 2013,10.98,162,55,26,26,14,9,0,100202300,99363900,838400,5875200,3357300,0.5631,GIS Verification,673,0.3032,0,SYNTHETIC_DEMO,Prototype-only synthetic acquisition record linked to a real Survey of India village boundary; not a government acquisition record.
SYN-ACQ-02147,SYN-PROJ-02147,CHHATTISGARH,Gariyaband,Chhura,Kurud,445264.0,Industrial Corridor,Other applicable statute,58.01,17,87,24,10,22,17,2,179144200,100872600,78271700,9061700,3144000,0.5915,Completed,537,0.2283,0,SYNTHETIC_DEMO,Prototype-only synthetic acquisition record linked to a real Survey of India village boundary; not a government acquisition record.
SYN-ACQ-02148,SYN-PROJ-02148,CHHATTISGARH,Jashpur,Kansabel,FOREST,51.0,Power Transmission,RFCTLARR Act 2013,14.55,46,82,21,17,8,5,0,166103100,107585100,58518000,12614200,11616500,0.7935,R&R,424,0.1621,0,SYNTHETIC_DEMO,Prototype-only synthetic acquisition record linked to a real Survey of India village boundary; not a government acquisition record.
SYN-ACQ-02149,SYN-PROJ-02149,CHHATTISGARH,Balodabazar-Bhatapara,Palari,Aurasi,443862.0,Industrial Corridor,National Highways Act 1956,45.16,6,43,14,14,16,10,1,432267800,305751800,126516000,3794500,1739500,0.6956,GIS Verification,514,0.3863,0,SYNTHETIC_DEMO,Prototype-only synthetic acquisition record linked to a real Survey of India village boundary; not a government acquisition record.
SYN-ACQ-02150,SYN-PROJ-02150,CHHATTISGARH,Balod,Daundi,Kurubhat,443258.0,Irrigation,Other applicable statute,69.01,202,134,44,12,44,23,2,453414300,286020700,167393500,24873400,12742000,0.6484,Notification,475,0.2721,0,SYNTHETIC_DEMO,Prototype-only synthetic acquisition record linked to a real Survey of India village boundary; not a government acquisition record.
SYN-ACQ-02151,SYN-PROJ-02151,CHHATTISGARH,Balrampur-Ramanujganj,Daura-Kochali,FOREST,51.0,Railway,Railways Act 1989,12.71,196,146,16,10,46,44,1,142938800,17846100,125092700,3357100,1322500,0.8771,Notification,569,0.3948,0,SYNTHETIC_DEMO,Prototype-only synthetic acquisition record linked to a real Survey of India village boundary; not a government acquisition record.
SYN-ACQ-02152,SYN-PROJ-02152,CHHATTISGARH,Mahasamund,Saraipali,Ghunchapali,446075.0,Irrigation,RFCTLARR Act 2013,32.84,215,64,3,3,14,9,2,91890700,71761900,20128800,1806100,954600,0.8588,Objection/Hearing,471,0.241,0,SYNTHETIC_DEMO,Prototype-only synthetic acquisition record linked to a real Survey of India village boundary; not a government acquisition record.
SYN-ACQ-02153,SYN-PROJ-02153,CHHATTISGARH,Sarangarh-Bilaigarh,Sariya,Bargaon,435574.0,Railway,National Highways Act 1956,8.65,105,83,11,11,4,3,0,35106200,30086200,5020100,4466100,3875500,0.9252,R&R,287,0.0,0,SYNTHETIC_DEMO,Prototype-only synthetic acquisition record linked to a real Survey of India village boundary; not a government acquisition record.
SYN-ACQ-02154,SYN-PROJ-02154,CHHATTISGARH,Jashpur,Duldula,Paguratangar,434099.0,National Highway,National Highways Act 1956,45.9,215,168,55,27,35,19,4,383749100,353485300,30263800,48237900,28834600,0.8126,Completed,600,0.3356,0,SYNTHETIC_DEMO,Prototype-only synthetic acquisition record linked to a real Survey of India village boundary; not a government acquisition record.
SYN-ACQ-02155,SYN-PROJ-02155,CHHATTISGARH,Balrampur-Ramanujganj,Shankargarh,Patana,432405.0,National Highway,Other applicable statute,5.83,26,10,5,5,1,0,0,49699300,33060800,16638600,2486500,1661900,0.7261,Award,512,0.1765,0,SYNTHETIC_DEMO,Prototype-only synthetic acquisition record linked to a real Survey of India village boundary; not a government acquisition record.
SYN-ACQ-02156,SYN-PROJ-02156,CHHATTISGARH,Kondagaon,Dhanora,Binjhe,448505.0,Irrigation,National Highways Act 1956,13.69,168,31,10,10,8,4,0,82165800,55858500,26307300,2173400,1110700,0.9053,Compensation,408,0.3428,0,SYNTHETIC_DEMO,Prototype-only synthetic acquisition record linked to a real Survey of India village boundary; not a government acquisition record.
SYN-ACQ-02157,SYN-PROJ-02157,CHHATTISGARH,Balod,Gunderdehi,Masul,442891.0,National Highway,Railways Act 1989,7.48,192,76,34,34,15,9,1,51555700,40835800,10719900,28665000,23475100,0.8563,Award,417,0.2132,0,SYNTHETIC_DEMO,Prototype-only synthetic acquisition record linked to a real Survey of India village boundary; not a government acquisition record.
SYN-ACQ-02158,SYN-PROJ-02158,CHHATTISGARH,Bastar,Tokapal,Chhote Parakot,449565.0,National Highway,National Highways Act 1956,44.07,166,69,11,10,13,12,0,276398400,276398400,0,6326100,5438100,0.8875,Proposal,375,0.1465,0,SYNTHETIC_DEMO,Prototype-only synthetic acquisition record linked to a real Survey of India village boundary; not a government acquisition record.
SYN-ACQ-02159,SYN-PROJ-02159,CHHATTISGARH,Kondagaon,Dhanora,Kakodajaganar,448968.0,Urban Infrastructure,National Highways Act 1956,48.65,163,84,6,6,25,19,2,408058800,291859000,116199900,1542800,1176600,0.9157,Completed,335,0.08,0,SYNTHETIC_DEMO,Prototype-only synthetic acquisition record linked to a real Survey of India village boundary; not a government acquisition record.
SYN-ACQ-02160,SYN-PROJ-02160,CHHATTISGARH,Mungeli,Lormi,Chhindpura,437658.0,Industrial Corridor,Railways Act 1989,74.91,200,65,14,14,21,12,1,252597600,200242400,52355200,3227600,1473500,0.9465,Compensation,628,0.2893,0,SYNTHETIC_DEMO,Prototype-only synthetic acquisition record linked to a real Survey of India village boundary; not a government acquisition record.
SYN-ACQ-02161,SYN-PROJ-02161,CHHATTISGARH,Kabeerdham,Pipariya,Anchhi,439066.0,Irrigation,Other applicable statute,37.4,21,85,26,7,25,11,0,307139000,153729200,153409800,16447900,13674800,0.5965,Objection/Hearing,852,0.5483,0,SYNTHETIC_DEMO,Prototype-only synthetic acquisition record linked to a real Survey of India village boundary; not a government acquisition record.
SYN-ACQ-02162,SYN-PROJ-02162,CHHATTISGARH,Sukma,Konta,Durma,450526.0,Railway,RFCTLARR Act 2013,61.3,70,147,35,17,39,29,1,170366300,136778100,33588200,26481300,13565000,0.6355,Compensation,337,0.2207,0,SYNTHETIC_DEMO,Prototype-only synthetic acquisition record linked to a real Survey of India village boundary; not a government acquisition record.
SYN-ACQ-02163,SYN-PROJ-02163,CHHATTISGARH,Korba,Barpali,Budhiyapali,436457.0,Power Transmission,National Highways Act 1956,56.88,178,82,27,27,22,20,1,561198100,239316900,321881200,6786100,5508500,0.6661,R&R,641,0.4681,0,SYNTHETIC_DEMO,Prototype-only synthetic acquisition record linked to a real Survey of India village boundary; not a government acquisition record.
SYN-ACQ-02164,SYN-PROJ-02164,CHHATTISGARH,Kabeerdham,Kukdur,Bhoitola,439814.0,Power Transmission,Railways Act 1989,17.51,82,31,11,11,0,0,0,85820400,73180100,12640300,6410100,4523600,0.9255,Proposal,507,0.2816,0,SYNTHETIC_DEMO,Prototype-only synthetic acquisition record linked to a real Survey of India village boundary; not a government acquisition record.
SYN-ACQ-02165,SYN-PROJ-02165,CHHATTISGARH,Bemetara,Saja,Beeja,442075.0,Irrigation,Other applicable statute,15.9,54,86,15,15,21,13,0,108067900,46541500,61526400,8402800,4777800,0.5995,Notification,516,0.4016,0,SYNTHETIC_DEMO,Prototype-only synthetic acquisition record linked to a real Survey of India village boundary; not a government acquisition record.
SYN-ACQ-02166,SYN-PROJ-02166,CHHATTISGARH,Surguja,Lundra,Sayarrai,433395.0,Power Transmission,Railways Act 1989,15.78,136,155,46,23,45,31,3,197983900,197983900,0,8684100,5674400,0.8564,Scrutiny,706,0.3358,0,SYNTHETIC_DEMO,Prototype-only synthetic acquisition record linked to a real Survey of India village boundary; not a government acquisition record.
SYN-ACQ-02167,SYN-PROJ-02167,CHHATTISGARH,Korea,Baikunthpur,Cherwapara,431388.0,Irrigation,RFCTLARR Act 2013,71.05,5,142,29,29,30,23,2,419416300,386375100,33041100,17389900,8591700,0.5899,GIS Verification,206,0.1242,0,SYNTHETIC_DEMO,Prototype-only synthetic acquisition record linked to a real Survey of India village boundary; not a government acquisition record.
SYN-ACQ-02168,SYN-PROJ-02168,CHHATTISGARH,Rajnandgaon,Chhuriya,Bamhni Charbhatha,440943.0,Industrial Corridor,RFCTLARR Act 2013,45.55,129,105,15,7,27,14,1,276083600,126495400,149588200,5367200,2912800,0.8959,Completed,502,0.0656,0,SYNTHETIC_DEMO,Prototype-only synthetic acquisition record linked to a real Survey of India village boundary; not a government acquisition record.
SYN-ACQ-02169,SYN-PROJ-02169,CHHATTISGARH,Balod,Daundi,Bhimatola,443293.0,Power Transmission,Railways Act 1989,33.43,145,149,27,19,14,9,3,230171700,162970700,67201000,6930300,5381500,0.7447,Compensation,510,0.3907,0,SYNTHETIC_DEMO,Prototype-only synthetic acquisition record linked to a real Survey of India village boundary; not a government acquisition record.
SYN-ACQ-02170,SYN-PROJ-02170,CHHATTISGARH,Khairagarh-Chhuikhadan-Gandai,Salhewara,Pandripani,440076.0,National Highway,Other applicable statute,35.77,124,152,39,33,4,1,1,330231300,330231300,0,27727400,25556900,0.6695,R&R,398,0.1606,0,SYNTHETIC_DEMO,Prototype-only synthetic acquisition record linked to a real Survey of India village boundary; not a government acquisition record.
SYN-ACQ-02171,SYN-PROJ-02171,CHHATTISGARH,Surajpur,Odgi,Saraidih,432694.0,Industrial Corridor,Railways Act 1989,9.95,158,106,31,8,19,10,1,69192800,69192800,0,17937200,5349700,0.7421,Possession,492,0.0957,0,SYNTHETIC_DEMO,Prototype-only synthetic acquisition record linked to a real Survey of India village boundary; not a government acquisition record.
SYN-ACQ-02172,SYN-PROJ-02172,CHHATTISGARH,Mohla-Manpur-Ambagarh Chouki,Khadgaon,Bhadur,441400.0,Industrial Corridor,Other applicable statute,58.78,115,126,29,22,20,17,2,211472800,144201200,67271600,20701600,9741900,0.9454,R&R,401,0.1678,0,SYNTHETIC_DEMO,Prototype-only synthetic acquisition record linked to a real Survey of India village boundary; not a government acquisition record.
SYN-ACQ-02173,SYN-PROJ-02173,CHHATTISGARH,Manendragarh-Chirmiri-Bharatpur (MCB),Khadganva,Chhote Kaluwa,431761.0,National Highway,National Highways Act 1956,12.56,135,92,39,28,27,24,0,39987700,16526900,23460800,8781700,5830800,0.925,Notification,532,0.3104,0,SYNTHETIC_DEMO,Prototype-only synthetic acquisition record linked to a real Survey of India village boundary; not a government acquisition record.
SYN-ACQ-02174,SYN-PROJ-02174,CHHATTISGARH,Narayanpur,Kohkameta,Biruler,449894.0,Railway,RFCTLARR Act 2013,1.0,47,142,37,25,24,19,0,17235300,11381700,5853600,32622700,8896200,0.577,Completed,317,0.1828,0,SYNTHETIC_DEMO,Prototype-only synthetic acquisition record linked to a real Survey of India village boundary; not a government acquisition record.
SYN-ACQ-02175,SYN-PROJ-02175,CHHATTISGARH,Surajpur,Ramanujnagar,Ramtirth,432875.0,Power Transmission,National Highways Act 1956,18.03,173,78,28,23,6,3,0,68088500,43898600,24189900,8485400,4070100,0.9029,Scrutiny,286,0.1397,0,SYNTHETIC_DEMO,Prototype-only synthetic acquisition record linked to a real Survey of India village boundary; not a government acquisition record.
SYN-ACQ-02176,SYN-PROJ-02176,CHHATTISGARH,Bijapur,Gangaloor,Bodla Pusnar,451076.0,Urban Infrastructure,RFCTLARR Act 2013,29.4,89,59,22,22,20,12,1,155379700,155379700,0,15712000,11694500,0.9538,Objection/Hearing,157,0.0675,0,SYNTHETIC_DEMO,Prototype-only synthetic acquisition record linked to a real Survey of India village boundary; not a government acquisition record.
SYN-ACQ-02177,SYN-PROJ-02177,CHHATTISGARH,Gariyaband,Amlipadar,Ghumrapadar,445445.0,Railway,RFCTLARR Act 2013,38.83,76,143,4,2,14,5,6,225507300,160865300,64642000,3310500,993900,0.8164,Award,449,0.2138,0,SYNTHETIC_DEMO,Prototype-only synthetic acquisition record linked to a real Survey of India village boundary; not a government acquisition record.
SYN-ACQ-02178,SYN-PROJ-02178,CHHATTISGARH,Dhamtari,Kukrel,Salhebhath,447176.0,Irrigation,Other applicable statute,70.38,129,48,21,21,12,10,1,212284100,139745500,72538700,11248200,6613100,0.8962,Notification,779,0.4127,0,SYNTHETIC_DEMO,Prototype-only synthetic acquisition record linked to a real Survey of India village boundary; not a government acquisition record.
SYN-ACQ-02179,SYN-PROJ-02179,CHHATTISGARH,Raigarh,Dharamjaigarh,Newar,434351.0,Irrigation,Railways Act 1989,22.0,27,177,34,0,4,2,0,153251400,107090900,46160500,10276500,6279900,0.8855,Compensation,569,0.2929,0,SYNTHETIC_DEMO,Prototype-only synthetic acquisition record linked to a real Survey of India village boundary; not a government acquisition record.
SYN-ACQ-02180,SYN-PROJ-02180,CHHATTISGARH,Raigarh,Chhal,Gerwani,434480.0,Power Transmission,National Highways Act 1956,30.75,68,64,10,10,5,2,0,275961800,169853000,106108800,4906300,4135900,0.8977,Award,442,0.1094,0,SYNTHETIC_DEMO,Prototype-only synthetic acquisition record linked to a real Survey of India village boundary; not a government acquisition record.
SYN-ACQ-02181,SYN-PROJ-02181,CHHATTISGARH,Kondagaon,Makdi,Sandsa,448875.0,National Highway,RFCTLARR Act 2013,27.97,73,7,3,3,1,0,0,111911000,72330700,39580300,2658600,1078300,0.9404,Possession,335,0.1411,0,SYNTHETIC_DEMO,Prototype-only synthetic acquisition record linked to a real Survey of India village boundary; not a government acquisition record.
SYN-ACQ-02182,SYN-PROJ-02182,CHHATTISGARH,Korba,Darri,Dhanras,435876.0,Railway,Other applicable statute,30.64,167,38,1,1,15,6,0,225637900,158364600,67273300,456600,250000,0.8104,R&R,381,0.1126,0,SYNTHETIC_DEMO,Prototype-only synthetic acquisition record linked to a real Survey of India village boundary; not a government acquisition record.
SYN-ACQ-02183,SYN-PROJ-02183,CHHATTISGARH,Bilaspur,Beltara,FOREST,51.0,Power Transmission,RFCTLARR Act 2013,54.58,10,94,11,11,5,2,0,129149200,112898900,16250300,9778900,5327600,0.7703,Possession,313,0.0947,0,SYNTHETIC_DEMO,Prototype-only synthetic acquisition record linked to a real Survey of India village boundary; not a government acquisition record.
SYN-ACQ-02184,SYN-PROJ-02184,CHHATTISGARH,Mahasamund,Bagbahra,Gadaghat,446735.0,National Highway,RFCTLARR Act 2013,13.3,19,113,25,24,25,12,2,86586400,72626000,13960400,12835100,8705300,0.6632,Award,584,0.2317,0,SYNTHETIC_DEMO,Prototype-only synthetic acquisition record linked to a real Survey of India village boundary; not a government acquisition record.
SYN-ACQ-02185,SYN-PROJ-02185,CHHATTISGARH,Balodabazar-Bhatapara,Sonakhan,FOREST,51.0,National Highway,Other applicable statute,25.53,23,49,25,8,12,10,0,213733300,120976900,92756500,15381900,9457600,0.5819,Scrutiny,294,0.3205,0,SYNTHETIC_DEMO,Prototype-only synthetic acquisition record linked to a real Survey of India village boundary; not a government acquisition record.
SYN-ACQ-02186,SYN-PROJ-02186,CHHATTISGARH,Rajnandgaon,Dongargaon,Mohad,441152.0,Irrigation,National Highways Act 1956,34.02,170,39,12,12,12,8,2,232006800,147013300,84993500,8453100,4626200,0.8521,Notification,473,0.1302,0,SYNTHETIC_DEMO,Prototype-only synthetic acquisition record linked to a real Survey of India village boundary; not a government acquisition record.
SYN-ACQ-02187,SYN-PROJ-02187,CHHATTISGARH,Kabeerdham,Kunda,Nawagaon Khagesh,440004.0,National Highway,National Highways Act 1956,35.39,8,126,3,3,35,21,2,345032500,150564800,194467700,2587000,2587000,0.6295,Compensation,688,0.4494,0,SYNTHETIC_DEMO,Prototype-only synthetic acquisition record linked to a real Survey of India village boundary; not a government acquisition record.
SYN-ACQ-02188,SYN-PROJ-02188,CHHATTISGARH,Durg,Patan,Temri,442756.0,Railway,Other applicable statute,67.49,109,177,28,28,36,27,1,434047100,320683200,113364000,16327400,15790300,0.878,Possession,605,0.2387,0,SYNTHETIC_DEMO,Prototype-only synthetic acquisition record linked to a real Survey of India village boundary; not a government acquisition record.
SYN-ACQ-02189,SYN-PROJ-02189,CHHATTISGARH,Gariyaband,Amlipadar,Phalsapara,445448.0,Industrial Corridor,RFCTLARR Act 2013,69.26,112,37,17,5,5,4,0,334503900,308799200,25704700,12366900,9290100,0.9765,Compensation,346,0.1409,0,SYNTHETIC_DEMO,Prototype-only synthetic acquisition record linked to a real Survey of India village boundary; not a government acquisition record.
SYN-ACQ-02190,SYN-PROJ-02190,CHHATTISGARH,Gariyaband,Amlipadar,Dhanora,445447.0,Urban Infrastructure,RFCTLARR Act 2013,56.71,41,163,68,2,47,24,4,187130300,185941400,1189000,16952500,9475500,0.9785,R&R,514,0.2572,0,SYNTHETIC_DEMO,Prototype-only synthetic acquisition record linked to a real Survey of India village boundary; not a government acquisition record.
SYN-ACQ-02191,SYN-PROJ-02191,CHHATTISGARH,Uttar Bastar Kanker,Pakhanjur,Nahgeeda,448238.0,National Highway,National Highways Act 1956,39.37,181,96,1,1,6,4,0,297104600,180331800,116772800,586900,445200,0.9015,Award,315,0.0694,0,SYNTHETIC_DEMO,Prototype-only synthetic acquisition record linked to a real Survey of India village boundary; not a government acquisition record.
SYN-ACQ-02192,SYN-PROJ-02192,CHHATTISGARH,Durg,Patan,Bodal,442688.0,Power Transmission,Other applicable statute,26.94,53,42,7,7,2,1,0,172190100,172190100,0,3775400,1246600,0.975,Possession,198,0.0217,0,SYNTHETIC_DEMO,Prototype-only synthetic acquisition record linked to a real Survey of India village boundary; not a government acquisition record.
SYN-ACQ-02193,SYN-PROJ-02193,CHHATTISGARH,Bijapur,Bhairamgarh,Darapal,451313.0,Irrigation,Other applicable statute,2.68,168,53,24,15,11,5,0,33276200,16575900,16700300,8531700,8340700,0.6588,Award,763,0.3184,0,SYNTHETIC_DEMO,Prototype-only synthetic acquisition record linked to a real Survey of India village boundary; not a government acquisition record.
SYN-ACQ-02194,SYN-PROJ-02194,CHHATTISGARH,Mohla-Manpur-Ambagarh Chouki,Aundhi,Sitagaon,441479.0,Industrial Corridor,RFCTLARR Act 2013,30.06,179,147,38,13,30,16,4,119266200,100465600,18800600,12800900,4548300,0.7728,Compensation,228,0.0898,0,SYNTHETIC_DEMO,Prototype-only synthetic acquisition record linked to a real Survey of India village boundary; not a government acquisition record.
SYN-ACQ-02195,SYN-PROJ-02195,CHHATTISGARH,Dhamtari,Magarlod,Tendubhatha,446975.0,National Highway,RFCTLARR Act 2013,51.51,15,50,20,20,5,2,1,227466800,159582100,67884700,7407700,5336800,0.9006,GIS Verification,411,0.1187,0,SYNTHETIC_DEMO,Prototype-only synthetic acquisition record linked to a real Survey of India village boundary; not a government acquisition record.
SYN-ACQ-02196,SYN-PROJ-02196,CHHATTISGARH,Surguja,Batouli,Bhatko,433537.0,Industrial Corridor,RFCTLARR Act 2013,4.13,92,7,2,2,0,0,0,29930900,21834400,8096500,535200,532500,0.7911,Possession,361,0.0803,0,SYNTHETIC_DEMO,Prototype-only synthetic acquisition record linked to a real Survey of India village boundary; not a government acquisition record.
SYN-ACQ-02197,SYN-PROJ-02197,CHHATTISGARH,Rajnandgaon,Lal Bahadur Nagar,Kothitola,440640.0,Irrigation,Railways Act 1989,35.57,131,47,12,12,8,7,0,268616600,122396800,146219700,4084700,2274600,0.8862,Scrutiny,590,0.1919,0,SYNTHETIC_DEMO,Prototype-only synthetic acquisition record linked to a real Survey of India village boundary; not a government acquisition record.
SYN-ACQ-02198,SYN-PROJ-02198,CHHATTISGARH,Balrampur-Ramanujganj,Balrampur,Surra,432036.0,National Highway,RFCTLARR Act 2013,39.82,125,99,22,14,30,23,3,397639900,285515800,112124000,16470900,14576100,0.7249,Award,555,0.217,0,SYNTHETIC_DEMO,Prototype-only synthetic acquisition record linked to a real Survey of India village boundary; not a government acquisition record.
SYN-ACQ-02199,SYN-PROJ-02199,CHHATTISGARH,Uttar Bastar Kanker,Antagarh,Murpal,448091.0,Irrigation,Other applicable statute,30.63,139,8,4,4,3,1,0,173210200,146400500,26809800,1354400,602800,0.6378,Possession,661,0.2254,0,SYNTHETIC_DEMO,Prototype-only synthetic acquisition record linked to a real Survey of India village boundary; not a government acquisition record.
SYN-ACQ-02200,SYN-PROJ-02200,CHHATTISGARH,Kondagaon,Kondagaon,Bolbola,448799.0,Urban Infrastructure,National Highways Act 1956,5.83,85,142,51,0,50,20,3,30689200,30689200,0,19475000,14685800,0.7993,Award,376,0.2948,0,SYNTHETIC_DEMO,Prototype-only synthetic acquisition record linked to a real Survey of India village boundary; not a government acquisition record.
SYN-ACQ-02201,SYN-PROJ-02201,CHHATTISGARH,Balodabazar-Bhatapara,Lavan,Ghulghul,443777.0,Industrial Corridor,Railways Act 1989,56.2,162,132,13,13,22,11,0,178312700,94409200,83903500,8068800,5813700,0.8575,Scrutiny,495,0.2875,0,SYNTHETIC_DEMO,Prototype-only synthetic acquisition record linked to a real Survey of India village boundary; not a government acquisition record.
SYN-ACQ-02202,SYN-PROJ-02202,CHHATTISGARH,Dakshin Bastar Dantewada,Dantewada,BAILADILA R.F.,51.0,Urban Infrastructure,National Highways Act 1956,66.04,92,102,52,27,33,29,2,389783400,379083800,10699600,8684100,2733800,0.9773,Notification,608,0.3044,0,SYNTHETIC_DEMO,Prototype-only synthetic acquisition record linked to a real Survey of India village boundary; not a government acquisition record.
SYN-ACQ-02203,SYN-PROJ-02203,CHHATTISGARH,Bemetara,Darhi,Semariya,441928.0,National Highway,RFCTLARR Act 2013,27.65,119,98,30,14,3,2,0,161043000,152146700,8896300,24717500,14701100,0.8377,Notification,566,0.1148,0,SYNTHETIC_DEMO,Prototype-only synthetic acquisition record linked to a real Survey of India village boundary; not a government acquisition record.
SYN-ACQ-02204,SYN-PROJ-02204,CHHATTISGARH,Bemetara,Nawagarh,Khatai,441777.0,Railway,Railways Act 1989,70.2,163,86,25,24,8,5,1,218597700,203141700,15456000,15557100,12887200,0.6785,R&R,516,0.3296,0,SYNTHETIC_DEMO,Prototype-only synthetic acquisition record linked to a real Survey of India village boundary; not a government acquisition record.
SYN-ACQ-02205,SYN-PROJ-02205,CHHATTISGARH,Kabeerdham,Pandariya,Domanpur,439872.0,National Highway,National Highways Act 1956,63.13,19,163,24,9,35,31,1,288664100,171579400,117084700,11791500,7098400,0.9604,GIS Verification,429,0.2483,0,SYNTHETIC_DEMO,Prototype-only synthetic acquisition record linked to a real Survey of India village boundary; not a government acquisition record.
SYN-ACQ-02206,SYN-PROJ-02206,CHHATTISGARH,Surguja,Lundra,Bhediya,433348.0,Irrigation,Railways Act 1989,40.18,121,42,21,0,10,9,1,325276400,117347000,207929300,9502700,6981700,0.8898,Objection/Hearing,414,0.3245,0,SYNTHETIC_DEMO,Prototype-only synthetic acquisition record linked to a real Survey of India village boundary; not a government acquisition record.
SYN-ACQ-02207,SYN-PROJ-02207,CHHATTISGARH,Uttar Bastar Kanker,Kanker,Gobardhan,447861.0,Irrigation,National Highways Act 1956,12.65,105,38,4,2,5,4,0,32307600,29058800,3248800,1008900,775900,0.6204,Completed,395,0.3804,0,SYNTHETIC_DEMO,Prototype-only synthetic acquisition record linked to a real Survey of India village boundary; not a government acquisition record.
SYN-ACQ-02208,SYN-PROJ-02208,CHHATTISGARH,Bemetara,Thankhamariya,Uraiha,442250.0,National Highway,RFCTLARR Act 2013,45.33,82,44,13,13,2,1,0,326991000,264043900,62947100,10635900,3656500,0.9806,Award,241,0.0,0,SYNTHETIC_DEMO,Prototype-only synthetic acquisition record linked to a real Survey of India village boundary; not a government acquisition record.
SYN-ACQ-02209,SYN-PROJ-02209,CHHATTISGARH,Manendragarh-Chirmiri-Bharatpur (MCB),Chirmiri,Amadand,431757.0,National Highway,RFCTLARR Act 2013,0.69,150,137,11,11,44,19,2,29156600,26969200,2187400,5615700,2685700,0.7078,Scrutiny,473,0.2812,0,SYNTHETIC_DEMO,Prototype-only synthetic acquisition record linked to a real Survey of India village boundary; not a government acquisition record.
SYN-ACQ-02210,SYN-PROJ-02210,CHHATTISGARH,Balod,Gunderdehi,Panwara,442885.0,Power Transmission,Other applicable statute,64.8,56,109,5,5,26,13,2,399806800,271707700,128099100,2865400,1216400,0.7953,Notification,468,0.2499,0,SYNTHETIC_DEMO,Prototype-only synthetic acquisition record linked to a real Survey of India village boundary; not a government acquisition record.
SYN-ACQ-02211,SYN-PROJ-02211,CHHATTISGARH,Uttar Bastar Kanker,Narharpur,FOREST,51.0,Railway,Other applicable statute,70.86,14,11,1,1,2,1,0,363635700,229568500,134067200,418900,209900,0.7598,Proposal,340,0.1312,0,SYNTHETIC_DEMO,Prototype-only synthetic acquisition record linked to a real Survey of India village boundary; not a government acquisition record.
SYN-ACQ-02212,SYN-PROJ-02212,CHHATTISGARH,Jashpur,Manora,Chadiya,433960.0,Urban Infrastructure,Other applicable statute,63.72,126,176,88,33,38,36,1,462868100,283584200,179284000,39971600,20629900,0.8621,Scrutiny,356,0.2326,0,SYNTHETIC_DEMO,Prototype-only synthetic acquisition record linked to a real Survey of India village boundary; not a government acquisition record.
SYN-ACQ-02213,SYN-PROJ-02213,CHHATTISGARH,Bemetara,Darhi,Marjadpur,441909.0,Power Transmission,RFCTLARR Act 2013,12.12,166,177,40,20,29,27,3,95510800,90300300,5210400,9892800,3677200,0.6962,Award,314,0.1594,0,SYNTHETIC_DEMO,Prototype-only synthetic acquisition record linked to a real Survey of India village boundary; not a government acquisition record.
SYN-ACQ-02214,SYN-PROJ-02214,CHHATTISGARH,Kondagaon,Dhanora,Korgaon,448507.0,Industrial Corridor,Other applicable statute,26.92,110,137,21,21,43,20,2,171348500,171348500,0,7894600,5713800,0.7181,Completed,607,0.3491,0,SYNTHETIC_DEMO,Prototype-only synthetic acquisition record linked to a real Survey of India village boundary; not a government acquisition record.
SYN-ACQ-02215,SYN-PROJ-02215,CHHATTISGARH,Jashpur,Duldula,Dharen,434083.0,Irrigation,National Highways Act 1956,59.37,217,73,20,2,11,8,2,450724400,231737300,218987100,5497800,4625500,0.7311,GIS Verification,644,0.3261,0,SYNTHETIC_DEMO,Prototype-only synthetic acquisition record linked to a real Survey of India village boundary; not a government acquisition record.
SYN-ACQ-02216,SYN-PROJ-02216,CHHATTISGARH,Kabeerdham,Pandariya,Bijaitola,439904.0,Railway,Railways Act 1989,56.22,125,175,63,0,51,25,7,470437500,149088100,321349400,21864200,18353700,0.6383,Completed,580,0.3655,0,SYNTHETIC_DEMO,Prototype-only synthetic acquisition record linked to a real Survey of India village boundary; not a government acquisition record.
SYN-ACQ-02217,SYN-PROJ-02217,CHHATTISGARH,Jashpur,Jashpur,Komdo,433850.0,Urban Infrastructure,National Highways Act 1956,45.5,25,166,13,7,66,33,14,373413700,213440800,159972900,6689700,3507900,0.5724,Award,657,0.3272,0,SYNTHETIC_DEMO,Prototype-only synthetic acquisition record linked to a real Survey of India village boundary; not a government acquisition record.
SYN-ACQ-02218,SYN-PROJ-02218,CHHATTISGARH,Mungeli,Sargaon,Mohdi,438460.0,National Highway,National Highways Act 1956,43.35,180,163,3,3,31,30,6,307032500,178073900,128958600,2669500,1457600,0.705,Compensation,435,0.2574,0,SYNTHETIC_DEMO,Prototype-only synthetic acquisition record linked to a real Survey of India village boundary; not a government acquisition record.
SYN-ACQ-02219,SYN-PROJ-02219,CHHATTISGARH,Jashpur,Manora,Mutoo,433955.0,Irrigation,Railways Act 1989,9.08,93,8,4,3,2,0,0,83081400,57253800,25827700,734700,596600,0.9617,Possession,472,0.2131,0,SYNTHETIC_DEMO,Prototype-only synthetic acquisition record linked to a real Survey of India village boundary; not a government acquisition record.
SYN-ACQ-02220,SYN-PROJ-02220,CHHATTISGARH,Khairagarh-Chhuikhadan-Gandai,Chhuikhadan,Dhodiya,440182.0,Irrigation,Railways Act 1989,32.51,94,140,56,4,17,8,5,166583800,83491100,83092600,20244500,10693700,0.6937,Objection/Hearing,368,0.2686,0,SYNTHETIC_DEMO,Prototype-only synthetic acquisition record linked to a real Survey of India village boundary; not a government acquisition record.
SYN-ACQ-02221,SYN-PROJ-02221,CHHATTISGARH,Sakti,Sakti,Basinpath,436903.0,Railway,National Highways Act 1956,6.16,171,91,27,27,19,16,0,53996900,29365200,24631700,11932200,9177300,0.7509,GIS Verification,462,0.3298,0,SYNTHETIC_DEMO,Prototype-only synthetic acquisition record linked to a real Survey of India village boundary; not a government acquisition record.
SYN-ACQ-02222,SYN-PROJ-02222,CHHATTISGARH,Raigarh,Tamnar,Amaghat,434801.0,Power Transmission,National Highways Act 1956,62.54,102,150,29,1,19,18,4,220378600,150345300,70033300,7066600,2665200,0.7114,Notification,539,0.3168,0,SYNTHETIC_DEMO,Prototype-only synthetic acquisition record linked to a real Survey of India village boundary; not a government acquisition record.
SYN-ACQ-02223,SYN-PROJ-02223,CHHATTISGARH,Raigarh,Kapu,Batati,434349.0,Urban Infrastructure,Other applicable statute,41.01,81,44,5,5,3,2,1,179417100,160900800,18516400,4295700,3401600,0.8305,Notification,390,0.2311,0,SYNTHETIC_DEMO,Prototype-only synthetic acquisition record linked to a real Survey of India village boundary; not a government acquisition record.
SYN-ACQ-02224,SYN-PROJ-02224,CHHATTISGARH,Surajpur,Latori,Majira,432509.0,Railway,National Highways Act 1956,7.27,119,5,2,2,1,0,0,16875500,10267600,6607900,488600,482800,0.6522,GIS Verification,375,0.2381,0,SYNTHETIC_DEMO,Prototype-only synthetic acquisition record linked to a real Survey of India village boundary; not a government acquisition record.
SYN-ACQ-02225,SYN-PROJ-02225,CHHATTISGARH,Rajnandgaon,Dongargaon,Bankal,441096.0,Irrigation,RFCTLARR Act 2013,22.1,13,70,5,5,1,0,0,162862400,94761100,68101300,1533100,646500,0.8578,Completed,263,0.0504,0,SYNTHETIC_DEMO,Prototype-only synthetic acquisition record linked to a real Survey of India village boundary; not a government acquisition record.
SYN-ACQ-02226,SYN-PROJ-02226,CHHATTISGARH,Korba,Poundi-Uproda,Sonpuri,436131.0,Irrigation,RFCTLARR Act 2013,34.27,141,17,7,7,5,3,0,284740700,136430100,148310600,5281500,4139800,0.5587,Award,485,0.4288,0,SYNTHETIC_DEMO,Prototype-only synthetic acquisition record linked to a real Survey of India village boundary; not a government acquisition record.
SYN-ACQ-02227,SYN-PROJ-02227,CHHATTISGARH,Mahasamund,Mahasamund,Jogidipa,446130.0,Industrial Corridor,Railways Act 1989,33.45,200,125,31,5,44,28,0,189015100,88288800,100726300,15091100,8034900,0.9598,Possession,490,0.3401,0,SYNTHETIC_DEMO,Prototype-only synthetic acquisition record linked to a real Survey of India village boundary; not a government acquisition record.
SYN-ACQ-02228,SYN-PROJ-02228,CHHATTISGARH,Mohla-Manpur-Ambagarh Chouki,Mohla,Khursipar,441242.0,Power Transmission,National Highways Act 1956,4.57,72,100,2,2,23,13,0,43057500,29883600,13173900,764100,385800,0.9563,Award,392,0.063,0,SYNTHETIC_DEMO,Prototype-only synthetic acquisition record linked to a real Survey of India village boundary; not a government acquisition record.
SYN-ACQ-02229,SYN-PROJ-02229,CHHATTISGARH,Kondagaon,Dhanora,Paroda,448973.0,Industrial Corridor,Railways Act 1989,31.65,212,26,8,8,6,2,0,180560700,130151900,50408800,3242100,2161000,0.7043,Compensation,264,0.1456,0,SYNTHETIC_DEMO,Prototype-only synthetic acquisition record linked to a real Survey of India village boundary; not a government acquisition record.
SYN-ACQ-02230,SYN-PROJ-02230,CHHATTISGARH,Kondagaon,Keshkal,Singanpur,448576.0,Urban Infrastructure,RFCTLARR Act 2013,61.53,13,175,21,21,31,13,1,563900400,462092100,101808300,8571800,3552500,0.7079,R&R,424,0.169,0,SYNTHETIC_DEMO,Prototype-only synthetic acquisition record linked to a real Survey of India village boundary; not a government acquisition record.
SYN-ACQ-02231,SYN-PROJ-02231,CHHATTISGARH,Korba,Barpali,Patiyapali,436476.0,Railway,RFCTLARR Act 2013,22.55,30,139,33,11,9,7,0,238813200,209095500,29717700,10678200,8511500,0.6051,R&R,371,0.4285,0,SYNTHETIC_DEMO,Prototype-only synthetic acquisition record linked to a real Survey of India village boundary; not a government acquisition record.
SYN-ACQ-02232,SYN-PROJ-02232,CHHATTISGARH,Sukma,Konta,Mosalmadgu,450519.0,Railway,National Highways Act 1956,7.62,12,159,65,1,10,7,1,81801500,29472900,52328600,20513400,16834000,0.6927,Completed,448,0.1277,0,SYNTHETIC_DEMO,Prototype-only synthetic acquisition record linked to a real Survey of India village boundary; not a government acquisition record.
SYN-ACQ-02233,SYN-PROJ-02233,CHHATTISGARH,Mahasamund,Pithora,Teka,446369.0,Urban Infrastructure,National Highways Act 1956,52.84,83,23,9,9,2,0,0,312487100,145505300,166981800,6328900,5033100,0.7884,Objection/Hearing,416,0.2095,0,SYNTHETIC_DEMO,Prototype-only synthetic acquisition record linked to a real Survey of India village boundary; not a government acquisition record.
SYN-ACQ-02234,SYN-PROJ-02234,CHHATTISGARH,Sarangarh-Bilaigarh,Sariya,Kudhargadi,435572.0,Industrial Corridor,Railways Act 1989,48.63,131,51,23,23,15,13,2,116865200,116865200,0,16961300,8586500,0.9537,Award,273,0.1472,0,SYNTHETIC_DEMO,Prototype-only synthetic acquisition record linked to a real Survey of India village boundary; not a government acquisition record.
SYN-ACQ-02235,SYN-PROJ-02235,CHHATTISGARH,Kabeerdham,Pandariya,Jhiriya Kalan,439851.0,Urban Infrastructure,Railways Act 1989,0.98,40,162,8,8,29,17,0,33017700,25405800,7611900,6913500,5046700,0.7147,Award,482,0.2246,0,SYNTHETIC_DEMO,Prototype-only synthetic acquisition record linked to a real Survey of India village boundary; not a government acquisition record.
SYN-ACQ-02236,SYN-PROJ-02236,CHHATTISGARH,Khairagarh-Chhuikhadan-Gandai,Gandai,Darbantola,440101.0,Railway,National Highways Act 1956,36.15,19,47,14,3,4,2,0,300423000,259810800,40612200,3828400,2408500,0.6146,Possession,227,0.0318,0,SYNTHETIC_DEMO,Prototype-only synthetic acquisition record linked to a real Survey of India village boundary; not a government acquisition record.
SYN-ACQ-02237,SYN-PROJ-02237,CHHATTISGARH,Korba,Pasan,Mukuwa,436028.0,Irrigation,National Highways Act 1956,31.97,144,126,27,27,27,15,1,331851600,84781000,247070600,6815000,5105200,0.864,R&R,657,0.3768,0,SYNTHETIC_DEMO,Prototype-only synthetic acquisition record linked to a real Survey of India village boundary; not a government acquisition record.
SYN-ACQ-02238,SYN-PROJ-02238,CHHATTISGARH,Korba,Poundi-Uproda,Ghoghra,436062.0,National Highway,National Highways Act 1956,4.39,44,87,29,5,13,11,0,38467700,37771200,696600,10364800,3660300,0.6998,Notification,400,0.0562,0,SYNTHETIC_DEMO,Prototype-only synthetic acquisition record linked to a real Survey of India village boundary; not a government acquisition record.
SYN-ACQ-02239,SYN-PROJ-02239,CHHATTISGARH,Surguja,Lundra,Sahanpur,433363.0,National Highway,RFCTLARR Act 2013,37.51,172,108,45,37,13,6,1,263766100,204578600,59187500,25318800,20463700,0.9991,Award,372,0.2821,0,SYNTHETIC_DEMO,Prototype-only synthetic acquisition record linked to a real Survey of India village boundary; not a government acquisition record.
SYN-ACQ-02240,SYN-PROJ-02240,CHHATTISGARH,Sukma,Tongpal,Kumakoleng,450571.0,National Highway,National Highways Act 1956,36.7,68,35,12,11,4,3,0,240629700,206722400,33907400,6806800,6806800,0.5893,Notification,143,0.1344,0,SYNTHETIC_DEMO,Prototype-only synthetic acquisition record linked to a real Survey of India village boundary; not a government acquisition record.
SYN-ACQ-02241,SYN-PROJ-02241,CHHATTISGARH,Bastar,Tokapal,Gumiyapal,449534.0,Industrial Corridor,Other applicable statute,23.82,32,61,17,17,12,5,1,228914400,170700200,58214200,10078100,5325800,0.9593,Scrutiny,551,0.2316,0,SYNTHETIC_DEMO,Prototype-only synthetic acquisition record linked to a real Survey of India village boundary; not a government acquisition record.
SYN-ACQ-02242,SYN-PROJ-02242,CHHATTISGARH,Korba,Bhaisma,Syang,436385.0,Industrial Corridor,National Highways Act 1956,30.78,5,124,39,16,5,4,0,287962000,233646000,54316000,24019100,16022800,0.6622,GIS Verification,491,0.2364,0,SYNTHETIC_DEMO,Prototype-only synthetic acquisition record linked to a real Survey of India village boundary; not a government acquisition record.
SYN-ACQ-02243,SYN-PROJ-02243,CHHATTISGARH,Bemetara,Bhimbhauri,Gondgiri,442369.0,Industrial Corridor,Railways Act 1989,27.13,150,78,6,6,17,7,2,95880200,30601800,65278400,2544800,1858300,0.5714,Award,450,0.4019,0,SYNTHETIC_DEMO,Prototype-only synthetic acquisition record linked to a real Survey of India village boundary; not a government acquisition record.
SYN-ACQ-02244,SYN-PROJ-02244,CHHATTISGARH,Kabeerdham,Sahaspur Lohara,Bijabairagi,439678.0,Power Transmission,National Highways Act 1956,57.01,43,75,21,7,25,14,1,144358400,144358400,0,15760000,11818100,0.7053,Possession,626,0.3892,0,SYNTHETIC_DEMO,Prototype-only synthetic acquisition record linked to a real Survey of India village boundary; not a government acquisition record.
SYN-ACQ-02245,SYN-PROJ-02245,CHHATTISGARH,Mohla-Manpur-Ambagarh Chouki,Aundhi,Gahangatta,441526.0,National Highway,RFCTLARR Act 2013,14.59,30,8,2,2,2,0,0,58854400,57682800,1171700,1767800,1106100,0.8354,R&R,308,0.1863,0,SYNTHETIC_DEMO,Prototype-only synthetic acquisition record linked to a real Survey of India village boundary; not a government acquisition record.
SYN-ACQ-02246,SYN-PROJ-02246,CHHATTISGARH,Jashpur,Sanna,FOREST,51.0,National Highway,Railways Act 1989,50.61,119,147,45,20,8,6,1,475415300,230960700,244454500,37432800,34345000,0.7382,Completed,456,0.2805,0,SYNTHETIC_DEMO,Prototype-only synthetic acquisition record linked to a real Survey of India village boundary; not a government acquisition record.
SYN-ACQ-02247,SYN-PROJ-02247,CHHATTISGARH,Balod,Arjunda,Sibdi,442787.0,National Highway,National Highways Act 1956,48.09,112,74,35,15,4,2,1,274193000,257854400,16338600,18098200,7838400,0.9303,Award,611,0.3465,0,SYNTHETIC_DEMO,Prototype-only synthetic acquisition record linked to a real Survey of India village boundary; not a government acquisition record.
SYN-ACQ-02248,SYN-PROJ-02248,CHHATTISGARH,Raigarh,Raigarh,Kalmi,434920.0,Urban Infrastructure,Other applicable statute,15.31,78,56,6,6,18,15,2,71381600,47594200,23787400,1293000,1058700,0.9801,Possession,523,0.3167,0,SYNTHETIC_DEMO,Prototype-only synthetic acquisition record linked to a real Survey of India village boundary; not a government acquisition record.
SYN-ACQ-02249,SYN-PROJ-02249,CHHATTISGARH,Jashpur,Duldula,Basudeopur,434070.0,National Highway,National Highways Act 1956,49.83,162,178,25,3,67,28,11,308474400,195056500,113418000,18435900,18435900,0.7954,Compensation,399,0.3126,0,SYNTHETIC_DEMO,Prototype-only synthetic acquisition record linked to a real Survey of India village boundary; not a government acquisition record.
SYN-ACQ-02250,SYN-PROJ-02250,CHHATTISGARH,Gariyaband,Fingeshwar,Charbhatthi,444863.0,Power Transmission,Railways Act 1989,52.09,64,14,3,3,1,0,0,448985800,254260700,194725100,2659400,2000600,0.7229,Completed,303,0.0309,0,SYNTHETIC_DEMO,Prototype-only synthetic acquisition record linked to a real Survey of India village boundary; not a government acquisition record.
SYN-ACQ-02251,SYN-PROJ-02251,CHHATTISGARH,Bijapur,Usur,Dharamapur,450896.0,Railway,Other applicable statute,51.39,160,79,20,17,16,14,0,187954700,164885800,23068800,17704400,4326700,0.6183,Completed,419,0.2369,0,SYNTHETIC_DEMO,Prototype-only synthetic acquisition record linked to a real Survey of India village boundary; not a government acquisition record.
SYN-ACQ-02252,SYN-PROJ-02252,CHHATTISGARH,Dhamtari,Kurud,Bhaloojhulan,446888.0,Power Transmission,Other applicable statute,30.46,159,162,74,30,45,33,0,137880500,99452500,38428100,42456000,19801200,0.8274,Notification,465,0.3228,0,SYNTHETIC_DEMO,Prototype-only synthetic acquisition record linked to a real Survey of India village boundary; not a government acquisition record.
SYN-ACQ-02253,SYN-PROJ-02253,CHHATTISGARH,Balodabazar-Bhatapara,Lavan,Semariya,443821.0,Industrial Corridor,Other applicable statute,12.1,91,9,2,2,1,0,0,74833500,74833500,0,1463200,774800,0.7337,GIS Verification,447,0.1794,0,SYNTHETIC_DEMO,Prototype-only synthetic acquisition record linked to a real Survey of India village boundary; not a government acquisition record.
SYN-ACQ-02254,SYN-PROJ-02254,CHHATTISGARH,Uttar Bastar Kanker,Sarona,Dabbipani,447958.0,Urban Infrastructure,Other applicable statute,74.44,102,121,1,1,34,15,2,218882800,149867900,69014900,725600,524400,0.932,Completed,416,0.2203,0,SYNTHETIC_DEMO,Prototype-only synthetic acquisition record linked to a real Survey of India village boundary; not a government acquisition record.
SYN-ACQ-02255,SYN-PROJ-02255,CHHATTISGARH,Janjgir-Champa,Saragaon,Pachori,436850.0,Urban Infrastructure,Railways Act 1989,31.98,48,133,38,30,29,20,0,147414400,140013900,7400500,33914100,33914100,0.8129,Award,403,0.199,0,SYNTHETIC_DEMO,Prototype-only synthetic acquisition record linked to a real Survey of India village boundary; not a government acquisition record.
SYN-ACQ-02256,SYN-PROJ-02256,CHHATTISGARH,Mahasamund,Saraipali,FOREST,51.0,Urban Infrastructure,Railways Act 1989,19.36,128,152,59,12,28,27,3,187893200,129674300,58219000,28952400,14965200,0.7831,Completed,400,0.1064,0,SYNTHETIC_DEMO,Prototype-only synthetic acquisition record linked to a real Survey of India village boundary; not a government acquisition record.
SYN-ACQ-02257,SYN-PROJ-02257,CHHATTISGARH,Jashpur,Bagicha,Dodrahi,433699.0,Urban Infrastructure,Other applicable statute,47.87,33,62,20,11,22,18,0,269617300,179763200,89854100,6688000,2574300,0.7614,GIS Verification,394,0.3033,0,SYNTHETIC_DEMO,Prototype-only synthetic acquisition record linked to a real Survey of India village boundary; not a government acquisition record.
SYN-ACQ-02258,SYN-PROJ-02258,CHHATTISGARH,Bemetara,Thankhamariya,Boriya (Hatranka),442224.0,Railway,Other applicable statute,10.37,201,27,4,4,1,0,0,87833000,87833000,0,3389300,3389300,0.9974,GIS Verification,135,0.0,0,SYNTHETIC_DEMO,Prototype-only synthetic acquisition record linked to a real Survey of India village boundary; not a government acquisition record.
SYN-ACQ-02259,SYN-PROJ-02259,CHHATTISGARH,Balodabazar-Bhatapara,Kasdol,Mohtara,444026.0,National Highway,National Highways Act 1956,46.01,116,92,43,1,8,4,2,446837900,233803300,213034700,33261000,19610200,0.68,Completed,605,0.1922,0,SYNTHETIC_DEMO,Prototype-only synthetic acquisition record linked to a real Survey of India village boundary; not a government acquisition record.
SYN-ACQ-02260,SYN-PROJ-02260,CHHATTISGARH,Mahasamund,Bagbahra,FOREST,51.0,National Highway,RFCTLARR Act 2013,30.7,134,72,31,31,22,14,0,274464800,125495100,148969600,27335400,25940900,0.6531,Proposal,690,0.433,0,SYNTHETIC_DEMO,Prototype-only synthetic acquisition record linked to a real Survey of India village boundary; not a government acquisition record.
SYN-ACQ-02261,SYN-PROJ-02261,CHHATTISGARH,Manendragarh-Chirmiri-Bharatpur (MCB),Kelhari,Musara,431675.0,Power Transmission,Railways Act 1989,74.63,190,120,18,18,25,21,4,239502100,132462600,107039500,5574700,3840300,0.6068,GIS Verification,210,0.0524,0,SYNTHETIC_DEMO,Prototype-only synthetic acquisition record linked to a real Survey of India village boundary; not a government acquisition record.
SYN-ACQ-02262,SYN-PROJ-02262,CHHATTISGARH,Jashpur,Duldula,FOREST,51.0,Urban Infrastructure,Other applicable statute,0.45,160,121,31,31,21,19,0,30246800,14418400,15828400,8570200,8570200,0.7938,R&R,484,0.3599,0,SYNTHETIC_DEMO,Prototype-only synthetic acquisition record linked to a real Survey of India village boundary; not a government acquisition record.
SYN-ACQ-02263,SYN-PROJ-02263,CHHATTISGARH,Sakti,Sakti,Sajadera,436989.0,Power Transmission,Other applicable statute,21.21,105,7,2,2,0,0,0,52072200,32702400,19369800,691600,389100,0.8403,R&R,128,0.1379,0,SYNTHETIC_DEMO,Prototype-only synthetic acquisition record linked to a real Survey of India village boundary; not a government acquisition record.
SYN-ACQ-02264,SYN-PROJ-02264,CHHATTISGARH,Balodabazar-Bhatapara,Bhatapara,Hasda,443645.0,National Highway,RFCTLARR Act 2013,53.55,188,152,32,32,51,39,0,461605100,279449100,182156000,24068600,14475000,0.6019,Scrutiny,567,0.3418,0,SYNTHETIC_DEMO,Prototype-only synthetic acquisition record linked to a real Survey of India village boundary; not a government acquisition record.
SYN-ACQ-02265,SYN-PROJ-02265,CHHATTISGARH,Balrampur-Ramanujganj,Chalgali,Bhagwanpur Khas,432182.0,Industrial Corridor,Railways Act 1989,51.75,214,47,8,8,3,1,0,417383300,106105400,311277900,3014700,2902300,0.8787,GIS Verification,686,0.2658,0,SYNTHETIC_DEMO,Prototype-only synthetic acquisition record linked to a real Survey of India village boundary; not a government acquisition record.
SYN-ACQ-02266,SYN-PROJ-02266,CHHATTISGARH,Mungeli,Mungeli,Mama,438281.0,National Highway,RFCTLARR Act 2013,69.59,51,54,10,10,18,11,1,451602000,332408900,119193100,2412000,1388800,0.7535,Objection/Hearing,616,0.327,0,SYNTHETIC_DEMO,Prototype-only synthetic acquisition record linked to a real Survey of India village boundary; not a government acquisition record.
SYN-ACQ-02267,SYN-PROJ-02267,CHHATTISGARH,Gariyaband,Chhura,Bamhni,445195.0,Power Transmission,Other applicable statute,31.69,57,155,32,0,19,15,0,346881900,281877000,65004900,9054800,8455800,0.8015,Compensation,369,0.1158,0,SYNTHETIC_DEMO,Prototype-only synthetic acquisition record linked to a real Survey of India village boundary; not a government acquisition record.
SYN-ACQ-02268,SYN-PROJ-02268,CHHATTISGARH,Korea,Sonhat,Bhagwatpur,431525.0,Railway,National Highways Act 1956,20.17,182,22,12,4,8,4,0,77725100,48230500,29494500,10490500,8106900,0.8703,R&R,587,0.2279,0,SYNTHETIC_DEMO,Prototype-only synthetic acquisition record linked to a real Survey of India village boundary; not a government acquisition record.
SYN-ACQ-02269,SYN-PROJ-02269,CHHATTISGARH,Mungeli,Pathariya,Dhodhapur,438427.0,Irrigation,RFCTLARR Act 2013,50.67,80,123,12,12,9,4,0,263167100,209789000,53378100,4636300,3031800,0.813,Possession,260,0.0786,0,SYNTHETIC_DEMO,Prototype-only synthetic acquisition record linked to a real Survey of India village boundary; not a government acquisition record.
SYN-ACQ-02270,SYN-PROJ-02270,CHHATTISGARH,Janjgir-Champa,Akaltara,Mauhadih,436651.0,National Highway,RFCTLARR Act 2013,20.36,78,117,44,36,11,8,1,111586200,111586200,0,33220600,29640700,0.9277,R&R,500,0.2236,0,SYNTHETIC_DEMO,Prototype-only synthetic acquisition record linked to a real Survey of India village boundary; not a government acquisition record.
SYN-ACQ-02271,SYN-PROJ-02271,CHHATTISGARH,Gariyaband,Chhura,Boirgaon,445253.0,National Highway,Railways Act 1989,16.08,193,179,34,7,12,8,2,101340200,54176100,47164100,27244700,24425200,0.9642,Notification,459,0.2696,0,SYNTHETIC_DEMO,Prototype-only synthetic acquisition record linked to a real Survey of India village boundary; not a government acquisition record.
SYN-ACQ-02272,SYN-PROJ-02272,CHHATTISGARH,Manendragarh-Chirmiri-Bharatpur (MCB),Khadganva,Lalpur,431746.0,Industrial Corridor,Other applicable statute,36.85,145,175,68,7,23,15,1,248657700,238673400,9984300,14922800,11508500,0.8567,Notification,299,0.0527,0,SYNTHETIC_DEMO,Prototype-only synthetic acquisition record linked to a real Survey of India village boundary; not a government acquisition record.
SYN-ACQ-02273,SYN-PROJ-02273,CHHATTISGARH,Dhamtari,Bhakhara,Gujra,447029.0,Railway,RFCTLARR Act 2013,30.58,199,127,51,32,6,5,0,98139200,74976900,23162300,8363400,5389100,0.6568,Award,169,0.0,0,SYNTHETIC_DEMO,Prototype-only synthetic acquisition record linked to a real Survey of India village boundary; not a government acquisition record.
SYN-ACQ-02274,SYN-PROJ-02274,CHHATTISGARH,Surguja,Lakhanpur,Nimha,433146.0,Industrial Corridor,National Highways Act 1956,35.41,8,137,46,33,18,10,0,159103200,124127700,34975500,30933100,10598800,0.5625,Proposal,482,0.3094,0,SYNTHETIC_DEMO,Prototype-only synthetic acquisition record linked to a real Survey of India village boundary; not a government acquisition record.
SYN-ACQ-02275,SYN-PROJ-02275,CHHATTISGARH,Dakshin Bastar Dantewada,Gidam,Haram,450169.0,National Highway,National Highways Act 1956,24.75,101,94,31,29,27,14,0,185547500,159706400,25841100,26593900,26593900,0.9415,R&R,396,0.1451,0,SYNTHETIC_DEMO,Prototype-only synthetic acquisition record linked to a real Survey of India village boundary; not a government acquisition record.
SYN-ACQ-02276,SYN-PROJ-02276,CHHATTISGARH,Rajnandgaon,Dongargaon,FOREST,51.0,Irrigation,National Highways Act 1956,57.66,44,47,8,3,12,10,2,413815700,269473200,144342600,4894200,2601100,0.791,R&R,481,0.279,0,SYNTHETIC_DEMO,Prototype-only synthetic acquisition record linked to a real Survey of India village boundary; not a government acquisition record.
SYN-ACQ-02277,SYN-PROJ-02277,CHHATTISGARH,Balodabazar-Bhatapara,Bhatapara,Dhabadih,443620.0,Urban Infrastructure,National Highways Act 1956,6.24,148,13,3,2,2,1,0,51199900,39837500,11362400,2205300,1505200,0.6324,Award,320,0.1317,0,SYNTHETIC_DEMO,Prototype-only synthetic acquisition record linked to a real Survey of India village boundary; not a government acquisition record.
SYN-ACQ-02278,SYN-PROJ-02278,CHHATTISGARH,Raigarh,Raigarh,Sapanai,434957.0,Urban Infrastructure,Other applicable statute,1.56,165,135,24,24,12,7,0,30749500,21080300,9669200,17603700,3342400,0.9527,Possession,223,0.081,0,SYNTHETIC_DEMO,Prototype-only synthetic acquisition record linked to a real Survey of India village boundary; not a government acquisition record.
SYN-ACQ-02279,SYN-PROJ-02279,CHHATTISGARH,Mohla-Manpur-Ambagarh Chouki,Aundhi,Palebhatti,441507.0,Power Transmission,RFCTLARR Act 2013,12.87,155,38,9,9,17,10,2,64848300,59480500,5367800,5837800,5091000,0.6294,Notification,471,0.1031,0,SYNTHETIC_DEMO,Prototype-only synthetic acquisition record linked to a real Survey of India village boundary; not a government acquisition record.
SYN-ACQ-02280,SYN-PROJ-02280,CHHATTISGARH,Mahasamund,Komakhan,Banjaridih,446541.0,Industrial Corridor,Railways Act 1989,37.43,128,34,7,3,0,0,0,336629300,336629300,0,1629800,1629800,0.73,Objection/Hearing,675,0.3462,0,SYNTHETIC_DEMO,Prototype-only synthetic acquisition record linked to a real Survey of India village boundary; not a government acquisition record.
SYN-ACQ-02281,SYN-PROJ-02281,CHHATTISGARH,Sarangarh-Bilaigarh,Sarangarh,Domadih,435451.0,Power Transmission,Other applicable statute,18.45,151,101,12,12,11,4,1,151949400,151949400,0,2470800,1230700,0.7356,R&R,565,0.2488,0,SYNTHETIC_DEMO,Prototype-only synthetic acquisition record linked to a real Survey of India village boundary; not a government acquisition record.
SYN-ACQ-02282,SYN-PROJ-02282,CHHATTISGARH,Bijapur,Bhairamgarh,Tuswal,451282.0,Power Transmission,National Highways Act 1956,17.97,106,124,12,12,27,23,3,99509200,87325500,12183700,7349300,6254700,0.8561,R&R,423,0.2238,0,SYNTHETIC_DEMO,Prototype-only synthetic acquisition record linked to a real Survey of India village boundary; not a government acquisition record.
SYN-ACQ-02283,SYN-PROJ-02283,CHHATTISGARH,Raipur,Dharsiwa,Siltara (CT),444782.0,Railway,National Highways Act 1956,71.33,28,6,1,1,1,0,0,159726400,159726400,0,258600,102500,0.9424,R&R,403,0.2508,0,SYNTHETIC_DEMO,Prototype-only synthetic acquisition record linked to a real Survey of India village boundary; not a government acquisition record.
SYN-ACQ-02284,SYN-PROJ-02284,CHHATTISGARH,Korba,Pali,Hathibadi,436167.0,Urban Infrastructure,National Highways Act 1956,73.23,139,5,1,1,1,0,1,512154400,512154400,0,687900,287800,0.8649,Proposal,242,0.1204,0,SYNTHETIC_DEMO,Prototype-only synthetic acquisition record linked to a real Survey of India village boundary; not a government acquisition record.
SYN-ACQ-02285,SYN-PROJ-02285,CHHATTISGARH,Sukma,Konta,Arepad,450525.0,Urban Infrastructure,National Highways Act 1956,17.93,7,89,30,21,14,12,0,163256400,120912200,42344200,13260400,8211400,0.8128,Compensation,436,0.2654,0,SYNTHETIC_DEMO,Prototype-only synthetic acquisition record linked to a real Survey of India village boundary; not a government acquisition record.
SYN-ACQ-02286,SYN-PROJ-02286,CHHATTISGARH,Bastar,Bakavand,Metawada,449456.0,Irrigation,Railways Act 1989,51.67,69,150,61,19,18,11,3,267872900,249505000,18367900,42739200,17890900,0.7206,Notification,449,0.2766,0,SYNTHETIC_DEMO,Prototype-only synthetic acquisition record linked to a real Survey of India village boundary; not a government acquisition record.
SYN-ACQ-02287,SYN-PROJ-02287,CHHATTISGARH,Sakti,Dabhra,Bhedikona,437158.0,Power Transmission,Other applicable statute,63.57,209,155,65,29,31,13,4,522838100,343865700,178972400,24356100,14077100,0.6378,Award,499,0.25,0,SYNTHETIC_DEMO,Prototype-only synthetic acquisition record linked to a real Survey of India village boundary; not a government acquisition record.
SYN-ACQ-02288,SYN-PROJ-02288,CHHATTISGARH,Balodabazar-Bhatapara,Palari,Deogaon,443909.0,Urban Infrastructure,Railways Act 1989,44.9,120,147,14,14,42,22,4,343136500,260653100,82483400,2596900,870500,0.894,Notification,589,0.3482,0,SYNTHETIC_DEMO,Prototype-only synthetic acquisition record linked to a real Survey of India village boundary; not a government acquisition record.
SYN-ACQ-02289,SYN-PROJ-02289,CHHATTISGARH,Balodabazar-Bhatapara,Bhatapara,Pausari,443687.0,National Highway,National Highways Act 1956,66.46,105,123,45,10,26,22,0,231575500,197641500,33934100,17865000,9715000,0.6016,R&R,401,0.3431,0,SYNTHETIC_DEMO,Prototype-only synthetic acquisition record linked to a real Survey of India village boundary; not a government acquisition record.
SYN-ACQ-02290,SYN-PROJ-02290,CHHATTISGARH,Rajnandgaon,Dongargaon,Arsi Tola,441132.0,Railway,National Highways Act 1956,36.68,156,49,25,8,7,4,0,193316200,91252800,102063400,18188600,13440300,0.6234,Compensation,450,0.3015,0,SYNTHETIC_DEMO,Prototype-only synthetic acquisition record linked to a real Survey of India village boundary; not a government acquisition record.
SYN-ACQ-02291,SYN-PROJ-02291,CHHATTISGARH,Uttar Bastar Kanker,Bande,Rengawahi,448401.0,Irrigation,National Highways Act 1956,64.73,7,157,38,3,20,12,0,552407100,247951800,304455300,11722200,6548900,0.6655,Completed,290,0.2189,0,SYNTHETIC_DEMO,Prototype-only synthetic acquisition record linked to a real Survey of India village boundary; not a government acquisition record.
SYN-ACQ-02292,SYN-PROJ-02292,CHHATTISGARH,Kondagaon,Makdi,Rakasbeda,448920.0,Power Transmission,Other applicable statute,62.66,216,152,64,37,13,12,2,407517900,364391800,43126000,29716500,19205000,0.9129,Compensation,601,0.1936,0,SYNTHETIC_DEMO,Prototype-only synthetic acquisition record linked to a real Survey of India village boundary; not a government acquisition record.
SYN-ACQ-02293,SYN-PROJ-02293,CHHATTISGARH,Janjgir-Champa,Janjgir,Pithampur,436546.0,Urban Infrastructure,Other applicable statute,25.86,145,12,3,3,0,0,0,164279500,75921300,88358200,2645800,1232100,0.5888,Award,389,0.1609,0,SYNTHETIC_DEMO,Prototype-only synthetic acquisition record linked to a real Survey of India village boundary; not a government acquisition record.
SYN-ACQ-02294,SYN-PROJ-02294,CHHATTISGARH,Jashpur,Bagbahar,FOREST,51.0,Irrigation,Other applicable statute,15.6,29,93,3,3,17,9,1,138785300,132448900,6336400,692600,481600,0.7036,Completed,325,0.1715,0,SYNTHETIC_DEMO,Prototype-only synthetic acquisition record linked to a real Survey of India village boundary; not a government acquisition record.
SYN-ACQ-02295,SYN-PROJ-02295,CHHATTISGARH,Korba,Barpali,Pakariya,436479.0,Power Transmission,Railways Act 1989,15.21,69,34,3,3,4,3,0,53706300,51383200,2323100,672600,637500,0.7658,Completed,266,0.0,0,SYNTHETIC_DEMO,Prototype-only synthetic acquisition record linked to a real Survey of India village boundary; not a government acquisition record.
SYN-ACQ-02296,SYN-PROJ-02296,CHHATTISGARH,Kondagaon,Mardapal,Badaloor,448754.0,Industrial Corridor,Other applicable statute,68.16,57,82,16,4,6,5,0,235578600,138381900,97196800,8254400,4750200,0.9469,Compensation,414,0.1935,0,SYNTHETIC_DEMO,Prototype-only synthetic acquisition record linked to a real Survey of India village boundary; not a government acquisition record.
SYN-ACQ-02297,SYN-PROJ-02297,CHHATTISGARH,Bijapur,Gangaloor,Pusnar,450982.0,Industrial Corridor,RFCTLARR Act 2013,52.31,143,155,15,15,38,16,0,455125400,409256800,45868600,9472900,6622800,0.731,Completed,264,0.0835,0,SYNTHETIC_DEMO,Prototype-only synthetic acquisition record linked to a real Survey of India village boundary; not a government acquisition record.
SYN-ACQ-02298,SYN-PROJ-02298,CHHATTISGARH,Raigarh,Raigarh,Kotrapali,434967.0,National Highway,National Highways Act 1956,3.28,105,44,19,19,1,0,0,17729800,17299100,430600,8485000,1737300,0.8367,Compensation,438,0.1034,0,SYNTHETIC_DEMO,Prototype-only synthetic acquisition record linked to a real Survey of India village boundary; not a government acquisition record.
SYN-ACQ-02299,SYN-PROJ-02299,CHHATTISGARH,Durg,Ahiwara,Akola,442525.0,Power Transmission,RFCTLARR Act 2013,15.2,25,33,14,14,5,2,0,132814400,86223300,46591100,7013900,6726600,0.8708,R&R,297,0.0098,0,SYNTHETIC_DEMO,Prototype-only synthetic acquisition record linked to a real Survey of India village boundary; not a government acquisition record.
SYN-ACQ-02300,SYN-PROJ-02300,CHHATTISGARH,Bilaspur,Takhatpur,Kamoda,438607.0,Irrigation,National Highways Act 1956,7.82,211,11,6,6,0,0,0,24720200,16269300,8450900,2837700,2279200,0.5884,Compensation,366,0.2662,0,SYNTHETIC_DEMO,Prototype-only synthetic acquisition record linked to a real Survey of India village boundary; not a government acquisition record.
SYN-ACQ-02301,SYN-PROJ-02301,CHHATTISGARH,Mohla-Manpur-Ambagarh Chouki,Mohla,Sangali,441237.0,Irrigation,Railways Act 1989,14.68,186,168,58,1,50,37,1,91012800,83176300,7836600,25963200,25963200,0.7161,Compensation,573,0.4692,0,SYNTHETIC_DEMO,Prototype-only synthetic acquisition record linked to a real Survey of India village boundary; not a government acquisition record.
SYN-ACQ-02302,SYN-PROJ-02302,CHHATTISGARH,Mahasamund,Mahasamund,Mudiyadih,446086.0,Industrial Corridor,National Highways Act 1956,38.21,177,82,38,30,14,11,0,213520000,124313200,89206800,8391800,3143000,0.9762,Award,447,0.178,0,SYNTHETIC_DEMO,Prototype-only synthetic acquisition record linked to a real Survey of India village boundary; not a government acquisition record.
SYN-ACQ-02303,SYN-PROJ-02303,CHHATTISGARH,Sarangarh-Bilaigarh,Sarangarh,Lurka,435427.0,Industrial Corridor,National Highways Act 1956,54.85,142,167,28,28,42,22,6,525242400,382440000,142802400,17878600,14333700,0.8062,Possession,481,0.2619,0,SYNTHETIC_DEMO,Prototype-only synthetic acquisition record linked to a real Survey of India village boundary; not a government acquisition record.
SYN-ACQ-02304,SYN-PROJ-02304,CHHATTISGARH,Raigarh,Tamnar,Gaurmudi,434781.0,Urban Infrastructure,Other applicable statute,16.23,46,113,54,32,20,9,1,138895000,110367100,28527900,44685600,27069100,0.6094,Compensation,672,0.3812,0,SYNTHETIC_DEMO,Prototype-only synthetic acquisition record linked to a real Survey of India village boundary; not a government acquisition record.
SYN-ACQ-02305,SYN-PROJ-02305,CHHATTISGARH,Balod,Gurur,MARKATOLA R.F.,51.0,Power Transmission,Railways Act 1989,71.5,37,80,6,6,25,23,0,262267000,254339100,7927900,4867500,4386400,0.9204,R&R,379,0.1482,0,SYNTHETIC_DEMO,Prototype-only synthetic acquisition record linked to a real Survey of India village boundary; not a government acquisition record.
SYN-ACQ-02306,SYN-PROJ-02306,CHHATTISGARH,Balod,Balod,Hathod,443214.0,Power Transmission,Railways Act 1989,10.71,194,12,3,3,0,0,0,41922100,14789300,27132800,2272700,1998900,0.6674,Possession,378,0.1975,0,SYNTHETIC_DEMO,Prototype-only synthetic acquisition record linked to a real Survey of India village boundary; not a government acquisition record.
SYN-ACQ-02307,SYN-PROJ-02307,CHHATTISGARH,Kabeerdham,Pandariya,Limhaipur,439898.0,National Highway,National Highways Act 1956,74.93,165,92,37,20,8,4,1,671432700,581860900,89571800,26255200,24222500,0.9544,Compensation,268,0.0105,0,SYNTHETIC_DEMO,Prototype-only synthetic acquisition record linked to a real Survey of India village boundary; not a government acquisition record.
SYN-ACQ-02308,SYN-PROJ-02308,CHHATTISGARH,Balod,Arjunda,Paraswani,442834.0,Irrigation,National Highways Act 1956,38.46,36,23,8,8,4,2,0,100702100,66669400,34032800,1892800,1108900,0.8978,Possession,310,0.1361,0,SYNTHETIC_DEMO,Prototype-only synthetic acquisition record linked to a real Survey of India village boundary; not a government acquisition record.
SYN-ACQ-02309,SYN-PROJ-02309,CHHATTISGARH,Sarangarh-Bilaigarh,Sarangarh,Parsadih,435531.0,Railway,RFCTLARR Act 2013,61.88,108,64,12,12,22,14,5,315312300,183570000,131742300,5027300,3903200,0.9937,Objection/Hearing,581,0.2931,0,SYNTHETIC_DEMO,Prototype-only synthetic acquisition record linked to a real Survey of India village boundary; not a government acquisition record.
SYN-ACQ-02310,SYN-PROJ-02310,CHHATTISGARH,Janjgir-Champa,Champa,Kurda,436808.0,Irrigation,National Highways Act 1956,24.5,150,31,12,12,9,6,0,52410700,48136300,4274400,8185900,4289100,0.5599,Compensation,531,0.3684,0,SYNTHETIC_DEMO,Prototype-only synthetic acquisition record linked to a real Survey of India village boundary; not a government acquisition record.
SYN-ACQ-02311,SYN-PROJ-02311,CHHATTISGARH,Raigarh,Raigarh,FOREST,51.0,Railway,RFCTLARR Act 2013,17.87,213,117,45,4,33,18,2,70323300,36910500,33412800,32670900,22409600,0.5896,Proposal,291,0.2077,0,SYNTHETIC_DEMO,Prototype-only synthetic acquisition record linked to a real Survey of India village boundary; not a government acquisition record.
SYN-ACQ-02312,SYN-PROJ-02312,CHHATTISGARH,Kabeerdham,Kunda,Andhiyar Khor,439983.0,Irrigation,Railways Act 1989,9.73,195,82,3,3,23,16,0,41812200,31554900,10257300,2283700,1230100,0.927,Compensation,471,0.209,0,SYNTHETIC_DEMO,Prototype-only synthetic acquisition record linked to a real Survey of India village boundary; not a government acquisition record.
SYN-ACQ-02313,SYN-PROJ-02313,CHHATTISGARH,Mahasamund,Komakhan,Amanpuri,446636.0,Industrial Corridor,Railways Act 1989,46.54,186,125,9,9,27,16,2,240558100,114772000,125786100,5731300,3911500,0.9404,Notification,389,0.2589,0,SYNTHETIC_DEMO,Prototype-only synthetic acquisition record linked to a real Survey of India village boundary; not a government acquisition record.
SYN-ACQ-02314,SYN-PROJ-02314,CHHATTISGARH,Manendragarh-Chirmiri-Bharatpur (MCB),Kotadol,Risagada,431348.0,Power Transmission,Other applicable statute,54.12,57,109,12,12,39,31,1,322357900,234928000,87430000,3798800,3088600,0.6119,Notification,434,0.208,0,SYNTHETIC_DEMO,Prototype-only synthetic acquisition record linked to a real Survey of India village boundary; not a government acquisition record.
SYN-ACQ-02315,SYN-PROJ-02315,CHHATTISGARH,Janjgir-Champa,Saragaon,Darang,436820.0,Irrigation,National Highways Act 1956,18.77,29,38,3,3,2,1,0,107992600,70850700,37141900,2448700,1907700,0.7501,Notification,398,0.1886,0,SYNTHETIC_DEMO,Prototype-only synthetic acquisition record linked to a real Survey of India village boundary; not a government acquisition record.
SYN-ACQ-02316,SYN-PROJ-02316,CHHATTISGARH,Dhamtari,Kukrel,Mathuradih,447142.0,Industrial Corridor,Other applicable statute,26.89,65,106,21,10,17,11,2,189959400,123418000,66541500,4312800,4312800,0.8425,Possession,510,0.2696,0,SYNTHETIC_DEMO,Prototype-only synthetic acquisition record linked to a real Survey of India village boundary; not a government acquisition record.
SYN-ACQ-02317,SYN-PROJ-02317,CHHATTISGARH,Sakti,Dabhra,Saraipali (Chechang),437102.0,Industrial Corridor,Other applicable statute,38.39,38,78,27,9,14,10,3,334186300,230409900,103776400,6978300,5291100,0.9652,Notification,452,0.2374,0,SYNTHETIC_DEMO,Prototype-only synthetic acquisition record linked to a real Survey of India village boundary; not a government acquisition record.
SYN-ACQ-02318,SYN-PROJ-02318,CHHATTISGARH,Surguja,Sitapur,Harra Tikra,433438.0,Power Transmission,Other applicable statute,10.74,115,117,13,13,21,12,1,101929700,101929700,0,3661700,2123900,0.8973,R&R,306,0.0186,0,SYNTHETIC_DEMO,Prototype-only synthetic acquisition record linked to a real Survey of India village boundary; not a government acquisition record.
SYN-ACQ-02319,SYN-PROJ-02319,CHHATTISGARH,Uttar Bastar Kanker,Narharpur,Bagod,447939.0,Railway,National Highways Act 1956,33.54,129,11,1,1,2,0,0,102909600,67842000,35067600,851200,548500,0.7777,Compensation,287,0.1025,0,SYNTHETIC_DEMO,Prototype-only synthetic acquisition record linked to a real Survey of India village boundary; not a government acquisition record.
SYN-ACQ-02320,SYN-PROJ-02320,CHHATTISGARH,Bemetara,Nandghat,Keshla,441803.0,Industrial Corridor,RFCTLARR Act 2013,20.0,5,172,30,17,12,6,0,92292900,30826000,61466900,20713200,20713200,0.9938,Objection/Hearing,480,0.1802,0,SYNTHETIC_DEMO,Prototype-only synthetic acquisition record linked to a real Survey of India village boundary; not a government acquisition record.
SYN-ACQ-02321,SYN-PROJ-02321,CHHATTISGARH,Jashpur,Duldula,Sapghara,434113.0,Industrial Corridor,RFCTLARR Act 2013,7.99,150,74,12,12,18,9,3,81191000,41273300,39917700,2581600,1884500,0.7763,Scrutiny,389,0.1785,0,SYNTHETIC_DEMO,Prototype-only synthetic acquisition record linked to a real Survey of India village boundary; not a government acquisition record.
SYN-ACQ-02322,SYN-PROJ-02322,CHHATTISGARH,Balrampur-Ramanujganj,Shankargarh,Manpur,432435.0,Railway,Railways Act 1989,35.4,155,76,6,5,20,19,0,328525200,280122100,48403000,1759900,1273700,0.7911,R&R,449,0.3094,0,SYNTHETIC_DEMO,Prototype-only synthetic acquisition record linked to a real Survey of India village boundary; not a government acquisition record.
SYN-ACQ-02323,SYN-PROJ-02323,CHHATTISGARH,Kabeerdham,Kunda,Karimati,439989.0,Railway,Other applicable statute,2.58,101,128,61,13,32,28,1,33669600,21136500,12533100,49892600,23757400,0.7428,Possession,518,0.2189,0,SYNTHETIC_DEMO,Prototype-only synthetic acquisition record linked to a real Survey of India village boundary; not a government acquisition record.
SYN-ACQ-02324,SYN-PROJ-02324,CHHATTISGARH,Narayanpur,Orchha,Mungandee,450047.0,Irrigation,National Highways Act 1956,18.48,81,58,20,20,17,8,1,140977500,70173900,70803600,5458800,3230500,0.8382,Scrutiny,484,0.1824,0,SYNTHETIC_DEMO,Prototype-only synthetic acquisition record linked to a real Survey of India village boundary; not a government acquisition record.
SYN-ACQ-02325,SYN-PROJ-02325,CHHATTISGARH,Bemetara,Bhimbhauri,Khangar Pat,442373.0,Irrigation,Railways Act 1989,48.56,32,34,11,11,4,1,1,415865500,359493800,56371700,4037500,1948000,0.8097,Award,408,0.181,0,SYNTHETIC_DEMO,Prototype-only synthetic acquisition record linked to a real Survey of India village boundary; not a government acquisition record.
SYN-ACQ-02326,SYN-PROJ-02326,CHHATTISGARH,Raigarh,Lailunga,Madiyakachar,434646.0,Urban Infrastructure,Other applicable statute,3.56,212,108,16,15,35,24,1,67885100,67885100,0,12919500,12857000,0.8721,Possession,725,0.2628,0,SYNTHETIC_DEMO,Prototype-only synthetic acquisition record linked to a real Survey of India village boundary; not a government acquisition record.
SYN-ACQ-02327,SYN-PROJ-02327,CHHATTISGARH,Bastar,Tokapal,Burji,449536.0,Power Transmission,Railways Act 1989,67.72,198,38,18,18,5,4,0,144731200,104703300,40027900,3310500,951200,0.6535,Compensation,593,0.3628,0,SYNTHETIC_DEMO,Prototype-only synthetic acquisition record linked to a real Survey of India village boundary; not a government acquisition record.
SYN-ACQ-02328,SYN-PROJ-02328,CHHATTISGARH,Balodabazar-Bhatapara,Balodabazar,Purenakhapri,443757.0,National Highway,Railways Act 1989,63.67,28,5,3,3,0,0,0,146324600,82012300,64312300,2106500,1009000,0.7558,Notification,515,0.4,0,SYNTHETIC_DEMO,Prototype-only synthetic acquisition record linked to a real Survey of India village boundary; not a government acquisition record.
SYN-ACQ-02329,SYN-PROJ-02329,CHHATTISGARH,Raipur,Arang,Ranisagar,444456.0,Railway,RFCTLARR Act 2013,24.84,163,21,5,5,0,0,0,164209500,107067400,57142100,3962700,3617400,0.9029,Compensation,331,0.0314,0,SYNTHETIC_DEMO,Prototype-only synthetic acquisition record linked to a real Survey of India village boundary; not a government acquisition record.
SYN-ACQ-02330,SYN-PROJ-02330,CHHATTISGARH,Uttar Bastar Kanker,Pakhanjur,Kalyanpur,448210.0,Irrigation,RFCTLARR Act 2013,39.0,102,63,25,8,15,10,0,355143400,348595500,6547900,8947200,5943800,0.6183,Completed,470,0.1259,0,SYNTHETIC_DEMO,Prototype-only synthetic acquisition record linked to a real Survey of India village boundary; not a government acquisition record.
SYN-ACQ-02331,SYN-PROJ-02331,CHHATTISGARH,Narayanpur,Kohkameta,Harimarka,449948.0,National Highway,Other applicable statute,40.85,127,98,35,23,12,10,0,132216400,116124100,16092200,18399100,13711300,0.6199,Completed,225,0.1299,0,SYNTHETIC_DEMO,Prototype-only synthetic acquisition record linked to a real Survey of India village boundary; not a government acquisition record.
SYN-ACQ-02332,SYN-PROJ-02332,CHHATTISGARH,Balod,Gurur,Khordo,443377.0,National Highway,RFCTLARR Act 2013,11.38,205,77,35,22,25,11,0,65986700,15618000,50368700,26117200,18237500,0.9536,Compensation,620,0.3438,0,SYNTHETIC_DEMO,Prototype-only synthetic acquisition record linked to a real Survey of India village boundary; not a government acquisition record.
SYN-ACQ-02333,SYN-PROJ-02333,CHHATTISGARH,Raigarh,Gharghoda,Chhote Gumda,434682.0,Urban Infrastructure,RFCTLARR Act 2013,23.99,153,161,39,13,54,49,7,240956800,134961100,105995700,11742400,9809400,0.9922,Objection/Hearing,299,0.1552,0,SYNTHETIC_DEMO,Prototype-only synthetic acquisition record linked to a real Survey of India village boundary; not a government acquisition record.
SYN-ACQ-02334,SYN-PROJ-02334,CHHATTISGARH,Mahasamund,Basna,Potapara Tukda,445804.0,Power Transmission,National Highways Act 1956,17.18,211,159,50,10,56,38,5,73889600,44385800,29503900,19818000,19818000,0.8699,Completed,603,0.3468,0,SYNTHETIC_DEMO,Prototype-only synthetic acquisition record linked to a real Survey of India village boundary; not a government acquisition record.
SYN-ACQ-02335,SYN-PROJ-02335,CHHATTISGARH,Balod,Gurur,Perpar,443378.0,National Highway,RFCTLARR Act 2013,21.4,207,38,4,4,14,6,0,104030500,72961400,31069200,1689500,1113800,0.825,Award,735,0.3967,0,SYNTHETIC_DEMO,Prototype-only synthetic acquisition record linked to a real Survey of India village boundary; not a government acquisition record.
SYN-ACQ-02336,SYN-PROJ-02336,CHHATTISGARH,Raigarh,Kharsia,Khardgaon,435147.0,Industrial Corridor,National Highways Act 1956,47.08,159,89,8,8,26,20,2,209803200,97554700,112248500,3191200,1514300,0.6841,Possession,575,0.161,0,SYNTHETIC_DEMO,Prototype-only synthetic acquisition record linked to a real Survey of India village boundary; not a government acquisition record.
SYN-ACQ-02337,SYN-PROJ-02337,CHHATTISGARH,Rajnandgaon,Rajnandgaon,Joratarai,440769.0,Railway,National Highways Act 1956,12.22,55,140,59,9,34,25,4,75981400,63366200,12615100,52835500,33954300,0.9882,Objection/Hearing,375,0.158,0,SYNTHETIC_DEMO,Prototype-only synthetic acquisition record linked to a real Survey of India village boundary; not a government acquisition record.
SYN-ACQ-02338,SYN-PROJ-02338,CHHATTISGARH,Mahasamund,Basna,Chhirrabahara,445639.0,Railway,Other applicable statute,73.77,66,78,3,3,19,11,1,678698400,550629700,128068700,2620700,1627800,0.6909,Compensation,391,0.0778,0,SYNTHETIC_DEMO,Prototype-only synthetic acquisition record linked to a real Survey of India village boundary; not a government acquisition record.
SYN-ACQ-02339,SYN-PROJ-02339,CHHATTISGARH,Dakshin Bastar Dantewada,Bade Bacheli,Kadampal,450245.0,Industrial Corridor,National Highways Act 1956,56.58,176,79,12,12,12,5,1,459892100,433075200,26816900,9084200,6492700,0.7283,Completed,450,0.2227,0,SYNTHETIC_DEMO,Prototype-only synthetic acquisition record linked to a real Survey of India village boundary; not a government acquisition record.
SYN-ACQ-02340,SYN-PROJ-02340,CHHATTISGARH,Jashpur,Kansabel,Chhera Ghoghra,433734.0,National Highway,RFCTLARR Act 2013,46.93,81,71,16,16,8,3,0,170185900,127074300,43111600,8633500,3346800,0.9679,Possession,195,0.0337,0,SYNTHETIC_DEMO,Prototype-only synthetic acquisition record linked to a real Survey of India village boundary; not a government acquisition record.
SYN-ACQ-02341,SYN-PROJ-02341,CHHATTISGARH,Sarangarh-Bilaigarh,Sarsiwa,Lakhurridih,444351.0,Urban Infrastructure,National Highways Act 1956,5.32,122,114,42,16,10,4,0,45801000,31414100,14386900,28061400,15547500,0.9998,Completed,535,0.1451,0,SYNTHETIC_DEMO,Prototype-only synthetic acquisition record linked to a real Survey of India village boundary; not a government acquisition record.
SYN-ACQ-02342,SYN-PROJ-02342,CHHATTISGARH,Durg,Bori,Parsada Khurd,442479.0,Industrial Corridor,RFCTLARR Act 2013,61.46,60,20,11,11,2,1,0,195610400,59889500,135720900,2478300,1239300,0.733,GIS Verification,532,0.1465,0,SYNTHETIC_DEMO,Prototype-only synthetic acquisition record linked to a real Survey of India village boundary; not a government acquisition record.
SYN-ACQ-02343,SYN-PROJ-02343,CHHATTISGARH,Bijapur,Usur,Belam Lendra,450882.0,Railway,RFCTLARR Act 2013,8.64,208,150,25,14,37,25,5,56053500,47495900,8557600,18739600,10165900,0.6469,Award,356,0.2437,0,SYNTHETIC_DEMO,Prototype-only synthetic acquisition record linked to a real Survey of India village boundary; not a government acquisition record.
SYN-ACQ-02344,SYN-PROJ-02344,CHHATTISGARH,Mahasamund,Saraipali,Jognipali,445906.0,Urban Infrastructure,RFCTLARR Act 2013,35.96,155,121,58,2,16,7,0,177692000,177692000,0,35258300,5857300,0.7228,Award,243,0.1717,0,SYNTHETIC_DEMO,Prototype-only synthetic acquisition record linked to a real Survey of India village boundary; not a government acquisition record.
SYN-ACQ-02345,SYN-PROJ-02345,CHHATTISGARH,Balrampur-Ramanujganj,Shankargarh,Amgaon,432448.0,National Highway,National Highways Act 1956,74.92,163,9,1,1,3,2,0,496530900,277017500,219513400,899600,690200,0.6788,Possession,597,0.3475,0,SYNTHETIC_DEMO,Prototype-only synthetic acquisition record linked to a real Survey of India village boundary; not a government acquisition record.
SYN-ACQ-02346,SYN-PROJ-02346,CHHATTISGARH,Kondagaon,BADERAJPUR,Machali,448616.0,Industrial Corridor,Railways Act 1989,16.77,109,53,13,13,21,13,4,87172600,74494200,12678300,10724100,3487900,0.7093,GIS Verification,394,0.3355,0,SYNTHETIC_DEMO,Prototype-only synthetic acquisition record linked to a real Survey of India village boundary; not a government acquisition record.
SYN-ACQ-02347,SYN-PROJ-02347,CHHATTISGARH,Bemetara,Thankhamariya,Tharakpur,442211.0,Urban Infrastructure,Other applicable statute,66.03,37,27,1,1,11,9,1,215431300,215431300,0,892100,383900,0.8662,Possession,350,0.1155,0,SYNTHETIC_DEMO,Prototype-only synthetic acquisition record linked to a real Survey of India village boundary; not a government acquisition record.
SYN-ACQ-02348,SYN-PROJ-02348,CHHATTISGARH,Mahasamund,Basna,Chorbhatti,445808.0,Industrial Corridor,National Highways Act 1956,64.48,113,32,6,6,6,2,0,447942600,412371100,35571500,1217100,857800,0.9797,Possession,260,0.0,0,SYNTHETIC_DEMO,Prototype-only synthetic acquisition record linked to a real Survey of India village boundary; not a government acquisition record.
SYN-ACQ-02349,SYN-PROJ-02349,CHHATTISGARH,Balrampur-Ramanujganj,Ramchandrapur,Rewatipur,431861.0,Irrigation,Other applicable statute,1.61,169,130,65,28,13,6,0,11238700,9095300,2143400,41461300,18044900,0.9477,Compensation,439,0.1593,0,SYNTHETIC_DEMO,Prototype-only synthetic acquisition record linked to a real Survey of India village boundary; not a government acquisition record.
SYN-ACQ-02350,SYN-PROJ-02350,CHHATTISGARH,Khairagarh-Chhuikhadan-Gandai,Salhewara,Rakhidih,440045.0,National Highway,RFCTLARR Act 2013,63.04,150,68,1,1,20,15,3,154759800,104871500,49888300,405100,405100,0.6521,Objection/Hearing,740,0.4298,0,SYNTHETIC_DEMO,Prototype-only synthetic acquisition record linked to a real Survey of India village boundary; not a government acquisition record.
SYN-ACQ-02351,SYN-PROJ-02351,CHHATTISGARH,Manendragarh-Chirmiri-Bharatpur (MCB),Chirmiri,Udhanapur,431758.0,Industrial Corridor,Other applicable statute,64.12,143,95,38,38,13,10,0,256080800,98678500,157402300,10013300,6545600,0.9867,Proposal,308,0.2786,0,SYNTHETIC_DEMO,Prototype-only synthetic acquisition record linked to a real Survey of India village boundary; not a government acquisition record.
SYN-ACQ-02352,SYN-PROJ-02352,CHHATTISGARH,Surguja,Udaypur,Jajga,433216.0,Urban Infrastructure,Other applicable statute,73.92,140,60,19,19,15,10,0,242382100,131461300,110920800,10961200,6719500,0.8587,Proposal,466,0.1741,0,SYNTHETIC_DEMO,Prototype-only synthetic acquisition record linked to a real Survey of India village boundary; not a government acquisition record.
SYN-ACQ-02353,SYN-PROJ-02353,CHHATTISGARH,Kabeerdham,Kunda,Raitapara,439980.0,Power Transmission,RFCTLARR Act 2013,57.63,157,7,2,2,0,0,0,115736100,104397800,11338300,778400,561900,0.8537,Completed,228,0.085,0,SYNTHETIC_DEMO,Prototype-only synthetic acquisition record linked to a real Survey of India village boundary; not a government acquisition record.
SYN-ACQ-02354,SYN-PROJ-02354,CHHATTISGARH,Sarangarh-Bilaigarh,Sarangarh,Banjari,435540.0,Railway,RFCTLARR Act 2013,70.51,41,85,24,24,16,8,2,451571800,220857800,230714000,13720900,9200500,0.958,Possession,504,0.2769,0,SYNTHETIC_DEMO,Prototype-only synthetic acquisition record linked to a real Survey of India village boundary; not a government acquisition record.
SYN-ACQ-02355,SYN-PROJ-02355,CHHATTISGARH,Bemetara,Nandghat,Mohlain,441845.0,National Highway,National Highways Act 1956,16.88,89,166,52,39,25,20,2,139577700,79547600,60030100,34057500,17491500,0.746,Compensation,658,0.4638,0,SYNTHETIC_DEMO,Prototype-only synthetic acquisition record linked to a real Survey of India village boundary; not a government acquisition record.
SYN-ACQ-02356,SYN-PROJ-02356,CHHATTISGARH,Khairagarh-Chhuikhadan-Gandai,Khairagarh,Chhechhand Pahari,440397.0,Industrial Corridor,Other applicable statute,14.54,138,57,19,5,7,6,1,81222700,81222700,0,15841300,10030400,0.6498,Compensation,368,0.2088,0,SYNTHETIC_DEMO,Prototype-only synthetic acquisition record linked to a real Survey of India village boundary; not a government acquisition record.
SYN-ACQ-02357,SYN-PROJ-02357,CHHATTISGARH,Rajnandgaon,Kumarda,Kapa,441048.0,National Highway,RFCTLARR Act 2013,71.69,156,94,25,25,3,2,0,455695300,379893300,75802000,15509300,4900700,0.8563,GIS Verification,45,0.1101,0,SYNTHETIC_DEMO,Prototype-only synthetic acquisition record linked to a real Survey of India village boundary; not a government acquisition record.
SYN-ACQ-02358,SYN-PROJ-02358,CHHATTISGARH,Khairagarh-Chhuikhadan-Gandai,Gandai,Daurigarh,440113.0,Power Transmission,National Highways Act 1956,47.38,36,172,4,4,60,51,5,173325100,143089400,30235700,1687600,1687600,0.8678,Award,288,0.1113,0,SYNTHETIC_DEMO,Prototype-only synthetic acquisition record linked to a real Survey of India village boundary; not a government acquisition record.
SYN-ACQ-02359,SYN-PROJ-02359,CHHATTISGARH,Surguja,Lakhanpur,Bagdarri,433138.0,Irrigation,Railways Act 1989,22.16,97,161,33,33,7,3,0,145713600,133880500,11833200,12921600,7301700,0.8558,Scrutiny,455,0.1518,0,SYNTHETIC_DEMO,Prototype-only synthetic acquisition record linked to a real Survey of India village boundary; not a government acquisition record.
SYN-ACQ-02360,SYN-PROJ-02360,CHHATTISGARH,Raigarh,Lailunga,Rupdega,434545.0,Urban Infrastructure,RFCTLARR Act 2013,7.98,204,55,21,18,8,5,0,34238900,21950200,12288700,6777800,5132700,0.6176,Compensation,358,0.191,0,SYNTHETIC_DEMO,Prototype-only synthetic acquisition record linked to a real Survey of India village boundary; not a government acquisition record.
SYN-ACQ-02361,SYN-PROJ-02361,CHHATTISGARH,Balrampur-Ramanujganj,Ramanujganj,Gamhariya,431905.0,Power Transmission,RFCTLARR Act 2013,44.65,155,107,36,15,17,10,0,382119600,171323600,210796000,9322500,5591300,0.838,Notification,394,0.1968,0,SYNTHETIC_DEMO,Prototype-only synthetic acquisition record linked to a real Survey of India village boundary; not a government acquisition record.
SYN-ACQ-02362,SYN-PROJ-02362,CHHATTISGARH,Korea,Baikunthpur,Korchadand,431431.0,Power Transmission,RFCTLARR Act 2013,3.81,209,30,13,6,10,8,1,21726100,12883000,8843100,9464000,6712200,0.9856,Notification,393,0.2497,0,SYNTHETIC_DEMO,Prototype-only synthetic acquisition record linked to a real Survey of India village boundary; not a government acquisition record.
SYN-ACQ-02363,SYN-PROJ-02363,CHHATTISGARH,Mohla-Manpur-Ambagarh Chouki,Ambagarh Chouki,Dhanapayali,441658.0,Railway,RFCTLARR Act 2013,5.84,75,163,2,2,18,15,0,60496300,45314900,15181400,1626800,1414600,0.798,Objection/Hearing,363,0.1718,0,SYNTHETIC_DEMO,Prototype-only synthetic acquisition record linked to a real Survey of India village boundary; not a government acquisition record.
SYN-ACQ-02364,SYN-PROJ-02364,CHHATTISGARH,Raigarh,Mukdega,Kuropahari,434590.0,Industrial Corridor,Railways Act 1989,66.5,217,129,23,23,11,4,1,623506900,401060600,222446300,16904800,14005900,0.6171,Possession,321,0.3287,0,SYNTHETIC_DEMO,Prototype-only synthetic acquisition record linked to a real Survey of India village boundary; not a government acquisition record.
SYN-ACQ-02365,SYN-PROJ-02365,CHHATTISGARH,Bijapur,Bhopalpattnam,Posadpalli,450799.0,Industrial Corridor,National Highways Act 1956,31.86,21,17,7,3,4,3,0,237239000,167856800,69382200,1857500,1216400,0.7774,Scrutiny,415,0.2323,0,SYNTHETIC_DEMO,Prototype-only synthetic acquisition record linked to a real Survey of India village boundary; not a government acquisition record.
SYN-ACQ-02366,SYN-PROJ-02366,CHHATTISGARH,Dakshin Bastar Dantewada,Bade Bacheli,BAILADILA R.F.,51.0,National Highway,Other applicable statute,61.63,138,13,6,6,8,7,0,416661700,272776500,143885200,4926800,4202300,0.5864,Award,605,0.3507,0,SYNTHETIC_DEMO,Prototype-only synthetic acquisition record linked to a real Survey of India village boundary; not a government acquisition record.
SYN-ACQ-02367,SYN-PROJ-02367,CHHATTISGARH,Kabeerdham,Pipariya,Chuchrungpur,439139.0,Urban Infrastructure,Other applicable statute,45.01,21,87,10,10,31,25,1,122644900,82214300,40430600,8084200,6274600,0.6178,Award,393,0.1739,0,SYNTHETIC_DEMO,Prototype-only synthetic acquisition record linked to a real Survey of India village boundary; not a government acquisition record.
SYN-ACQ-02368,SYN-PROJ-02368,CHHATTISGARH,Bijapur,Bhopalpattnam,Pegdapalli,450823.0,Irrigation,Other applicable statute,13.3,61,93,44,32,3,2,1,127114200,116067100,11047100,37321200,34582400,0.9272,R&R,513,0.2941,0,SYNTHETIC_DEMO,Prototype-only synthetic acquisition record linked to a real Survey of India village boundary; not a government acquisition record.
SYN-ACQ-02369,SYN-PROJ-02369,CHHATTISGARH,Bilaspur,Belgahna,Saktibahra,437964.0,National Highway,Railways Act 1989,14.01,86,160,35,28,37,15,1,126777200,115708800,11068400,22368400,17579600,0.6365,Possession,259,0.0221,0,SYNTHETIC_DEMO,Prototype-only synthetic acquisition record linked to a real Survey of India village boundary; not a government acquisition record.
SYN-ACQ-02370,SYN-PROJ-02370,CHHATTISGARH,Mungeli,Mungeli,Majhgaon,438287.0,Urban Infrastructure,Other applicable statute,74.36,91,173,57,31,36,35,7,191428900,162682900,28746000,39199700,33430500,0.843,Notification,574,0.2913,0,SYNTHETIC_DEMO,Prototype-only synthetic acquisition record linked to a real Survey of India village boundary; not a government acquisition record.
SYN-ACQ-02371,SYN-PROJ-02371,CHHATTISGARH,Khairagarh-Chhuikhadan-Gandai,Gandai,Lamra,440107.0,National Highway,Railways Act 1989,28.34,162,145,37,3,7,3,0,208216100,142349400,65866700,20003500,19253200,0.6644,Proposal,386,0.1998,0,SYNTHETIC_DEMO,Prototype-only synthetic acquisition record linked to a real Survey of India village boundary; not a government acquisition record.
SYN-ACQ-02372,SYN-PROJ-02372,CHHATTISGARH,Jashpur,Manora,Sarai Toli,433916.0,Industrial Corridor,RFCTLARR Act 2013,44.66,211,8,1,1,4,3,0,302604200,257011100,45593200,156600,67400,0.6412,Objection/Hearing,681,0.1651,0,SYNTHETIC_DEMO,Prototype-only synthetic acquisition record linked to a real Survey of India village boundary; not a government acquisition record.
SYN-ACQ-02373,SYN-PROJ-02373,CHHATTISGARH,Mungeli,Lalpur Thana,Marukapa,437815.0,National Highway,RFCTLARR Act 2013,29.32,203,169,73,20,23,11,0,210138600,111107700,99030900,44574500,41007500,0.8396,Completed,268,0.0207,0,SYNTHETIC_DEMO,Prototype-only synthetic acquisition record linked to a real Survey of India village boundary; not a government acquisition record.
SYN-ACQ-02374,SYN-PROJ-02374,CHHATTISGARH,Uttar Bastar Kanker,Bande,Karkonda,448354.0,Urban Infrastructure,Other applicable statute,5.45,213,43,18,18,17,9,2,56506400,33197900,23308500,5708500,1170100,0.6874,Compensation,602,0.4127,0,SYNTHETIC_DEMO,Prototype-only synthetic acquisition record linked to a real Survey of India village boundary; not a government acquisition record.
SYN-ACQ-02375,SYN-PROJ-02375,CHHATTISGARH,Sakti,Adbhar,Chandeladih,437228.0,National Highway,RFCTLARR Act 2013,7.0,7,91,35,23,24,18,1,55751100,37569200,18181900,22441500,6266700,0.8105,Objection/Hearing,664,0.3656,0,SYNTHETIC_DEMO,Prototype-only synthetic acquisition record linked to a real Survey of India village boundary; not a government acquisition record.
SYN-ACQ-02376,SYN-PROJ-02376,CHHATTISGARH,Dakshin Bastar Dantewada,Katekalyan,Chikpal,450220.0,Industrial Corridor,Railways Act 1989,43.08,102,81,35,25,14,13,2,155350700,51240300,104110400,27250800,18937900,0.9136,Compensation,682,0.4663,0,SYNTHETIC_DEMO,Prototype-only synthetic acquisition record linked to a real Survey of India village boundary; not a government acquisition record.
SYN-ACQ-02377,SYN-PROJ-02377,CHHATTISGARH,Kabeerdham,Kawardha,Jhalka,439203.0,Irrigation,National Highways Act 1956,70.99,90,35,18,18,2,1,0,263095600,159774100,103321600,8707100,6098400,0.9774,Compensation,151,0.1133,0,SYNTHETIC_DEMO,Prototype-only synthetic acquisition record linked to a real Survey of India village boundary; not a government acquisition record.
SYN-ACQ-02378,SYN-PROJ-02378,CHHATTISGARH,Mungeli,Mungeli,Chhata,438125.0,Power Transmission,Other applicable statute,19.56,215,167,3,3,51,35,1,83933800,83933800,0,2507900,1901500,0.6486,Possession,346,0.1545,0,SYNTHETIC_DEMO,Prototype-only synthetic acquisition record linked to a real Survey of India village boundary; not a government acquisition record.
SYN-ACQ-02379,SYN-PROJ-02379,CHHATTISGARH,Balrampur-Ramanujganj,Ramchandrapur,Piparpan,431873.0,Industrial Corridor,RFCTLARR Act 2013,67.9,165,65,30,18,11,10,0,543598300,350869200,192729000,6820100,4379100,0.7853,Scrutiny,236,0.1381,0,SYNTHETIC_DEMO,Prototype-only synthetic acquisition record linked to a real Survey of India village boundary; not a government acquisition record.
SYN-ACQ-02380,SYN-PROJ-02380,CHHATTISGARH,Sarangarh-Bilaigarh,Sarangarh,Thakurdiya,435530.0,Irrigation,National Highways Act 1956,10.47,137,163,75,5,21,19,1,133350600,108079900,25270800,30947200,22909800,0.7401,Notification,218,0.0,0,SYNTHETIC_DEMO,Prototype-only synthetic acquisition record linked to a real Survey of India village boundary; not a government acquisition record.
SYN-ACQ-02381,SYN-PROJ-02381,CHHATTISGARH,Balod,Daundilohara,FOREST,51.0,Power Transmission,Other applicable statute,29.13,67,98,3,3,5,2,0,157831700,99462600,58369100,2148900,702500,0.9672,Notification,473,0.3461,0,SYNTHETIC_DEMO,Prototype-only synthetic acquisition record linked to a real Survey of India village boundary; not a government acquisition record.
SYN-ACQ-02382,SYN-PROJ-02382,CHHATTISGARH,Bijapur,Kutru,Kuprel,451091.0,Urban Infrastructure,Other applicable statute,68.06,199,108,51,20,18,13,0,669836300,622378500,47457800,33265700,30771400,0.9344,Completed,112,0.0,0,SYNTHETIC_DEMO,Prototype-only synthetic acquisition record linked to a real Survey of India village boundary; not a government acquisition record.
SYN-ACQ-02383,SYN-PROJ-02383,CHHATTISGARH,Balod,Arjunda,Kurdi,442847.0,Railway,RFCTLARR Act 2013,3.45,9,146,71,38,26,21,1,87774700,64948300,22826300,44416200,34500800,0.6747,Scrutiny,530,0.3396,0,SYNTHETIC_DEMO,Prototype-only synthetic acquisition record linked to a real Survey of India village boundary; not a government acquisition record.
SYN-ACQ-02384,SYN-PROJ-02384,CHHATTISGARH,Dhamtari,Kukrel,Singpur,446996.0,Power Transmission,RFCTLARR Act 2013,24.62,207,89,33,24,16,11,1,108231700,95804300,12427400,25091700,25091700,0.8846,Scrutiny,589,0.2194,0,SYNTHETIC_DEMO,Prototype-only synthetic acquisition record linked to a real Survey of India village boundary; not a government acquisition record.
SYN-ACQ-02385,SYN-PROJ-02385,CHHATTISGARH,Balodabazar-Bhatapara,Sonakhan,Bilari,444094.0,National Highway,RFCTLARR Act 2013,40.28,212,45,2,2,3,1,0,283712800,218737700,64975100,1047000,543600,0.5514,Award,360,0.1211,0,SYNTHETIC_DEMO,Prototype-only synthetic acquisition record linked to a real Survey of India village boundary; not a government acquisition record.
SYN-ACQ-02386,SYN-PROJ-02386,CHHATTISGARH,Uttar Bastar Kanker,Koylibeda,Jamdi,448257.0,National Highway,National Highways Act 1956,66.38,128,91,10,10,10,8,1,403586600,311725700,91860900,3549000,2783400,0.9689,GIS Verification,317,0.1283,0,SYNTHETIC_DEMO,Prototype-only synthetic acquisition record linked to a real Survey of India village boundary; not a government acquisition record.
SYN-ACQ-02387,SYN-PROJ-02387,CHHATTISGARH,Balodabazar-Bhatapara,Balodabazar,Medh,443720.0,Irrigation,National Highways Act 1956,21.34,74,118,23,20,41,23,0,164591600,147498200,17093400,6478800,4705600,0.977,Notification,407,0.0796,0,SYNTHETIC_DEMO,Prototype-only synthetic acquisition record linked to a real Survey of India village boundary; not a government acquisition record.
SYN-ACQ-02388,SYN-PROJ-02388,CHHATTISGARH,Rajnandgaon,Ghumka,Kauhakuda,440707.0,Power Transmission,Other applicable statute,5.01,217,94,35,6,35,20,1,73291500,62104300,11187200,27687800,24042900,0.7795,Objection/Hearing,250,0.0813,0,SYNTHETIC_DEMO,Prototype-only synthetic acquisition record linked to a real Survey of India village boundary; not a government acquisition record.
SYN-ACQ-02389,SYN-PROJ-02389,CHHATTISGARH,Sakti,Bhothiya,Salani,437343.0,Irrigation,RFCTLARR Act 2013,28.39,34,112,22,22,39,32,4,253069700,122541100,130528600,12075800,8457700,0.832,Possession,530,0.3186,0,SYNTHETIC_DEMO,Prototype-only synthetic acquisition record linked to a real Survey of India village boundary; not a government acquisition record.
SYN-ACQ-02390,SYN-PROJ-02390,CHHATTISGARH,Janjgir-Champa,Pamgarh,Semariya (Baijnath),437040.0,Urban Infrastructure,Other applicable statute,41.58,145,35,3,3,12,6,2,370769000,230431600,140337400,2212000,2212000,0.7756,Completed,694,0.3888,0,SYNTHETIC_DEMO,Prototype-only synthetic acquisition record linked to a real Survey of India village boundary; not a government acquisition record.
SYN-ACQ-02391,SYN-PROJ-02391,CHHATTISGARH,Mahasamund,Basna,FOREST,51.0,Railway,Other applicable statute,10.53,121,84,31,23,18,10,0,44070300,34956700,9113600,27864000,15894700,0.9515,Scrutiny,679,0.4734,0,SYNTHETIC_DEMO,Prototype-only synthetic acquisition record linked to a real Survey of India village boundary; not a government acquisition record.
SYN-ACQ-02392,SYN-PROJ-02392,CHHATTISGARH,Balodabazar-Bhatapara,Lavan,Khamhardih,443809.0,Power Transmission,Railways Act 1989,30.55,183,85,24,1,6,2,0,88134400,59321000,28813300,12342300,7430700,0.6804,Objection/Hearing,328,0.1561,0,SYNTHETIC_DEMO,Prototype-only synthetic acquisition record linked to a real Survey of India village boundary; not a government acquisition record.
SYN-ACQ-02393,SYN-PROJ-02393,CHHATTISGARH,Uttar Bastar Kanker,Aamabeda,FOREST,51.0,Industrial Corridor,Railways Act 1989,43.53,90,5,1,1,1,0,0,330433000,222351600,108081300,599100,345200,0.8286,Award,427,0.1026,0,SYNTHETIC_DEMO,Prototype-only synthetic acquisition record linked to a real Survey of India village boundary; not a government acquisition record.
SYN-ACQ-02394,SYN-PROJ-02394,CHHATTISGARH,Manendragarh-Chirmiri-Bharatpur (MCB),Kotadol,Sarangwah,431335.0,Urban Infrastructure,Railways Act 1989,41.2,175,139,44,0,13,12,1,138496600,66267700,72228900,37695000,26451800,0.6264,GIS Verification,556,0.1932,0,SYNTHETIC_DEMO,Prototype-only synthetic acquisition record linked to a real Survey of India village boundary; not a government acquisition record.
SYN-ACQ-02395,SYN-PROJ-02395,CHHATTISGARH,Rajnandgaon,Chhuriya,Hat Banjari,440966.0,Power Transmission,RFCTLARR Act 2013,51.05,150,58,29,17,10,9,1,147876500,91879700,55996800,23955800,18166200,0.61,Award,396,0.1887,0,SYNTHETIC_DEMO,Prototype-only synthetic acquisition record linked to a real Survey of India village boundary; not a government acquisition record.
SYN-ACQ-02396,SYN-PROJ-02396,CHHATTISGARH,Mungeli,Lalpur Thana,Dhondhapara,437792.0,Railway,Railways Act 1989,3.08,41,38,7,4,1,0,0,33648500,27621000,6027500,4905500,3141200,0.7121,Compensation,252,0.1114,0,SYNTHETIC_DEMO,Prototype-only synthetic acquisition record linked to a real Survey of India village boundary; not a government acquisition record.
SYN-ACQ-02397,SYN-PROJ-02397,CHHATTISGARH,Raipur,Dharsiwa,Dharsiva (CT),444719.0,Railway,Other applicable statute,61.36,109,98,24,19,32,31,4,359184200,183853700,175330500,21342200,12853700,0.5748,Notification,644,0.3881,0,SYNTHETIC_DEMO,Prototype-only synthetic acquisition record linked to a real Survey of India village boundary; not a government acquisition record.
SYN-ACQ-02398,SYN-PROJ-02398,CHHATTISGARH,Manendragarh-Chirmiri-Bharatpur (MCB),Kotadol,Harri,431283.0,Irrigation,Railways Act 1989,29.3,8,152,28,15,17,10,1,300794300,170179600,130614700,5313000,4136100,0.6347,Possession,458,0.3137,0,SYNTHETIC_DEMO,Prototype-only synthetic acquisition record linked to a real Survey of India village boundary; not a government acquisition record.
SYN-ACQ-02399,SYN-PROJ-02399,CHHATTISGARH,Surajpur,Bhaiyathan,Rajbahar,432760.0,Railway,National Highways Act 1956,31.34,82,110,16,6,7,3,0,171258800,74633400,96625400,12541700,9209100,0.9249,Compensation,439,0.2831,0,SYNTHETIC_DEMO,Prototype-only synthetic acquisition record linked to a real Survey of India village boundary; not a government acquisition record.
SYN-ACQ-02400,SYN-PROJ-02400,CHHATTISGARH,Gariyaband,Mainpur,Udanti,445527.0,Power Transmission,RFCTLARR Act 2013,49.61,37,125,10,10,29,13,1,193183400,138311400,54872000,4765300,2838500,0.9101,Scrutiny,467,0.099,0,SYNTHETIC_DEMO,Prototype-only synthetic acquisition record linked to a real Survey of India village boundary; not a government acquisition record.
SYN-ACQ-02401,SYN-PROJ-02401,CHHATTISGARH,Bemetara,Nawagarh,Kharhari,441752.0,Irrigation,RFCTLARR Act 2013,41.5,164,114,25,6,7,6,0,330733200,234447600,96285700,13756200,7652500,0.6011,Completed,337,0.1058,0,SYNTHETIC_DEMO,Prototype-only synthetic acquisition record linked to a real Survey of India village boundary; not a government acquisition record.
SYN-ACQ-02402,SYN-PROJ-02402,CHHATTISGARH,Balrampur-Ramanujganj,Rajpur,Badauli,433301.0,Power Transmission,RFCTLARR Act 2013,41.08,15,119,13,9,6,2,0,154264800,154264800,0,4899400,3568900,0.6042,Scrutiny,354,0.1427,0,SYNTHETIC_DEMO,Prototype-only synthetic acquisition record linked to a real Survey of India village boundary; not a government acquisition record.
SYN-ACQ-02403,SYN-PROJ-02403,CHHATTISGARH,Narayanpur,Chhotedongar,Rajpur,449784.0,Power Transmission,Railways Act 1989,23.17,39,42,13,13,6,3,0,152007400,123876400,28131000,9271800,6087400,0.8421,GIS Verification,367,0.1574,0,SYNTHETIC_DEMO,Prototype-only synthetic acquisition record linked to a real Survey of India village boundary; not a government acquisition record.
SYN-ACQ-02404,SYN-PROJ-02404,CHHATTISGARH,Durg,Dhamdha,Agar,442397.0,Irrigation,Railways Act 1989,42.62,5,173,83,26,44,20,1,155942400,117930200,38012300,52866800,43135900,0.8393,Notification,544,0.2299,0,SYNTHETIC_DEMO,Prototype-only synthetic acquisition record linked to a real Survey of India village boundary; not a government acquisition record.
SYN-ACQ-02405,SYN-PROJ-02405,CHHATTISGARH,Rajnandgaon,Rajnandgaon,Rajnandgaon (M.Corp.),801991.0,Irrigation,RFCTLARR Act 2013,1.76,32,95,5,5,10,9,1,31212500,31212500,0,2918700,1860000,0.7326,R&R,419,0.099,0,SYNTHETIC_DEMO,Prototype-only synthetic acquisition record linked to a real Survey of India village boundary; not a government acquisition record.
SYN-ACQ-02406,SYN-PROJ-02406,CHHATTISGARH,Sakti,Malkharoda,Khemada,437297.0,Power Transmission,Railways Act 1989,10.55,42,84,28,4,12,6,0,37623600,19180900,18442800,11493300,10852400,0.9731,Completed,542,0.3091,0,SYNTHETIC_DEMO,Prototype-only synthetic acquisition record linked to a real Survey of India village boundary; not a government acquisition record.
SYN-ACQ-02407,SYN-PROJ-02407,CHHATTISGARH,Uttar Bastar Kanker,Antagarh,Malmeta,448090.0,Railway,Railways Act 1989,43.86,6,29,15,14,3,2,0,397019600,325369900,71649600,11388600,7308800,0.8613,R&R,49,0.0859,0,SYNTHETIC_DEMO,Prototype-only synthetic acquisition record linked to a real Survey of India village boundary; not a government acquisition record.
SYN-ACQ-02408,SYN-PROJ-02408,CHHATTISGARH,Uttar Bastar Kanker,Bhanupratappur,FOREST,51.0,Urban Infrastructure,Other applicable statute,30.68,15,20,1,1,9,6,0,133568700,110967100,22601600,740300,386400,0.5565,Scrutiny,259,0.0453,0,SYNTHETIC_DEMO,Prototype-only synthetic acquisition record linked to a real Survey of India village boundary; not a government acquisition record.
SYN-ACQ-02409,SYN-PROJ-02409,CHHATTISGARH,Surajpur,Ramanujnagar,Keshavpur,432871.0,Railway,Railways Act 1989,6.89,62,77,29,29,32,28,1,66936000,60505400,6430600,22200100,15465000,0.8941,R&R,573,0.174,0,SYNTHETIC_DEMO,Prototype-only synthetic acquisition record linked to a real Survey of India village boundary; not a government acquisition record.
SYN-ACQ-02410,SYN-PROJ-02410,CHHATTISGARH,Bemetara,Nandghat,Keshtara,441811.0,Railway,National Highways Act 1956,70.44,15,108,9,9,15,8,1,556904700,367472600,189432000,4180600,3381100,0.6479,Possession,385,0.345,0,SYNTHETIC_DEMO,Prototype-only synthetic acquisition record linked to a real Survey of India village boundary; not a government acquisition record.
SYN-ACQ-02411,SYN-PROJ-02411,CHHATTISGARH,Sukma,Chhindgarh,Kunna,450539.0,National Highway,Railways Act 1989,33.67,166,145,37,5,24,17,2,96774800,56780300,39994500,20824100,8198000,0.9357,GIS Verification,197,0.0957,0,SYNTHETIC_DEMO,Prototype-only synthetic acquisition record linked to a real Survey of India village boundary; not a government acquisition record.
SYN-ACQ-02412,SYN-PROJ-02412,CHHATTISGARH,Uttar Bastar Kanker,Antagarh,Chipondi,448083.0,Industrial Corridor,RFCTLARR Act 2013,44.2,98,11,6,6,3,2,0,234655800,190669800,43985900,5397700,3371300,0.8548,Completed,351,0.2549,0,SYNTHETIC_DEMO,Prototype-only synthetic acquisition record linked to a real Survey of India village boundary; not a government acquisition record.
SYN-ACQ-02413,SYN-PROJ-02413,CHHATTISGARH,Surguja,Udaypur,Pangoti,433231.0,Industrial Corridor,RFCTLARR Act 2013,21.77,23,153,72,36,41,20,0,216614700,97113900,119500900,35919000,35919000,0.7859,Possession,321,0.2728,0,SYNTHETIC_DEMO,Prototype-only synthetic acquisition record linked to a real Survey of India village boundary; not a government acquisition record.
SYN-ACQ-02414,SYN-PROJ-02414,CHHATTISGARH,Kabeerdham,Bodla,Tilai Bhath,439395.0,Irrigation,Railways Act 1989,10.14,174,23,12,12,2,1,0,82092900,68238500,13854400,2529700,1509100,0.6443,Scrutiny,421,0.2311,0,SYNTHETIC_DEMO,Prototype-only synthetic acquisition record linked to a real Survey of India village boundary; not a government acquisition record.
SYN-ACQ-02415,SYN-PROJ-02415,CHHATTISGARH,Mahasamund,Saraipali,Gamhardih,446048.0,Irrigation,Other applicable statute,36.09,56,164,43,36,24,20,3,152786200,131329400,21456800,22086600,12221100,0.8293,Award,60,0.0,0,SYNTHETIC_DEMO,Prototype-only synthetic acquisition record linked to a real Survey of India village boundary; not a government acquisition record.
SYN-ACQ-02416,SYN-PROJ-02416,CHHATTISGARH,Mahasamund,Bagbahra,Sondadar,446695.0,Railway,National Highways Act 1956,12.27,36,106,20,18,12,10,0,55609800,55609800,0,13231000,13231000,0.9484,GIS Verification,242,0.1049,0,SYNTHETIC_DEMO,Prototype-only synthetic acquisition record linked to a real Survey of India village boundary; not a government acquisition record.
SYN-ACQ-02417,SYN-PROJ-02417,CHHATTISGARH,Bastar,Tokapal,Kurenga,449513.0,Railway,National Highways Act 1956,57.43,28,172,74,28,44,42,6,245272300,176321700,68950600,38908100,30120300,0.9521,Proposal,140,0.0,0,SYNTHETIC_DEMO,Prototype-only synthetic acquisition record linked to a real Survey of India village boundary; not a government acquisition record.
SYN-ACQ-02418,SYN-PROJ-02418,CHHATTISGARH,Mungeli,Mungeli,Shitaldah,438178.0,Urban Infrastructure,RFCTLARR Act 2013,28.27,182,92,8,8,6,5,1,117559400,94438300,23121100,4614400,4198100,0.5647,GIS Verification,499,0.2339,0,SYNTHETIC_DEMO,Prototype-only synthetic acquisition record linked to a real Survey of India village boundary; not a government acquisition record.
SYN-ACQ-02419,SYN-PROJ-02419,CHHATTISGARH,Surguja,Ambikapur,Bakmer,432993.0,Urban Infrastructure,RFCTLARR Act 2013,38.86,193,129,52,2,36,28,0,121743700,86478000,35265700,17427400,9616400,0.8433,Proposal,391,0.1635,0,SYNTHETIC_DEMO,Prototype-only synthetic acquisition record linked to a real Survey of India village boundary; not a government acquisition record.
SYN-ACQ-02420,SYN-PROJ-02420,CHHATTISGARH,Rajnandgaon,Ghumka,Bhendrawani,440765.0,Power Transmission,National Highways Act 1956,2.21,171,27,6,6,3,2,0,17945300,9578000,8367300,2469600,1209200,0.7784,GIS Verification,526,0.2193,0,SYNTHETIC_DEMO,Prototype-only synthetic acquisition record linked to a real Survey of India village boundary; not a government acquisition record.
SYN-ACQ-02421,SYN-PROJ-02421,CHHATTISGARH,Mahasamund,Basna,Pipalkhuta,445755.0,National Highway,RFCTLARR Act 2013,2.24,26,139,25,15,58,29,7,56680200,23812300,32867900,11092400,2887400,0.9953,Possession,698,0.4542,0,SYNTHETIC_DEMO,Prototype-only synthetic acquisition record linked to a real Survey of India village boundary; not a government acquisition record.
SYN-ACQ-02422,SYN-PROJ-02422,CHHATTISGARH,Mahasamund,Pithora,Remada Tukada,446457.0,Urban Infrastructure,Other applicable statute,61.03,112,35,18,18,12,5,2,268821200,268821200,0,9254400,5621900,0.7996,Possession,331,0.0693,0,SYNTHETIC_DEMO,Prototype-only synthetic acquisition record linked to a real Survey of India village boundary; not a government acquisition record.
SYN-ACQ-02423,SYN-PROJ-02423,CHHATTISGARH,Surguja,Lundra,Chalgali,433370.0,National Highway,Railways Act 1989,62.41,199,136,53,10,47,44,2,551878000,430700400,121177600,39800100,34242000,0.9081,Objection/Hearing,316,0.1376,0,SYNTHETIC_DEMO,Prototype-only synthetic acquisition record linked to a real Survey of India village boundary; not a government acquisition record.
SYN-ACQ-02424,SYN-PROJ-02424,CHHATTISGARH,Khairagarh-Chhuikhadan-Gandai,Salhewara,Lalkachar,440225.0,Railway,RFCTLARR Act 2013,37.46,155,74,29,7,10,5,1,321532000,180213100,141318800,9734300,6933500,0.715,Award,555,0.24,0,SYNTHETIC_DEMO,Prototype-only synthetic acquisition record linked to a real Survey of India village boundary; not a government acquisition record.
SYN-ACQ-02425,SYN-PROJ-02425,CHHATTISGARH,Bemetara,Thankhamariya,Shyampur Kapa,442230.0,National Highway,RFCTLARR Act 2013,40.74,204,28,2,2,9,5,0,344573500,260559500,84014000,1476000,1268000,0.5557,Compensation,516,0.2837,0,SYNTHETIC_DEMO,Prototype-only synthetic acquisition record linked to a real Survey of India village boundary; not a government acquisition record.
SYN-ACQ-02426,SYN-PROJ-02426,CHHATTISGARH,Surguja,Batouli,Maheshpur,433507.0,Industrial Corridor,Other applicable statute,15.83,108,74,2,2,24,10,0,65988800,29732000,36256900,347600,277100,0.947,GIS Verification,490,0.2474,0,SYNTHETIC_DEMO,Prototype-only synthetic acquisition record linked to a real Survey of India village boundary; not a government acquisition record.
SYN-ACQ-02427,SYN-PROJ-02427,CHHATTISGARH,Raigarh,Gharghoda,Bijari,434715.0,Irrigation,Railways Act 1989,50.57,167,122,38,37,8,5,0,354960300,213154100,141806100,29053200,24812400,0.6953,Compensation,528,0.4797,0,SYNTHETIC_DEMO,Prototype-only synthetic acquisition record linked to a real Survey of India village boundary; not a government acquisition record.
SYN-ACQ-02428,SYN-PROJ-02428,CHHATTISGARH,Dakshin Bastar Dantewada,Bade Bacheli,Nahadi,450269.0,Railway,Other applicable statute,26.23,115,108,43,36,4,2,0,247435200,115731200,131704000,29334200,8574100,0.6622,Scrutiny,364,0.2325,0,SYNTHETIC_DEMO,Prototype-only synthetic acquisition record linked to a real Survey of India village boundary; not a government acquisition record.
SYN-ACQ-02429,SYN-PROJ-02429,CHHATTISGARH,Balodabazar-Bhatapara,Tundara,Bareli,444085.0,Power Transmission,Railways Act 1989,20.43,38,113,52,28,37,33,4,222636500,189878300,32758200,38793900,22909600,0.6363,Possession,443,0.2354,0,SYNTHETIC_DEMO,Prototype-only synthetic acquisition record linked to a real Survey of India village boundary; not a government acquisition record.
SYN-ACQ-02430,SYN-PROJ-02430,CHHATTISGARH,Mohla-Manpur-Ambagarh Chouki,Khadgaon,Hathra,441376.0,National Highway,RFCTLARR Act 2013,61.19,123,98,25,3,43,27,2,423033500,329699500,93334000,15383500,15383500,0.8545,Completed,422,0.2605,0,SYNTHETIC_DEMO,Prototype-only synthetic acquisition record linked to a real Survey of India village boundary; not a government acquisition record.
SYN-ACQ-02431,SYN-PROJ-02431,CHHATTISGARH,Raigarh,Chhal,Auranara,434519.0,National Highway,RFCTLARR Act 2013,20.31,101,85,40,8,2,1,1,178211500,102514700,75696800,11859800,6847100,0.9553,Completed,316,0.1191,0,SYNTHETIC_DEMO,Prototype-only synthetic acquisition record linked to a real Survey of India village boundary; not a government acquisition record.
SYN-ACQ-02432,SYN-PROJ-02432,CHHATTISGARH,Dhamtari,Nagri,Selbahara,653782.0,Industrial Corridor,National Highways Act 1956,38.91,101,19,6,6,2,1,0,326517300,237261000,89256300,3196300,1898400,0.9787,Proposal,271,0.0447,0,SYNTHETIC_DEMO,Prototype-only synthetic acquisition record linked to a real Survey of India village boundary; not a government acquisition record.
SYN-ACQ-02433,SYN-PROJ-02433,CHHATTISGARH,Dhamtari,Belargaon,Aamgaon,447312.0,Power Transmission,Railways Act 1989,34.27,93,177,48,35,51,29,5,222664000,96174000,126490000,32673100,21731300,0.9464,Possession,354,0.1323,0,SYNTHETIC_DEMO,Prototype-only synthetic acquisition record linked to a real Survey of India village boundary; not a government acquisition record.
SYN-ACQ-02434,SYN-PROJ-02434,CHHATTISGARH,Bilaspur,Pachpedi,Binauri,438875.0,Power Transmission,Other applicable statute,28.32,28,80,18,18,6,4,1,106202000,88171100,18030900,8633600,4075500,0.6622,R&R,690,0.3143,0,SYNTHETIC_DEMO,Prototype-only synthetic acquisition record linked to a real Survey of India village boundary; not a government acquisition record.
SYN-ACQ-02435,SYN-PROJ-02435,CHHATTISGARH,Mungeli,Lalpur Thana,Kumhrauli,437871.0,Urban Infrastructure,Other applicable statute,33.76,3,16,6,6,8,6,1,307783300,238092200,69691100,1516600,989400,0.7928,Notification,481,0.2304,0,SYNTHETIC_DEMO,Prototype-only synthetic acquisition record linked to a real Survey of India village boundary; not a government acquisition record.
SYN-ACQ-02436,SYN-PROJ-02436,CHHATTISGARH,Mungeli,Lormi,Mohanpur,437675.0,National Highway,Other applicable statute,45.29,46,77,23,13,16,7,2,169767400,163554500,6212900,13966100,8973400,0.995,Compensation,204,0.0,0,SYNTHETIC_DEMO,Prototype-only synthetic acquisition record linked to a real Survey of India village boundary; not a government acquisition record.
SYN-ACQ-02437,SYN-PROJ-02437,CHHATTISGARH,Durg,Patan,Asoga,442767.0,Industrial Corridor,National Highways Act 1956,56.98,34,24,9,9,1,0,0,344761000,208297400,136463600,3136800,1832800,0.6779,Compensation,632,0.3074,0,SYNTHETIC_DEMO,Prototype-only synthetic acquisition record linked to a real Survey of India village boundary; not a government acquisition record.
SYN-ACQ-02438,SYN-PROJ-02438,CHHATTISGARH,Bilaspur,Belgahna,Tuluf,437917.0,Industrial Corridor,RFCTLARR Act 2013,23.09,36,110,12,12,7,3,0,142514200,112346500,30167600,3090400,2003100,0.794,Completed,426,0.0474,0,SYNTHETIC_DEMO,Prototype-only synthetic acquisition record linked to a real Survey of India village boundary; not a government acquisition record.
SYN-ACQ-02439,SYN-PROJ-02439,CHHATTISGARH,Gariyaband,Chhura,Pandripanigod,445341.0,Urban Infrastructure,National Highways Act 1956,17.57,3,79,29,26,2,1,0,151493400,112074400,39419000,7148500,5021900,0.9398,Objection/Hearing,397,0.2044,0,SYNTHETIC_DEMO,Prototype-only synthetic acquisition record linked to a real Survey of India village boundary; not a government acquisition record.
SYN-ACQ-02440,SYN-PROJ-02440,CHHATTISGARH,Jashpur,Kunkuri,Kunkuri (NP),804958.0,Power Transmission,Railways Act 1989,17.9,103,43,2,2,13,8,0,87666200,60296100,27370200,1419800,714500,0.771,Award,526,0.2672,0,SYNTHETIC_DEMO,Prototype-only synthetic acquisition record linked to a real Survey of India village boundary; not a government acquisition record.
SYN-ACQ-02441,SYN-PROJ-02441,CHHATTISGARH,Rajnandgaon,Dongargaon,Chhuikhadan,441185.0,Power Transmission,Railways Act 1989,69.5,6,51,10,10,8,4,1,328408200,191217400,137190700,6946700,3719200,0.7174,Notification,531,0.2811,0,SYNTHETIC_DEMO,Prototype-only synthetic acquisition record linked to a real Survey of India village boundary; not a government acquisition record.
SYN-ACQ-02442,SYN-PROJ-02442,CHHATTISGARH,Balodabazar-Bhatapara,Kasdol,Kharri,444019.0,Urban Infrastructure,Railways Act 1989,54.34,88,103,33,33,15,11,2,180875500,92944700,87930800,14672100,4578300,0.564,GIS Verification,435,0.2372,0,SYNTHETIC_DEMO,Prototype-only synthetic acquisition record linked to a real Survey of India village boundary; not a government acquisition record.
SYN-ACQ-02443,SYN-PROJ-02443,CHHATTISGARH,Mahasamund,Basna,Baigandih,445749.0,Railway,Other applicable statute,13.92,115,105,36,2,7,5,0,40752100,21512400,19239700,15941500,10276700,0.8067,Compensation,693,0.4766,0,SYNTHETIC_DEMO,Prototype-only synthetic acquisition record linked to a real Survey of India village boundary; not a government acquisition record.
SYN-ACQ-02444,SYN-PROJ-02444,CHHATTISGARH,Bilaspur,Masturi,Parsada,438782.0,Railway,RFCTLARR Act 2013,47.25,39,86,18,18,17,7,1,214869700,111301300,103568300,3046800,2421400,0.8141,Compensation,420,0.283,0,SYNTHETIC_DEMO,Prototype-only synthetic acquisition record linked to a real Survey of India village boundary; not a government acquisition record.
SYN-ACQ-02445,SYN-PROJ-02445,CHHATTISGARH,Uttar Bastar Kanker,Narharpur,Dabena,447916.0,Irrigation,RFCTLARR Act 2013,52.09,159,92,28,28,16,7,0,224996900,74828300,150168600,10811000,7133000,0.5798,Notification,825,0.5207,0,SYNTHETIC_DEMO,Prototype-only synthetic acquisition record linked to a real Survey of India village boundary; not a government acquisition record.
SYN-ACQ-02446,SYN-PROJ-02446,CHHATTISGARH,Balod,Daundi,Chikhalakasa (NP),802017.0,Railway,Railways Act 1989,39.42,161,120,42,31,9,5,1,243686000,176342900,67343100,10285300,514300,0.7381,Compensation,457,0.1901,0,SYNTHETIC_DEMO,Prototype-only synthetic acquisition record linked to a real Survey of India village boundary; not a government acquisition record.
SYN-ACQ-02447,SYN-PROJ-02447,CHHATTISGARH,Gariyaband,Mainpur,Gaurghat,445405.0,Irrigation,National Highways Act 1956,61.51,191,127,21,1,21,11,1,489226500,291562000,197664500,9626200,7049900,0.635,R&R,413,0.1097,0,SYNTHETIC_DEMO,Prototype-only synthetic acquisition record linked to a real Survey of India village boundary; not a government acquisition record.
SYN-ACQ-02448,SYN-PROJ-02448,CHHATTISGARH,Sukma,Konta,Virapuram,450489.0,Urban Infrastructure,Other applicable statute,36.55,147,50,9,9,1,0,0,360242700,232220100,128022700,5911500,2903600,0.7652,GIS Verification,401,0.0922,0,SYNTHETIC_DEMO,Prototype-only synthetic acquisition record linked to a real Survey of India village boundary; not a government acquisition record.
SYN-ACQ-02449,SYN-PROJ-02449,CHHATTISGARH,Bastar,Lohandiguda,Neganar,449199.0,Power Transmission,RFCTLARR Act 2013,39.2,208,156,27,3,45,33,8,341753500,260350300,81403200,9870300,5944900,0.58,Award,555,0.2762,0,SYNTHETIC_DEMO,Prototype-only synthetic acquisition record linked to a real Survey of India village boundary; not a government acquisition record.
SYN-ACQ-02450,SYN-PROJ-02450,CHHATTISGARH,Kondagaon,Kondagaon,Sitali,448669.0,Urban Infrastructure,Other applicable statute,47.7,167,51,5,5,9,5,1,157461300,129329700,28131600,1469800,1183500,0.9083,R&R,237,0.0285,0,SYNTHETIC_DEMO,Prototype-only synthetic acquisition record linked to a real Survey of India village boundary; not a government acquisition record.
SYN-ACQ-02451,SYN-PROJ-02451,CHHATTISGARH,Korba,Pasan,Matinkhas,436038.0,Irrigation,RFCTLARR Act 2013,26.11,123,104,25,0,7,6,3,187827800,59448900,128378900,21135200,21135200,0.6287,Notification,771,0.5919,1,SYNTHETIC_DEMO,Prototype-only synthetic acquisition record linked to a real Survey of India village boundary; not a government acquisition record.
SYN-ACQ-02452,SYN-PROJ-02452,CHHATTISGARH,Balodabazar-Bhatapara,Simga,Kachlon,443514.0,Industrial Corridor,RFCTLARR Act 2013,21.84,197,33,8,8,7,4,0,83601600,45515900,38085700,4202100,1466000,0.6506,Notification,571,0.4492,0,SYNTHETIC_DEMO,Prototype-only synthetic acquisition record linked to a real Survey of India village boundary; not a government acquisition record.
SYN-ACQ-02453,SYN-PROJ-02453,CHHATTISGARH,Balod,Balod,Dewar Bhat,443211.0,Power Transmission,National Highways Act 1956,59.56,20,53,14,14,13,10,0,410980400,296412000,114568400,11293500,5917500,0.602,Award,334,0.222,0,SYNTHETIC_DEMO,Prototype-only synthetic acquisition record linked to a real Survey of India village boundary; not a government acquisition record.
SYN-ACQ-02454,SYN-PROJ-02454,CHHATTISGARH,Durg,Durg,Durg (M.Corp.),442570.0,Irrigation,National Highways Act 1956,74.36,187,99,3,3,14,12,2,331986600,219848300,112138200,1956400,1845600,0.9789,Possession,451,0.0905,0,SYNTHETIC_DEMO,Prototype-only synthetic acquisition record linked to a real Survey of India village boundary; not a government acquisition record.
SYN-ACQ-02455,SYN-PROJ-02455,CHHATTISGARH,Balodabazar-Bhatapara,Palari,Sahda,443901.0,Irrigation,Railways Act 1989,41.21,88,144,24,24,23,21,0,249716500,197910100,51806400,10207700,6568800,0.5624,Possession,731,0.4226,0,SYNTHETIC_DEMO,Prototype-only synthetic acquisition record linked to a real Survey of India village boundary; not a government acquisition record.
SYN-ACQ-02456,SYN-PROJ-02456,CHHATTISGARH,Balodabazar-Bhatapara,Sonakhan,Barpani,444137.0,Railway,National Highways Act 1956,19.53,114,157,37,2,26,12,2,71273000,54429600,16843400,5581400,3976700,0.9591,Notification,499,0.3918,0,SYNTHETIC_DEMO,Prototype-only synthetic acquisition record linked to a real Survey of India village boundary; not a government acquisition record.
SYN-ACQ-02457,SYN-PROJ-02457,CHHATTISGARH,Dhamtari,Dhamtari,Bhanpuri,447022.0,Railway,RFCTLARR Act 2013,68.71,210,166,37,16,6,4,0,176846200,133230900,43615400,7744000,5731100,0.9486,Completed,249,0.1642,0,SYNTHETIC_DEMO,Prototype-only synthetic acquisition record linked to a real Survey of India village boundary; not a government acquisition record.
SYN-ACQ-02458,SYN-PROJ-02458,CHHATTISGARH,Bemetara,Darhi,Amcho,441899.0,Irrigation,Railways Act 1989,54.71,129,156,20,18,27,25,0,480098400,400711200,79387300,3491500,2774800,0.7537,Objection/Hearing,432,0.119,0,SYNTHETIC_DEMO,Prototype-only synthetic acquisition record linked to a real Survey of India village boundary; not a government acquisition record.
SYN-ACQ-02459,SYN-PROJ-02459,CHHATTISGARH,Kabeerdham,Kunda,Mahli,439959.0,Urban Infrastructure,Other applicable statute,62.31,90,86,4,4,10,5,2,319252500,160697800,158554700,1033800,983700,0.9167,Notification,451,0.2853,0,SYNTHETIC_DEMO,Prototype-only synthetic acquisition record linked to a real Survey of India village boundary; not a government acquisition record.
SYN-ACQ-02460,SYN-PROJ-02460,CHHATTISGARH,Balrampur-Ramanujganj,Daura-Kochali,Tarkakhand,431989.0,Power Transmission,Other applicable statute,47.11,160,16,9,9,2,1,0,202133600,159726900,42406800,3612600,1835300,0.6725,Compensation,303,0.1588,0,SYNTHETIC_DEMO,Prototype-only synthetic acquisition record linked to a real Survey of India village boundary; not a government acquisition record.
SYN-ACQ-02461,SYN-PROJ-02461,CHHATTISGARH,Rajnandgaon,Rajnandgaon,Jhuradabri,440767.0,Railway,Other applicable statute,30.39,214,58,4,4,11,9,0,142359900,89593600,52766300,3270400,2183100,0.7747,GIS Verification,565,0.2266,0,SYNTHETIC_DEMO,Prototype-only synthetic acquisition record linked to a real Survey of India village boundary; not a government acquisition record.
SYN-ACQ-02462,SYN-PROJ-02462,CHHATTISGARH,Sarangarh-Bilaigarh,Baramkela,Paikin,435711.0,Urban Infrastructure,RFCTLARR Act 2013,57.36,31,41,11,11,10,5,0,188598000,87285900,101312200,4985900,2584900,0.6486,Scrutiny,432,0.2273,0,SYNTHETIC_DEMO,Prototype-only synthetic acquisition record linked to a real Survey of India village boundary; not a government acquisition record.
SYN-ACQ-02463,SYN-PROJ-02463,CHHATTISGARH,Bijapur,Bhopalpattnam,Biramungi,450676.0,Power Transmission,Other applicable statute,65.45,178,92,39,13,27,17,7,492583100,185927400,306655700,15278600,11561000,0.9456,Notification,333,0.2337,0,SYNTHETIC_DEMO,Prototype-only synthetic acquisition record linked to a real Survey of India village boundary; not a government acquisition record.
SYN-ACQ-02464,SYN-PROJ-02464,CHHATTISGARH,Surguja,Batouli,Boda,433498.0,National Highway,Railways Act 1989,36.74,129,41,2,2,11,7,0,85841000,61463200,24377800,1236700,1103300,0.654,Objection/Hearing,465,0.2135,0,SYNTHETIC_DEMO,Prototype-only synthetic acquisition record linked to a real Survey of India village boundary; not a government acquisition record.
SYN-ACQ-02465,SYN-PROJ-02465,CHHATTISGARH,Rajnandgaon,Kumarda,Arai Kund,441056.0,Irrigation,Other applicable statute,48.6,17,135,60,10,46,31,0,471939100,332489500,139449600,39738700,20158500,0.6511,Scrutiny,378,0.1965,0,SYNTHETIC_DEMO,Prototype-only synthetic acquisition record linked to a real Survey of India village boundary; not a government acquisition record.
SYN-ACQ-02466,SYN-PROJ-02466,CHHATTISGARH,Jashpur,Kunkuri,FOREST,51.0,Industrial Corridor,RFCTLARR Act 2013,56.79,3,148,9,9,18,15,0,232585600,138758100,93827600,1689500,1598100,0.9362,Objection/Hearing,45,0.0,0,SYNTHETIC_DEMO,Prototype-only synthetic acquisition record linked to a real Survey of India village boundary; not a government acquisition record.
SYN-ACQ-02467,SYN-PROJ-02467,CHHATTISGARH,Kabeerdham,Bodla,Darai,439236.0,Railway,RFCTLARR Act 2013,1.78,160,156,31,30,9,8,1,34900300,31666400,3233900,16180500,9912000,0.6308,Scrutiny,433,0.2464,0,SYNTHETIC_DEMO,Prototype-only synthetic acquisition record linked to a real Survey of India village boundary; not a government acquisition record.
SYN-ACQ-02468,SYN-PROJ-02468,CHHATTISGARH,Bastar,Darbha,Dhudmaras,653785.0,Power Transmission,RFCTLARR Act 2013,72.12,147,178,80,3,23,13,1,216775800,138732400,78043500,22794100,12732800,0.6322,Possession,405,0.3012,0,SYNTHETIC_DEMO,Prototype-only synthetic acquisition record linked to a real Survey of India village boundary; not a government acquisition record.
SYN-ACQ-02469,SYN-PROJ-02469,CHHATTISGARH,Janjgir-Champa,Janjgir,Jarwe,436542.0,Urban Infrastructure,Railways Act 1989,9.37,6,120,58,5,29,17,4,121204700,91591400,29613300,32660000,20333400,0.9162,Award,590,0.3135,0,SYNTHETIC_DEMO,Prototype-only synthetic acquisition record linked to a real Survey of India village boundary; not a government acquisition record.
SYN-ACQ-02470,SYN-PROJ-02470,CHHATTISGARH,Uttar Bastar Kanker,Aamabeda,Budhakhursai,448139.0,Railway,RFCTLARR Act 2013,2.9,117,118,51,36,7,4,1,45423200,32221300,13201900,44132500,39539900,0.778,Possession,323,0.1876,0,SYNTHETIC_DEMO,Prototype-only synthetic acquisition record linked to a real Survey of India village boundary; not a government acquisition record.
SYN-ACQ-02471,SYN-PROJ-02471,CHHATTISGARH,Mungeli,Lalpur Thana,Guruwaindabri,437816.0,National Highway,National Highways Act 1956,2.5,52,19,7,7,5,3,0,17962700,17284000,678700,4086100,1873700,0.6657,Award,403,0.1522,0,SYNTHETIC_DEMO,Prototype-only synthetic acquisition record linked to a real Survey of India village boundary; not a government acquisition record.
SYN-ACQ-02472,SYN-PROJ-02472,CHHATTISGARH,Raipur,Arang,Chorbhatti,444465.0,National Highway,RFCTLARR Act 2013,32.08,54,79,14,14,1,0,0,306802300,175934700,130867600,6480400,1035700,0.8967,Objection/Hearing,435,0.2937,0,SYNTHETIC_DEMO,Prototype-only synthetic acquisition record linked to a real Survey of India village boundary; not a government acquisition record.
SYN-ACQ-02473,SYN-PROJ-02473,CHHATTISGARH,Rajnandgaon,Kumarda,Ban Nawagaon,441063.0,National Highway,National Highways Act 1956,13.26,148,13,2,2,1,0,0,52240000,37243700,14996200,380300,182300,0.7621,GIS Verification,447,0.2966,0,SYNTHETIC_DEMO,Prototype-only synthetic acquisition record linked to a real Survey of India village boundary; not a government acquisition record.
SYN-ACQ-02474,SYN-PROJ-02474,CHHATTISGARH,Balod,Gurur,Kaparmeta,443439.0,Railway,RFCTLARR Act 2013,17.49,187,11,4,4,4,3,0,87645200,52650700,34994500,3507100,3507100,0.6617,Proposal,476,0.4209,0,SYNTHETIC_DEMO,Prototype-only synthetic acquisition record linked to a real Survey of India village boundary; not a government acquisition record.
SYN-ACQ-02475,SYN-PROJ-02475,CHHATTISGARH,Korea,Sonhat,Rautsarai,431604.0,Urban Infrastructure,National Highways Act 1956,8.69,187,19,7,7,6,3,0,71838200,47112000,24726200,5286400,4131900,0.5962,Possession,490,0.2727,0,SYNTHETIC_DEMO,Prototype-only synthetic acquisition record linked to a real Survey of India village boundary; not a government acquisition record.
SYN-ACQ-02476,SYN-PROJ-02476,CHHATTISGARH,Balrampur-Ramanujganj,Chalgali,Budhadand,432160.0,Irrigation,Railways Act 1989,2.32,200,49,15,15,14,13,1,27289800,21655600,5634200,8726700,6555400,0.8467,Compensation,496,0.2962,0,SYNTHETIC_DEMO,Prototype-only synthetic acquisition record linked to a real Survey of India village boundary; not a government acquisition record.
SYN-ACQ-02477,SYN-PROJ-02477,CHHATTISGARH,Mungeli,Pathariya,Kukusada,438393.0,Urban Infrastructure,Railways Act 1989,30.7,81,5,1,1,0,0,0,109691300,109691300,0,692500,490600,0.9032,Completed,403,0.0866,0,SYNTHETIC_DEMO,Prototype-only synthetic acquisition record linked to a real Survey of India village boundary; not a government acquisition record.
SYN-ACQ-02478,SYN-PROJ-02478,CHHATTISGARH,Jashpur,Manora,FOREST,51.0,Industrial Corridor,National Highways Act 1956,14.07,58,153,10,10,13,7,3,121838600,81003100,40835500,1532400,968300,0.7775,Compensation,369,0.1138,0,SYNTHETIC_DEMO,Prototype-only synthetic acquisition record linked to a real Survey of India village boundary; not a government acquisition record.
SYN-ACQ-02479,SYN-PROJ-02479,CHHATTISGARH,Balod,Balod,Taroud,443154.0,National Highway,Railways Act 1989,6.32,7,59,26,22,7,5,0,73215200,23848500,49366700,19778200,8370800,0.8285,Compensation,570,0.2612,0,SYNTHETIC_DEMO,Prototype-only synthetic acquisition record linked to a real Survey of India village boundary; not a government acquisition record.
SYN-ACQ-02480,SYN-PROJ-02480,CHHATTISGARH,Dhamtari,Bhakhara,Silidih,446772.0,Industrial Corridor,Railways Act 1989,54.06,198,53,20,4,22,19,1,217038400,154913700,62124700,5231500,3901000,0.6294,Notification,449,0.3086,0,SYNTHETIC_DEMO,Prototype-only synthetic acquisition record linked to a real Survey of India village boundary; not a government acquisition record.
SYN-ACQ-02481,SYN-PROJ-02481,CHHATTISGARH,Kondagaon,Keshkal,Uparmurvend,448550.0,Railway,Railways Act 1989,63.32,199,95,29,29,15,9,0,258190900,167094800,91096100,15799700,5379600,0.6387,Notification,550,0.3234,0,SYNTHETIC_DEMO,Prototype-only synthetic acquisition record linked to a real Survey of India village boundary; not a government acquisition record.
SYN-ACQ-02482,SYN-PROJ-02482,CHHATTISGARH,Kondagaon,Kondagaon,Dahikonga,448784.0,Urban Infrastructure,Other applicable statute,74.23,51,137,45,13,20,18,1,290382200,237090100,53292100,36855000,20976400,0.6901,Possession,368,0.0,0,SYNTHETIC_DEMO,Prototype-only synthetic acquisition record linked to a real Survey of India village boundary; not a government acquisition record.
SYN-ACQ-02483,SYN-PROJ-02483,CHHATTISGARH,Korba,Poundi-Uproda,Bijhra,436130.0,Power Transmission,RFCTLARR Act 2013,21.85,183,174,57,6,56,35,2,221278800,174898600,46380300,45044800,35938000,0.8734,Compensation,231,0.285,0,SYNTHETIC_DEMO,Prototype-only synthetic acquisition record linked to a real Survey of India village boundary; not a government acquisition record.
SYN-ACQ-02484,SYN-PROJ-02484,CHHATTISGARH,Bastar,Darbha,FOREST,51.0,Industrial Corridor,Other applicable statute,53.66,103,96,20,20,20,18,2,139691800,102558300,37133400,4728900,1711800,0.8518,Proposal,572,0.2734,0,SYNTHETIC_DEMO,Prototype-only synthetic acquisition record linked to a real Survey of India village boundary; not a government acquisition record.
SYN-ACQ-02485,SYN-PROJ-02485,CHHATTISGARH,Gaurela-Pendra-Marwahi,Sakola,FOREST,51.0,Urban Infrastructure,National Highways Act 1956,10.96,132,170,58,25,19,18,0,70103900,64249000,5854900,49559900,49559900,0.7274,Award,501,0.3088,0,SYNTHETIC_DEMO,Prototype-only synthetic acquisition record linked to a real Survey of India village boundary; not a government acquisition record.
SYN-ACQ-02486,SYN-PROJ-02486,CHHATTISGARH,Jashpur,Kansabel,Garaibandh,433762.0,Railway,Railways Act 1989,39.53,122,67,21,21,6,4,0,235693500,105708800,129984700,16563000,15594600,0.5992,Compensation,623,0.3664,0,SYNTHETIC_DEMO,Prototype-only synthetic acquisition record linked to a real Survey of India village boundary; not a government acquisition record.
SYN-ACQ-02487,SYN-PROJ-02487,CHHATTISGARH,Bilaspur,Sankari,Pali,438636.0,National Highway,Railways Act 1989,74.05,155,146,41,0,26,22,2,343543700,343543700,0,20563100,8695800,0.7993,Compensation,213,0.0142,0,SYNTHETIC_DEMO,Prototype-only synthetic acquisition record linked to a real Survey of India village boundary; not a government acquisition record.
SYN-ACQ-02488,SYN-PROJ-02488,CHHATTISGARH,Surajpur,Ramanujnagar,Saraipara,432861.0,Railway,National Highways Act 1956,50.42,200,55,16,16,4,3,0,408255700,287339600,120916100,3898000,3302100,0.582,Compensation,413,0.3283,0,SYNTHETIC_DEMO,Prototype-only synthetic acquisition record linked to a real Survey of India village boundary; not a government acquisition record.
SYN-ACQ-02489,SYN-PROJ-02489,CHHATTISGARH,Gariyaband,Amlipadar,Nawapara,445456.0,Railway,Railways Act 1989,16.91,31,14,4,2,2,1,0,50317700,33054200,17263500,1078900,400900,0.9132,Objection/Hearing,519,0.2542,0,SYNTHETIC_DEMO,Prototype-only synthetic acquisition record linked to a real Survey of India village boundary; not a government acquisition record.
SYN-ACQ-02490,SYN-PROJ-02490,CHHATTISGARH,Raigarh,Tamnar,FOREST,51.0,Irrigation,National Highways Act 1956,53.72,94,57,28,20,7,2,2,281093000,203688400,77404600,16973900,12119700,0.7094,Completed,473,0.3433,0,SYNTHETIC_DEMO,Prototype-only synthetic acquisition record linked to a real Survey of India village boundary; not a government acquisition record.
SYN-ACQ-02491,SYN-PROJ-02491,CHHATTISGARH,Surguja,Udaypur,Manpur,433219.0,Railway,Other applicable statute,13.25,144,106,28,28,17,13,0,161958700,85780700,76178000,5467600,4064500,0.8995,Compensation,296,0.0828,0,SYNTHETIC_DEMO,Prototype-only synthetic acquisition record linked to a real Survey of India village boundary; not a government acquisition record.
SYN-ACQ-02492,SYN-PROJ-02492,CHHATTISGARH,Balrampur-Ramanujganj,Shankargarh,Samudri,432482.0,Industrial Corridor,National Highways Act 1956,65.7,177,70,15,15,15,13,0,539361000,431074700,108286300,3592600,2706800,0.9774,R&R,242,0.0131,0,SYNTHETIC_DEMO,Prototype-only synthetic acquisition record linked to a real Survey of India village boundary; not a government acquisition record.
SYN-ACQ-02493,SYN-PROJ-02493,CHHATTISGARH,Rajnandgaon,Dongargarh,Dongargarh-Dhaara Reserve Forest,51.0,Irrigation,Other applicable statute,4.17,143,114,39,30,35,28,3,31566600,29456300,2110300,9082000,4839400,0.6762,Scrutiny,282,0.1565,0,SYNTHETIC_DEMO,Prototype-only synthetic acquisition record linked to a real Survey of India village boundary; not a government acquisition record.
SYN-ACQ-02494,SYN-PROJ-02494,CHHATTISGARH,Mungeli,Lormi,Chhaparwa,437905.0,Power Transmission,Other applicable statute,47.32,161,94,37,11,30,22,6,339982000,261119800,78862200,31777700,21678100,0.6473,Notification,657,0.3748,0,SYNTHETIC_DEMO,Prototype-only synthetic acquisition record linked to a real Survey of India village boundary; not a government acquisition record.
SYN-ACQ-02495,SYN-PROJ-02495,CHHATTISGARH,Korba,Dipka,Beltikri,435843.0,Irrigation,Railways Act 1989,54.06,162,51,23,23,3,1,0,342799700,342799700,0,4787500,2491900,0.9917,Notification,354,0.1685,0,SYNTHETIC_DEMO,Prototype-only synthetic acquisition record linked to a real Survey of India village boundary; not a government acquisition record.
SYN-ACQ-02496,SYN-PROJ-02496,CHHATTISGARH,Korba,Korba,Gahaniya,436323.0,Irrigation,National Highways Act 1956,74.2,173,90,41,12,23,16,0,513963500,304981300,208982200,31039400,13117800,0.753,Possession,428,0.3472,0,SYNTHETIC_DEMO,Prototype-only synthetic acquisition record linked to a real Survey of India village boundary; not a government acquisition record.
SYN-ACQ-02497,SYN-PROJ-02497,CHHATTISGARH,Durg,Durg,Bhilai Nagar (M.Corp.),802008.0,Urban Infrastructure,RFCTLARR Act 2013,7.65,209,107,22,22,26,15,2,44243500,20156900,24086600,6334900,4145200,0.7589,Scrutiny,411,0.2634,0,SYNTHETIC_DEMO,Prototype-only synthetic acquisition record linked to a real Survey of India village boundary; not a government acquisition record.
SYN-ACQ-02498,SYN-PROJ-02498,CHHATTISGARH,Gariyaband,Gariyaband,Kurrabahra,445153.0,Irrigation,National Highways Act 1956,57.97,102,166,6,6,37,29,0,254392100,185891200,68500900,2786800,2331700,0.8102,GIS Verification,397,0.2338,0,SYNTHETIC_DEMO,Prototype-only synthetic acquisition record linked to a real Survey of India village boundary; not a government acquisition record.
SYN-ACQ-02499,SYN-PROJ-02499,CHHATTISGARH,Raigarh,Pusour,Thengapali,435063.0,National Highway,Railways Act 1989,33.0,192,105,2,2,24,20,1,292921400,231852800,61068600,408000,192100,0.6365,Proposal,597,0.3864,0,SYNTHETIC_DEMO,Prototype-only synthetic acquisition record linked to a real Survey of India village boundary; not a government acquisition record.
SYN-ACQ-02500,SYN-PROJ-02500,CHHATTISGARH,Dhamtari,Dhamtari,Dangi Macha,447088.0,Industrial Corridor,RFCTLARR Act 2013,44.82,67,63,17,10,12,5,0,336196800,288594000,47602800,3445100,3010600,0.7555,Notification,355,0.1462,0,SYNTHETIC_DEMO,Prototype-only synthetic acquisition record linked to a real Survey of India village boundary; not a government acquisition record.
